{"level":"info","message":"⌛ Building environment","timeElapsed":131,"timestamp":"2024-05-23T01:11:41.516Z"}
{"level":"info","message":"onRequest - WORKSPACE_URI:file:///home/dodain/workspace/wollok-dev/wollok-workspace/migracion-proyectos/pacmanBasicGame","timestamp":"2024-05-23T01:11:41.518Z"}
{"level":"info","message":"onRequest - STRONG_FILES_CHANGED:/home/dodain/workspace/wollok-dev/wollok-workspace/migracion-proyectos/pacmanBasicGame/src/example.wlk,/home/dodain/workspace/wollok-dev/wollok-workspace/migracion-proyectos/pacmanBasicGame/src/program.wpgm","timestamp":"2024-05-23T01:11:45.066Z"}
{"level":"info","message":"Removing diagnostics from /home/dodain/workspace/wollok-dev/wollok-workspace/migracion-proyectos/pacmanBasicGame/src/example.wlk","timestamp":"2024-05-23T01:11:45.366Z"}
{"level":"info","message":"Removing diagnostics from /home/dodain/workspace/wollok-dev/wollok-workspace/migracion-proyectos/pacmanBasicGame/src/program.wpgm","timestamp":"2024-05-23T01:11:45.366Z"}
{"level":"info","message":"onRequest - WORKSPACE_URI:file:///home/dodain/workspace/wollok-dev/wollok-workspace/migracion-proyectos/pacmanBasicGame","timestamp":"2024-05-23T01:11:45.369Z"}
{"level":"info","message":"onRequest - STRONG_FILES_CHANGED:/home/dodain/workspace/wollok-dev/wollok-workspace/migracion-proyectos/pacmanBasicGame/src","timestamp":"2024-05-23T01:11:47.697Z"}
{"level":"info","message":"onRequest - WORKSPACE_URI:file:///home/dodain/workspace/wollok-dev/wollok-workspace/migracion-proyectos/pacmanBasicGame","timestamp":"2024-05-23T01:11:47.834Z"}
{"level":"info","message":"Removing diagnostics from /home/dodain/workspace/wollok-dev/wollok-workspace/migracion-proyectos/pacmanBasicGame/src","timestamp":"2024-05-23T01:11:47.952Z"}
{"level":"info","message":"onRequest - STRONG_FILES_CHANGED:/home/dodain/workspace/wollok-dev/wollok-workspace/migracion-proyectos/pacmanBasicGame/workflows","timestamp":"2024-05-23T01:14:12.114Z"}
{"level":"info","message":"onRequest - WORKSPACE_URI:file:///home/dodain/workspace/wollok-dev/wollok-workspace/migracion-proyectos/pacmanBasicGame","timestamp":"2024-05-23T01:14:12.338Z"}
{"level":"info","message":"Removing diagnostics from /home/dodain/workspace/wollok-dev/wollok-workspace/migracion-proyectos/pacmanBasicGame/workflows","timestamp":"2024-05-23T01:14:12.466Z"}
{"level":"info","message":"onRequest - STRONG_FILES_CHANGED:/home/dodain/workspace/wollok-dev/wollok-workspace/migracion-proyectos/pacmanBasicGame/program.wpgm","timestamp":"2024-05-23T01:14:27.808Z"}
{"level":"info","message":"Removing diagnostics from /home/dodain/workspace/wollok-dev/wollok-workspace/migracion-proyectos/pacmanBasicGame/program.wpgm","timestamp":"2024-05-23T01:14:28.186Z"}
{"level":"info","message":"onRequest - WORKSPACE_URI:file:///home/dodain/workspace/wollok-dev/wollok-workspace/migracion-proyectos/pacmanBasicGame","timestamp":"2024-05-23T01:14:28.186Z"}
{"exitCode":0,"level":"info","message":"👾 Game executed program.pacmanGame on /home/dodain/workspace/wollok-dev/wollok-workspace/migracion-proyectos/pacmanBasicGame","timeElapsed":180121,"timestamp":"2024-05-23T01:15:03.399Z"}
{"level":"error","message":"✘ Completions for node failed: Error: [If]{75a07d} at pgmProgram.wpgm:26 exhausted all cases without a match [If]{75a07d} at pgmProgram.wpgm:26 exhausted all cases without a match","stack":"Error: [If]{75a07d} at pgmProgram.wpgm:26 exhausted all cases without a match\n    at /home/dodain/.vscode/extensions/uqbar.wollok-lsp-ide-0.3.1/node_modules/wollok-ts/dist/extensions.js:85:11\n    at completionsForNode (/home/dodain/.vscode/extensions/uqbar.wollok-lsp-ide-0.3.1/server/out/functionalities/autocomplete/node-completion.js:10:44)\n    at completeForParent (/home/dodain/.vscode/extensions/uqbar.wollok-lsp-ide-0.3.1/server/out/functionalities/autocomplete/node-completion.js:50:43)\n    at completeBody (/home/dodain/.vscode/extensions/uqbar.wollok-lsp-ide-0.3.1/server/out/functionalities/autocomplete/node-completion.js:36:62)\n    at /home/dodain/.vscode/extensions/uqbar.wollok-lsp-ide-0.3.1/node_modules/wollok-ts/dist/extensions.js:84:20\n    at completionsForNode (/home/dodain/.vscode/extensions/uqbar.wollok-lsp-ide-0.3.1/server/out/functionalities/autocomplete/node-completion.js:10:44)\n    at completeForParent (/home/dodain/.vscode/extensions/uqbar.wollok-lsp-ide-0.3.1/server/out/functionalities/autocomplete/node-completion.js:50:43)\n    at completeReference (/home/dodain/.vscode/extensions/uqbar.wollok-lsp-ide-0.3.1/server/out/functionalities/autocomplete/node-completion.js:58:135)\n    at /home/dodain/.vscode/extensions/uqbar.wollok-lsp-ide-0.3.1/node_modules/wollok-ts/dist/extensions.js:84:20\n    at completionsForNode (/home/dodain/.vscode/extensions/uqbar.wollok-lsp-ide-0.3.1/server/out/functionalities/autocomplete/node-completion.js:10:44)","timestamp":"2024-05-23T01:15:47.388Z"}
{"level":"info","message":"onRequest - completionItem/resolve","timestamp":"2024-05-23T01:15:47.729Z"}
{"level":"info","message":"onRequest - completionItem/resolve","timestamp":"2024-05-23T01:15:47.868Z"}
{"level":"info","message":"onRequest - completionItem/resolve","timestamp":"2024-05-23T01:15:47.928Z"}
{"level":"info","message":"onRequest - completionItem/resolve","timestamp":"2024-05-23T01:15:48.077Z"}
{"level":"info","message":"onRequest - completionItem/resolve","timestamp":"2024-05-23T01:15:48.130Z"}
{"level":"info","message":"onRequest - completionItem/resolve","timestamp":"2024-05-23T01:15:48.638Z"}
{"level":"info","message":"onRequest - completionItem/resolve","timestamp":"2024-05-23T01:15:48.806Z"}
{"level":"info","message":"onRequest - completionItem/resolve","timestamp":"2024-05-23T01:15:50.083Z"}
{"level":"info","message":"onRequest - completionItem/resolve","timestamp":"2024-05-23T01:15:50.219Z"}
{"level":"info","message":"onRequest - completionItem/resolve","timestamp":"2024-05-23T01:15:50.280Z"}
{"level":"info","message":"onRequest - completionItem/resolve","timestamp":"2024-05-23T01:15:50.487Z"}
{"level":"info","message":"onRequest - completionItem/resolve","timestamp":"2024-05-23T01:15:50.583Z"}
{"level":"error","message":"✘ Completions for node failed: Error: [Send]{c6a794} at pgmProgram.wpgm:27 exhausted all cases without a match [Send]{c6a794} at pgmProgram.wpgm:27 exhausted all cases without a match","stack":"Error: [Send]{c6a794} at pgmProgram.wpgm:27 exhausted all cases without a match\n    at /home/dodain/.vscode/extensions/uqbar.wollok-lsp-ide-0.3.1/node_modules/wollok-ts/dist/extensions.js:85:11\n    at completionsForNode (/home/dodain/.vscode/extensions/uqbar.wollok-lsp-ide-0.3.1/server/out/functionalities/autocomplete/node-completion.js:10:44)\n    at /home/dodain/.vscode/extensions/uqbar.wollok-lsp-ide-0.3.1/server/out/functionalities/autocomplete/autocomplete.js:22:154\n    at /home/dodain/.vscode/extensions/uqbar.wollok-lsp-ide-0.3.1/server/out/server.js:198:20\n    at /home/dodain/.vscode/extensions/uqbar.wollok-lsp-ide-0.3.1/server/node_modules/vscode-languageserver/lib/common/server.js:593:20\n    at handleRequest (/home/dodain/.vscode/extensions/uqbar.wollok-lsp-ide-0.3.1/server/node_modules/vscode-jsonrpc/lib/common/connection.js:493:41)\n    at handleMessage (/home/dodain/.vscode/extensions/uqbar.wollok-lsp-ide-0.3.1/server/node_modules/vscode-jsonrpc/lib/common/connection.js:339:13)\n    at processMessageQueue (/home/dodain/.vscode/extensions/uqbar.wollok-lsp-ide-0.3.1/server/node_modules/vscode-jsonrpc/lib/common/connection.js:362:17)\n    at Immediate._onImmediate (/home/dodain/.vscode/extensions/uqbar.wollok-lsp-ide-0.3.1/server/node_modules/vscode-jsonrpc/lib/common/connection.js:334:13)\n    at process.processImmediate (node:internal/timers:476:21)","timestamp":"2024-05-23T01:16:04.656Z"}
{"level":"error","message":"✘ Completions for node failed: Error: [If]{e82b52} at pgmProgram.wpgm:26 exhausted all cases without a match [If]{e82b52} at pgmProgram.wpgm:26 exhausted all cases without a match","stack":"Error: [If]{e82b52} at pgmProgram.wpgm:26 exhausted all cases without a match\n    at /home/dodain/.vscode/extensions/uqbar.wollok-lsp-ide-0.3.1/node_modules/wollok-ts/dist/extensions.js:85:11\n    at completionsForNode (/home/dodain/.vscode/extensions/uqbar.wollok-lsp-ide-0.3.1/server/out/functionalities/autocomplete/node-completion.js:10:44)\n    at completeForParent (/home/dodain/.vscode/extensions/uqbar.wollok-lsp-ide-0.3.1/server/out/functionalities/autocomplete/node-completion.js:50:43)\n    at completeBody (/home/dodain/.vscode/extensions/uqbar.wollok-lsp-ide-0.3.1/server/out/functionalities/autocomplete/node-completion.js:36:62)\n    at /home/dodain/.vscode/extensions/uqbar.wollok-lsp-ide-0.3.1/node_modules/wollok-ts/dist/extensions.js:84:20\n    at completionsForNode (/home/dodain/.vscode/extensions/uqbar.wollok-lsp-ide-0.3.1/server/out/functionalities/autocomplete/node-completion.js:10:44)\n    at completeForParent (/home/dodain/.vscode/extensions/uqbar.wollok-lsp-ide-0.3.1/server/out/functionalities/autocomplete/node-completion.js:50:43)\n    at completionsForNode (/home/dodain/.vscode/extensions/uqbar.wollok-lsp-ide-0.3.1/server/out/functionalities/autocomplete/node-completion.js:14:46)\n    at /home/dodain/.vscode/extensions/uqbar.wollok-lsp-ide-0.3.1/server/out/functionalities/autocomplete/autocomplete.js:22:154\n    at /home/dodain/.vscode/extensions/uqbar.wollok-lsp-ide-0.3.1/server/out/server.js:198:20","timestamp":"2024-05-23T01:16:04.657Z"}
{"level":"info","message":"onRequest - completionItem/resolve","timestamp":"2024-05-23T01:16:04.733Z"}
{"level":"error","message":"✘ Completions for node failed: Error: [Send]{b79098} at pgmProgram.wpgm:27 exhausted all cases without a match [Send]{b79098} at pgmProgram.wpgm:27 exhausted all cases without a match","stack":"Error: [Send]{b79098} at pgmProgram.wpgm:27 exhausted all cases without a match\n    at /home/dodain/.vscode/extensions/uqbar.wollok-lsp-ide-0.3.1/node_modules/wollok-ts/dist/extensions.js:85:11\n    at completionsForNode (/home/dodain/.vscode/extensions/uqbar.wollok-lsp-ide-0.3.1/server/out/functionalities/autocomplete/node-completion.js:10:44)\n    at /home/dodain/.vscode/extensions/uqbar.wollok-lsp-ide-0.3.1/server/out/functionalities/autocomplete/autocomplete.js:22:154\n    at /home/dodain/.vscode/extensions/uqbar.wollok-lsp-ide-0.3.1/server/out/server.js:198:20\n    at /home/dodain/.vscode/extensions/uqbar.wollok-lsp-ide-0.3.1/server/node_modules/vscode-languageserver/lib/common/server.js:593:20\n    at handleRequest (/home/dodain/.vscode/extensions/uqbar.wollok-lsp-ide-0.3.1/server/node_modules/vscode-jsonrpc/lib/common/connection.js:493:41)\n    at handleMessage (/home/dodain/.vscode/extensions/uqbar.wollok-lsp-ide-0.3.1/server/node_modules/vscode-jsonrpc/lib/common/connection.js:339:13)\n    at processMessageQueue (/home/dodain/.vscode/extensions/uqbar.wollok-lsp-ide-0.3.1/server/node_modules/vscode-jsonrpc/lib/common/connection.js:362:17)\n    at Immediate._onImmediate (/home/dodain/.vscode/extensions/uqbar.wollok-lsp-ide-0.3.1/server/node_modules/vscode-jsonrpc/lib/common/connection.js:334:13)\n    at process.processImmediate (node:internal/timers:476:21)","timestamp":"2024-05-23T01:16:04.805Z"}
{"level":"error","message":"✘ Completions for node failed: Error: [If]{8d8913} at pgmProgram.wpgm:26 exhausted all cases without a match [If]{8d8913} at pgmProgram.wpgm:26 exhausted all cases without a match","stack":"Error: [If]{8d8913} at pgmProgram.wpgm:26 exhausted all cases without a match\n    at /home/dodain/.vscode/extensions/uqbar.wollok-lsp-ide-0.3.1/node_modules/wollok-ts/dist/extensions.js:85:11\n    at completionsForNode (/home/dodain/.vscode/extensions/uqbar.wollok-lsp-ide-0.3.1/server/out/functionalities/autocomplete/node-completion.js:10:44)\n    at completeForParent (/home/dodain/.vscode/extensions/uqbar.wollok-lsp-ide-0.3.1/server/out/functionalities/autocomplete/node-completion.js:50:43)\n    at completeBody (/home/dodain/.vscode/extensions/uqbar.wollok-lsp-ide-0.3.1/server/out/functionalities/autocomplete/node-completion.js:36:62)\n    at /home/dodain/.vscode/extensions/uqbar.wollok-lsp-ide-0.3.1/node_modules/wollok-ts/dist/extensions.js:84:20\n    at completionsForNode (/home/dodain/.vscode/extensions/uqbar.wollok-lsp-ide-0.3.1/server/out/functionalities/autocomplete/node-completion.js:10:44)\n    at completeForParent (/home/dodain/.vscode/extensions/uqbar.wollok-lsp-ide-0.3.1/server/out/functionalities/autocomplete/node-completion.js:50:43)\n    at completionsForNode (/home/dodain/.vscode/extensions/uqbar.wollok-lsp-ide-0.3.1/server/out/functionalities/autocomplete/node-completion.js:14:46)\n    at /home/dodain/.vscode/extensions/uqbar.wollok-lsp-ide-0.3.1/server/out/functionalities/autocomplete/autocomplete.js:22:154\n    at /home/dodain/.vscode/extensions/uqbar.wollok-lsp-ide-0.3.1/server/out/server.js:198:20","timestamp":"2024-05-23T01:16:04.805Z"}
{"level":"error","message":"✘ Completions for node failed: Error: [Send]{ee24a0} at pgmProgram.wpgm:27 exhausted all cases without a match [Send]{ee24a0} at pgmProgram.wpgm:27 exhausted all cases without a match","stack":"Error: [Send]{ee24a0} at pgmProgram.wpgm:27 exhausted all cases without a match\n    at /home/dodain/.vscode/extensions/uqbar.wollok-lsp-ide-0.3.1/node_modules/wollok-ts/dist/extensions.js:85:11\n    at completionsForNode (/home/dodain/.vscode/extensions/uqbar.wollok-lsp-ide-0.3.1/server/out/functionalities/autocomplete/node-completion.js:10:44)\n    at /home/dodain/.vscode/extensions/uqbar.wollok-lsp-ide-0.3.1/server/out/functionalities/autocomplete/autocomplete.js:22:154\n    at /home/dodain/.vscode/extensions/uqbar.wollok-lsp-ide-0.3.1/server/out/server.js:198:20\n    at /home/dodain/.vscode/extensions/uqbar.wollok-lsp-ide-0.3.1/server/node_modules/vscode-languageserver/lib/common/server.js:593:20\n    at handleRequest (/home/dodain/.vscode/extensions/uqbar.wollok-lsp-ide-0.3.1/server/node_modules/vscode-jsonrpc/lib/common/connection.js:493:41)\n    at handleMessage (/home/dodain/.vscode/extensions/uqbar.wollok-lsp-ide-0.3.1/server/node_modules/vscode-jsonrpc/lib/common/connection.js:339:13)\n    at processMessageQueue (/home/dodain/.vscode/extensions/uqbar.wollok-lsp-ide-0.3.1/server/node_modules/vscode-jsonrpc/lib/common/connection.js:362:17)\n    at Immediate._onImmediate (/home/dodain/.vscode/extensions/uqbar.wollok-lsp-ide-0.3.1/server/node_modules/vscode-jsonrpc/lib/common/connection.js:334:13)\n    at process.processImmediate (node:internal/timers:476:21)","timestamp":"2024-05-23T01:16:05.054Z"}
{"level":"error","message":"✘ Completions for node failed: Error: [If]{7bf30d} at pgmProgram.wpgm:26 exhausted all cases without a match [If]{7bf30d} at pgmProgram.wpgm:26 exhausted all cases without a match","stack":"Error: [If]{7bf30d} at pgmProgram.wpgm:26 exhausted all cases without a match\n    at /home/dodain/.vscode/extensions/uqbar.wollok-lsp-ide-0.3.1/node_modules/wollok-ts/dist/extensions.js:85:11\n    at completionsForNode (/home/dodain/.vscode/extensions/uqbar.wollok-lsp-ide-0.3.1/server/out/functionalities/autocomplete/node-completion.js:10:44)\n    at completeForParent (/home/dodain/.vscode/extensions/uqbar.wollok-lsp-ide-0.3.1/server/out/functionalities/autocomplete/node-completion.js:50:43)\n    at completeBody (/home/dodain/.vscode/extensions/uqbar.wollok-lsp-ide-0.3.1/server/out/functionalities/autocomplete/node-completion.js:36:62)\n    at /home/dodain/.vscode/extensions/uqbar.wollok-lsp-ide-0.3.1/node_modules/wollok-ts/dist/extensions.js:84:20\n    at completionsForNode (/home/dodain/.vscode/extensions/uqbar.wollok-lsp-ide-0.3.1/server/out/functionalities/autocomplete/node-completion.js:10:44)\n    at completeForParent (/home/dodain/.vscode/extensions/uqbar.wollok-lsp-ide-0.3.1/server/out/functionalities/autocomplete/node-completion.js:50:43)\n    at completionsForNode (/home/dodain/.vscode/extensions/uqbar.wollok-lsp-ide-0.3.1/server/out/functionalities/autocomplete/node-completion.js:14:46)\n    at /home/dodain/.vscode/extensions/uqbar.wollok-lsp-ide-0.3.1/server/out/functionalities/autocomplete/autocomplete.js:22:154\n    at /home/dodain/.vscode/extensions/uqbar.wollok-lsp-ide-0.3.1/server/out/server.js:198:20","timestamp":"2024-05-23T01:16:05.055Z"}
{"level":"error","message":"✘ Completions for node failed: Error: [Send]{c0660d} at pgmProgram.wpgm:27 exhausted all cases without a match [Send]{c0660d} at pgmProgram.wpgm:27 exhausted all cases without a match","stack":"Error: [Send]{c0660d} at pgmProgram.wpgm:27 exhausted all cases without a match\n    at /home/dodain/.vscode/extensions/uqbar.wollok-lsp-ide-0.3.1/node_modules/wollok-ts/dist/extensions.js:85:11\n    at completionsForNode (/home/dodain/.vscode/extensions/uqbar.wollok-lsp-ide-0.3.1/server/out/functionalities/autocomplete/node-completion.js:10:44)\n    at completeForParent (/home/dodain/.vscode/extensions/uqbar.wollok-lsp-ide-0.3.1/server/out/functionalities/autocomplete/node-completion.js:50:43)\n    at completeReference (/home/dodain/.vscode/extensions/uqbar.wollok-lsp-ide-0.3.1/server/out/functionalities/autocomplete/node-completion.js:58:135)\n    at /home/dodain/.vscode/extensions/uqbar.wollok-lsp-ide-0.3.1/node_modules/wollok-ts/dist/extensions.js:84:20\n    at completionsForNode (/home/dodain/.vscode/extensions/uqbar.wollok-lsp-ide-0.3.1/server/out/functionalities/autocomplete/node-completion.js:10:44)\n    at /home/dodain/.vscode/extensions/uqbar.wollok-lsp-ide-0.3.1/server/out/functionalities/autocomplete/autocomplete.js:22:154\n    at /home/dodain/.vscode/extensions/uqbar.wollok-lsp-ide-0.3.1/server/out/server.js:198:20\n    at /home/dodain/.vscode/extensions/uqbar.wollok-lsp-ide-0.3.1/server/node_modules/vscode-languageserver/lib/common/server.js:593:20\n    at handleRequest (/home/dodain/.vscode/extensions/uqbar.wollok-lsp-ide-0.3.1/server/node_modules/vscode-jsonrpc/lib/common/connection.js:493:41)","timestamp":"2024-05-23T01:16:08.067Z"}
{"level":"error","message":"✘ Completions for node failed: Error: [If]{47d252} at pgmProgram.wpgm:26 exhausted all cases without a match [If]{47d252} at pgmProgram.wpgm:26 exhausted all cases without a match","stack":"Error: [If]{47d252} at pgmProgram.wpgm:26 exhausted all cases without a match\n    at /home/dodain/.vscode/extensions/uqbar.wollok-lsp-ide-0.3.1/node_modules/wollok-ts/dist/extensions.js:85:11\n    at completionsForNode (/home/dodain/.vscode/extensions/uqbar.wollok-lsp-ide-0.3.1/server/out/functionalities/autocomplete/node-completion.js:10:44)\n    at completeForParent (/home/dodain/.vscode/extensions/uqbar.wollok-lsp-ide-0.3.1/server/out/functionalities/autocomplete/node-completion.js:50:43)\n    at completeBody (/home/dodain/.vscode/extensions/uqbar.wollok-lsp-ide-0.3.1/server/out/functionalities/autocomplete/node-completion.js:36:62)\n    at /home/dodain/.vscode/extensions/uqbar.wollok-lsp-ide-0.3.1/node_modules/wollok-ts/dist/extensions.js:84:20\n    at completionsForNode (/home/dodain/.vscode/extensions/uqbar.wollok-lsp-ide-0.3.1/server/out/functionalities/autocomplete/node-completion.js:10:44)\n    at completeForParent (/home/dodain/.vscode/extensions/uqbar.wollok-lsp-ide-0.3.1/server/out/functionalities/autocomplete/node-completion.js:50:43)\n    at completionsForNode (/home/dodain/.vscode/extensions/uqbar.wollok-lsp-ide-0.3.1/server/out/functionalities/autocomplete/node-completion.js:14:46)\n    at completeForParent (/home/dodain/.vscode/extensions/uqbar.wollok-lsp-ide-0.3.1/server/out/functionalities/autocomplete/node-completion.js:50:43)\n    at completeReference (/home/dodain/.vscode/extensions/uqbar.wollok-lsp-ide-0.3.1/server/out/functionalities/autocomplete/node-completion.js:58:135)","timestamp":"2024-05-23T01:16:08.068Z"}
{"level":"info","message":"onRequest - completionItem/resolve","timestamp":"2024-05-23T01:16:08.198Z"}
{"level":"info","message":"onRequest - completionItem/resolve","timestamp":"2024-05-23T01:16:08.295Z"}
{"level":"info","message":"onRequest - completionItem/resolve","timestamp":"2024-05-23T01:16:08.628Z"}
{"level":"error","message":"✘ Completions for node failed: Error: [If]{22ecfe} at pgmProgram.wpgm:26 exhausted all cases without a match [If]{22ecfe} at pgmProgram.wpgm:26 exhausted all cases without a match","stack":"Error: [If]{22ecfe} at pgmProgram.wpgm:26 exhausted all cases without a match\n    at /home/dodain/.vscode/extensions/uqbar.wollok-lsp-ide-0.3.1/node_modules/wollok-ts/dist/extensions.js:85:11\n    at completionsForNode (/home/dodain/.vscode/extensions/uqbar.wollok-lsp-ide-0.3.1/server/out/functionalities/autocomplete/node-completion.js:10:44)\n    at completeForParent (/home/dodain/.vscode/extensions/uqbar.wollok-lsp-ide-0.3.1/server/out/functionalities/autocomplete/node-completion.js:50:43)\n    at completeBody (/home/dodain/.vscode/extensions/uqbar.wollok-lsp-ide-0.3.1/server/out/functionalities/autocomplete/node-completion.js:36:62)\n    at /home/dodain/.vscode/extensions/uqbar.wollok-lsp-ide-0.3.1/node_modules/wollok-ts/dist/extensions.js:84:20\n    at completionsForNode (/home/dodain/.vscode/extensions/uqbar.wollok-lsp-ide-0.3.1/server/out/functionalities/autocomplete/node-completion.js:10:44)\n    at /home/dodain/.vscode/extensions/uqbar.wollok-lsp-ide-0.3.1/server/out/functionalities/autocomplete/autocomplete.js:22:154\n    at /home/dodain/.vscode/extensions/uqbar.wollok-lsp-ide-0.3.1/server/out/server.js:198:20\n    at /home/dodain/.vscode/extensions/uqbar.wollok-lsp-ide-0.3.1/server/node_modules/vscode-languageserver/lib/common/server.js:593:20\n    at handleRequest (/home/dodain/.vscode/extensions/uqbar.wollok-lsp-ide-0.3.1/server/node_modules/vscode-jsonrpc/lib/common/connection.js:493:41)","timestamp":"2024-05-23T01:16:09.802Z"}
{"level":"info","message":"onRequest - completionItem/resolve","timestamp":"2024-05-23T01:16:09.872Z"}
{"level":"info","message":"onRequest - completionItem/resolve","timestamp":"2024-05-23T01:16:09.923Z"}
{"level":"info","message":"onRequest - completionItem/resolve","timestamp":"2024-05-23T01:16:09.980Z"}
{"level":"info","message":"onRequest - completionItem/resolve","timestamp":"2024-05-23T01:16:10.276Z"}
{"level":"info","message":"onRequest - completionItem/resolve","timestamp":"2024-05-23T01:16:10.337Z"}
{"level":"info","message":"onRequest - completionItem/resolve","timestamp":"2024-05-23T01:16:10.390Z"}
{"exitCode":"SIGHUP","level":"info","message":"👾 Game executed pgmProgram.pacmanGame on /home/dodain/workspace/wollok-dev/wollok-workspace/migracion-proyectos/pacmanBasicGame","timeElapsed":63183,"timestamp":"2024-05-23T01:16:23.909Z"}
{"exitCode":0,"level":"info","message":"👾 Game executed pgmProgram.pacmanGame on /home/dodain/workspace/wollok-dev/wollok-workspace/migracion-proyectos/pacmanBasicGame","timeElapsed":9741,"timestamp":"2024-05-23T01:16:37.092Z"}
{"level":"error","message":"✘ Completions for node failed: Error: [If]{2c8726} at pgmProgram.wpgm:27 exhausted all cases without a match [If]{2c8726} at pgmProgram.wpgm:27 exhausted all cases without a match","stack":"Error: [If]{2c8726} at pgmProgram.wpgm:27 exhausted all cases without a match\n    at /home/dodain/.vscode/extensions/uqbar.wollok-lsp-ide-0.3.1/node_modules/wollok-ts/dist/extensions.js:85:11\n    at completionsForNode (/home/dodain/.vscode/extensions/uqbar.wollok-lsp-ide-0.3.1/server/out/functionalities/autocomplete/node-completion.js:10:44)\n    at completeForParent (/home/dodain/.vscode/extensions/uqbar.wollok-lsp-ide-0.3.1/server/out/functionalities/autocomplete/node-completion.js:50:43)\n    at completeBody (/home/dodain/.vscode/extensions/uqbar.wollok-lsp-ide-0.3.1/server/out/functionalities/autocomplete/node-completion.js:36:62)\n    at /home/dodain/.vscode/extensions/uqbar.wollok-lsp-ide-0.3.1/node_modules/wollok-ts/dist/extensions.js:84:20\n    at completionsForNode (/home/dodain/.vscode/extensions/uqbar.wollok-lsp-ide-0.3.1/server/out/functionalities/autocomplete/node-completion.js:10:44)\n    at completeForParent (/home/dodain/.vscode/extensions/uqbar.wollok-lsp-ide-0.3.1/server/out/functionalities/autocomplete/node-completion.js:50:43)\n    at completeReference (/home/dodain/.vscode/extensions/uqbar.wollok-lsp-ide-0.3.1/server/out/functionalities/autocomplete/node-completion.js:58:135)\n    at /home/dodain/.vscode/extensions/uqbar.wollok-lsp-ide-0.3.1/node_modules/wollok-ts/dist/extensions.js:84:20\n    at completionsForNode (/home/dodain/.vscode/extensions/uqbar.wollok-lsp-ide-0.3.1/server/out/functionalities/autocomplete/node-completion.js:10:44)","timestamp":"2024-05-23T01:16:55.021Z"}
{"level":"info","message":"onRequest - completionItem/resolve","timestamp":"2024-05-23T01:16:55.213Z"}
{"level":"info","message":"onRequest - completionItem/resolve","timestamp":"2024-05-23T01:16:55.299Z"}
{"level":"info","message":"onRequest - completionItem/resolve","timestamp":"2024-05-23T01:16:55.388Z"}
{"level":"info","message":"onRequest - completionItem/resolve","timestamp":"2024-05-23T01:16:55.442Z"}
{"level":"info","message":"onRequest - completionItem/resolve","timestamp":"2024-05-23T01:16:55.805Z"}
{"level":"info","message":"onRequest - completionItem/resolve","timestamp":"2024-05-23T01:16:56.393Z"}
{"level":"info","message":"onRequest - completionItem/resolve","timestamp":"2024-05-23T01:16:56.725Z"}
{"level":"info","message":"onRequest - completionItem/resolve","timestamp":"2024-05-23T01:16:56.865Z"}
{"level":"info","message":"onRequest - completionItem/resolve","timestamp":"2024-05-23T01:16:57.364Z"}
{"level":"info","message":"onRequest - completionItem/resolve","timestamp":"2024-05-23T01:16:57.394Z"}
{"level":"info","message":"onRequest - completionItem/resolve","timestamp":"2024-05-23T01:16:57.424Z"}
{"level":"info","message":"onRequest - completionItem/resolve","timestamp":"2024-05-23T01:16:57.456Z"}
{"level":"info","message":"onRequest - completionItem/resolve","timestamp":"2024-05-23T01:16:57.487Z"}
{"level":"info","message":"onRequest - completionItem/resolve","timestamp":"2024-05-23T01:16:57.518Z"}
{"level":"info","message":"onRequest - completionItem/resolve","timestamp":"2024-05-23T01:16:57.548Z"}
{"level":"info","message":"onRequest - completionItem/resolve","timestamp":"2024-05-23T01:16:57.579Z"}
{"level":"info","message":"onRequest - completionItem/resolve","timestamp":"2024-05-23T01:16:57.610Z"}
{"level":"info","message":"onRequest - completionItem/resolve","timestamp":"2024-05-23T01:16:57.641Z"}
{"level":"info","message":"onRequest - completionItem/resolve","timestamp":"2024-05-23T01:16:57.672Z"}
{"level":"info","message":"onRequest - completionItem/resolve","timestamp":"2024-05-23T01:16:57.701Z"}
{"level":"info","message":"onRequest - completionItem/resolve","timestamp":"2024-05-23T01:16:57.731Z"}
{"level":"info","message":"onRequest - completionItem/resolve","timestamp":"2024-05-23T01:16:57.910Z"}
{"level":"info","message":"onRequest - completionItem/resolve","timestamp":"2024-05-23T01:16:58.095Z"}
{"level":"info","message":"onRequest - completionItem/resolve","timestamp":"2024-05-23T01:16:58.246Z"}
{"level":"info","message":"onRequest - completionItem/resolve","timestamp":"2024-05-23T01:16:58.420Z"}
{"level":"info","message":"onRequest - completionItem/resolve","timestamp":"2024-05-23T01:16:59.561Z"}
{"level":"info","message":"onRequest - completionItem/resolve","timestamp":"2024-05-23T01:16:59.722Z"}
{"level":"info","message":"onRequest - completionItem/resolve","timestamp":"2024-05-23T01:16:59.890Z"}
{"level":"info","message":"onRequest - completionItem/resolve","timestamp":"2024-05-23T01:17:03.107Z"}
{"level":"info","message":"onRequest - completionItem/resolve","timestamp":"2024-05-23T01:17:03.278Z"}
{"level":"info","message":"onRequest - completionItem/resolve","timestamp":"2024-05-23T01:17:03.444Z"}
{"level":"info","message":"onRequest - completionItem/resolve","timestamp":"2024-05-23T01:17:03.613Z"}
{"level":"info","message":"onRequest - completionItem/resolve","timestamp":"2024-05-23T01:17:03.785Z"}
{"level":"info","message":"onRequest - completionItem/resolve","timestamp":"2024-05-23T01:17:03.956Z"}
{"level":"info","message":"onRequest - completionItem/resolve","timestamp":"2024-05-23T01:17:04.125Z"}
{"level":"info","message":"onRequest - completionItem/resolve","timestamp":"2024-05-23T01:17:04.298Z"}
{"level":"info","message":"onRequest - completionItem/resolve","timestamp":"2024-05-23T01:17:04.464Z"}
{"level":"info","message":"onRequest - completionItem/resolve","timestamp":"2024-05-23T01:17:04.645Z"}
{"level":"info","message":"onRequest - completionItem/resolve","timestamp":"2024-05-23T01:17:04.811Z"}
{"level":"info","message":"onRequest - completionItem/resolve","timestamp":"2024-05-23T01:17:05.007Z"}
{"level":"info","message":"onRequest - completionItem/resolve","timestamp":"2024-05-23T01:17:05.176Z"}
{"level":"info","message":"onRequest - completionItem/resolve","timestamp":"2024-05-23T01:17:05.338Z"}
{"level":"info","message":"onRequest - completionItem/resolve","timestamp":"2024-05-23T01:17:05.510Z"}
{"level":"info","message":"onRequest - completionItem/resolve","timestamp":"2024-05-23T01:17:05.686Z"}
{"level":"info","message":"onRequest - completionItem/resolve","timestamp":"2024-05-23T01:17:05.857Z"}
{"level":"info","message":"onRequest - completionItem/resolve","timestamp":"2024-05-23T01:17:06.029Z"}
{"level":"info","message":"onRequest - completionItem/resolve","timestamp":"2024-05-23T01:17:06.203Z"}
{"level":"info","message":"onRequest - completionItem/resolve","timestamp":"2024-05-23T01:17:06.387Z"}
{"level":"info","message":"onRequest - completionItem/resolve","timestamp":"2024-05-23T01:17:06.568Z"}
{"level":"info","message":"onRequest - completionItem/resolve","timestamp":"2024-05-23T01:17:06.755Z"}
{"level":"info","message":"onRequest - completionItem/resolve","timestamp":"2024-05-23T01:17:06.963Z"}
{"level":"info","message":"onRequest - completionItem/resolve","timestamp":"2024-05-23T01:17:07.168Z"}
{"level":"info","message":"onRequest - completionItem/resolve","timestamp":"2024-05-23T01:17:07.387Z"}
{"level":"info","message":"onRequest - completionItem/resolve","timestamp":"2024-05-23T01:17:07.542Z"}
{"level":"info","message":"onRequest - completionItem/resolve","timestamp":"2024-05-23T01:17:08.042Z"}
{"level":"info","message":"onRequest - completionItem/resolve","timestamp":"2024-05-23T01:17:08.073Z"}
{"level":"info","message":"onRequest - completionItem/resolve","timestamp":"2024-05-23T01:17:08.105Z"}
{"level":"info","message":"onRequest - completionItem/resolve","timestamp":"2024-05-23T01:17:08.136Z"}
{"level":"info","message":"onRequest - completionItem/resolve","timestamp":"2024-05-23T01:17:08.166Z"}
{"level":"info","message":"onRequest - completionItem/resolve","timestamp":"2024-05-23T01:17:08.195Z"}
{"level":"info","message":"onRequest - completionItem/resolve","timestamp":"2024-05-23T01:17:08.224Z"}
{"level":"info","message":"onRequest - completionItem/resolve","timestamp":"2024-05-23T01:17:08.266Z"}
{"level":"info","message":"onRequest - completionItem/resolve","timestamp":"2024-05-23T01:17:08.287Z"}
{"level":"info","message":"onRequest - completionItem/resolve","timestamp":"2024-05-23T01:17:08.316Z"}
{"level":"info","message":"onRequest - completionItem/resolve","timestamp":"2024-05-23T01:17:08.349Z"}
{"level":"info","message":"onRequest - completionItem/resolve","timestamp":"2024-05-23T01:17:08.376Z"}
{"level":"info","message":"onRequest - completionItem/resolve","timestamp":"2024-05-23T01:17:08.407Z"}
{"level":"info","message":"onRequest - completionItem/resolve","timestamp":"2024-05-23T01:17:08.440Z"}
{"level":"info","message":"onRequest - completionItem/resolve","timestamp":"2024-05-23T01:17:08.470Z"}
{"level":"info","message":"onRequest - completionItem/resolve","timestamp":"2024-05-23T01:17:08.501Z"}
{"level":"info","message":"onRequest - completionItem/resolve","timestamp":"2024-05-23T01:17:08.530Z"}
{"level":"info","message":"onRequest - completionItem/resolve","timestamp":"2024-05-23T01:17:08.560Z"}
{"level":"info","message":"onRequest - completionItem/resolve","timestamp":"2024-05-23T01:17:08.824Z"}
{"level":"info","message":"onRequest - completionItem/resolve","timestamp":"2024-05-23T01:17:09.696Z"}
{"level":"info","message":"onRequest - completionItem/resolve","timestamp":"2024-05-23T01:17:10.197Z"}
{"level":"info","message":"onRequest - completionItem/resolve","timestamp":"2024-05-23T01:17:10.226Z"}
{"level":"info","message":"onRequest - completionItem/resolve","timestamp":"2024-05-23T01:17:10.256Z"}
{"level":"info","message":"onRequest - completionItem/resolve","timestamp":"2024-05-23T01:17:10.285Z"}
{"level":"info","message":"onRequest - completionItem/resolve","timestamp":"2024-05-23T01:17:10.316Z"}
{"level":"info","message":"onRequest - completionItem/resolve","timestamp":"2024-05-23T01:17:10.347Z"}
{"level":"info","message":"onRequest - completionItem/resolve","timestamp":"2024-05-23T01:17:10.376Z"}
{"level":"info","message":"onRequest - completionItem/resolve","timestamp":"2024-05-23T01:17:10.740Z"}
{"level":"info","message":"onRequest - completionItem/resolve","timestamp":"2024-05-23T01:17:10.876Z"}
{"level":"info","message":"onRequest - completionItem/resolve","timestamp":"2024-05-23T01:17:11.396Z"}
{"level":"info","message":"onRequest - completionItem/resolve","timestamp":"2024-05-23T01:17:11.896Z"}
{"level":"info","message":"onRequest - completionItem/resolve","timestamp":"2024-05-23T01:17:11.927Z"}
{"level":"info","message":"onRequest - completionItem/resolve","timestamp":"2024-05-23T01:17:11.957Z"}
{"level":"info","message":"onRequest - completionItem/resolve","timestamp":"2024-05-23T01:17:11.988Z"}
{"level":"info","message":"onRequest - completionItem/resolve","timestamp":"2024-05-23T01:17:12.019Z"}
{"level":"info","message":"onRequest - completionItem/resolve","timestamp":"2024-05-23T01:17:12.055Z"}
{"level":"info","message":"onRequest - completionItem/resolve","timestamp":"2024-05-23T01:17:12.078Z"}
{"level":"info","message":"onRequest - completionItem/resolve","timestamp":"2024-05-23T01:17:12.109Z"}
{"level":"info","message":"onRequest - completionItem/resolve","timestamp":"2024-05-23T01:17:12.142Z"}
{"level":"info","message":"onRequest - completionItem/resolve","timestamp":"2024-05-23T01:17:12.172Z"}
{"level":"info","message":"onRequest - completionItem/resolve","timestamp":"2024-05-23T01:17:12.203Z"}
{"level":"info","message":"onRequest - completionItem/resolve","timestamp":"2024-05-23T01:17:12.234Z"}
{"level":"info","message":"onRequest - completionItem/resolve","timestamp":"2024-05-23T01:17:12.264Z"}
{"level":"info","message":"onRequest - completionItem/resolve","timestamp":"2024-05-23T01:17:12.294Z"}
{"level":"info","message":"onRequest - completionItem/resolve","timestamp":"2024-05-23T01:17:12.323Z"}
{"level":"info","message":"onRequest - completionItem/resolve","timestamp":"2024-05-23T01:17:12.373Z"}
{"level":"info","message":"onRequest - completionItem/resolve","timestamp":"2024-05-23T01:17:12.383Z"}
{"level":"info","message":"onRequest - completionItem/resolve","timestamp":"2024-05-23T01:17:12.414Z"}
{"level":"info","message":"onRequest - completionItem/resolve","timestamp":"2024-05-23T01:17:12.445Z"}
{"level":"info","message":"onRequest - completionItem/resolve","timestamp":"2024-05-23T01:17:12.476Z"}
{"level":"info","message":"onRequest - completionItem/resolve","timestamp":"2024-05-23T01:17:12.506Z"}
{"level":"info","message":"onRequest - completionItem/resolve","timestamp":"2024-05-23T01:17:12.537Z"}
{"level":"info","message":"onRequest - completionItem/resolve","timestamp":"2024-05-23T01:17:12.575Z"}
{"level":"info","message":"onRequest - completionItem/resolve","timestamp":"2024-05-23T01:17:12.596Z"}
{"level":"info","message":"onRequest - completionItem/resolve","timestamp":"2024-05-23T01:17:12.635Z"}
{"level":"info","message":"onRequest - completionItem/resolve","timestamp":"2024-05-23T01:17:12.672Z"}
{"level":"info","message":"onRequest - completionItem/resolve","timestamp":"2024-05-23T01:17:12.710Z"}
{"level":"info","message":"onRequest - completionItem/resolve","timestamp":"2024-05-23T01:17:12.719Z"}
{"level":"info","message":"onRequest - completionItem/resolve","timestamp":"2024-05-23T01:17:12.750Z"}
{"level":"info","message":"onRequest - completionItem/resolve","timestamp":"2024-05-23T01:17:12.787Z"}
{"level":"info","message":"onRequest - completionItem/resolve","timestamp":"2024-05-23T01:17:12.811Z"}
{"level":"info","message":"onRequest - completionItem/resolve","timestamp":"2024-05-23T01:17:12.997Z"}
{"level":"info","message":"onRequest - completionItem/resolve","timestamp":"2024-05-23T01:17:13.498Z"}
{"level":"info","message":"onRequest - completionItem/resolve","timestamp":"2024-05-23T01:17:13.527Z"}
{"level":"info","message":"onRequest - completionItem/resolve","timestamp":"2024-05-23T01:17:13.558Z"}
{"level":"info","message":"onRequest - completionItem/resolve","timestamp":"2024-05-23T01:17:13.588Z"}
{"level":"info","message":"onRequest - completionItem/resolve","timestamp":"2024-05-23T01:17:13.618Z"}
{"level":"info","message":"onRequest - completionItem/resolve","timestamp":"2024-05-23T01:17:13.650Z"}
{"level":"info","message":"onRequest - completionItem/resolve","timestamp":"2024-05-23T01:17:13.679Z"}
{"level":"info","message":"onRequest - completionItem/resolve","timestamp":"2024-05-23T01:17:13.708Z"}
{"level":"info","message":"onRequest - completionItem/resolve","timestamp":"2024-05-23T01:17:13.739Z"}
{"level":"info","message":"onRequest - completionItem/resolve","timestamp":"2024-05-23T01:17:13.770Z"}
{"level":"info","message":"onRequest - completionItem/resolve","timestamp":"2024-05-23T01:17:13.801Z"}
{"level":"info","message":"onRequest - completionItem/resolve","timestamp":"2024-05-23T01:17:13.832Z"}
{"level":"info","message":"onRequest - completionItem/resolve","timestamp":"2024-05-23T01:17:13.862Z"}
{"level":"info","message":"onRequest - completionItem/resolve","timestamp":"2024-05-23T01:17:13.892Z"}
{"level":"info","message":"onRequest - completionItem/resolve","timestamp":"2024-05-23T01:17:13.922Z"}
{"level":"info","message":"onRequest - completionItem/resolve","timestamp":"2024-05-23T01:17:13.951Z"}
{"level":"info","message":"onRequest - completionItem/resolve","timestamp":"2024-05-23T01:17:13.981Z"}
{"level":"info","message":"onRequest - completionItem/resolve","timestamp":"2024-05-23T01:17:14.012Z"}
{"level":"info","message":"onRequest - completionItem/resolve","timestamp":"2024-05-23T01:17:14.042Z"}
{"level":"info","message":"onRequest - completionItem/resolve","timestamp":"2024-05-23T01:17:14.072Z"}
{"level":"info","message":"onRequest - completionItem/resolve","timestamp":"2024-05-23T01:17:14.103Z"}
{"level":"info","message":"onRequest - completionItem/resolve","timestamp":"2024-05-23T01:17:14.134Z"}
{"level":"info","message":"onRequest - completionItem/resolve","timestamp":"2024-05-23T01:17:14.164Z"}
{"level":"info","message":"onRequest - completionItem/resolve","timestamp":"2024-05-23T01:17:14.193Z"}
{"level":"info","message":"onRequest - completionItem/resolve","timestamp":"2024-05-23T01:17:14.225Z"}
{"level":"info","message":"onRequest - completionItem/resolve","timestamp":"2024-05-23T01:17:14.256Z"}
{"level":"info","message":"onRequest - completionItem/resolve","timestamp":"2024-05-23T01:17:14.453Z"}
{"level":"info","message":"onRequest - completionItem/resolve","timestamp":"2024-05-23T01:17:14.951Z"}
{"level":"info","message":"onRequest - completionItem/resolve","timestamp":"2024-05-23T01:17:14.981Z"}
{"level":"info","message":"onRequest - completionItem/resolve","timestamp":"2024-05-23T01:17:15.012Z"}
{"level":"info","message":"onRequest - completionItem/resolve","timestamp":"2024-05-23T01:17:15.041Z"}
{"level":"info","message":"onRequest - completionItem/resolve","timestamp":"2024-05-23T01:17:15.071Z"}
{"level":"info","message":"onRequest - completionItem/resolve","timestamp":"2024-05-23T01:17:15.103Z"}
{"level":"info","message":"onRequest - completionItem/resolve","timestamp":"2024-05-23T01:17:15.134Z"}
{"level":"info","message":"onRequest - completionItem/resolve","timestamp":"2024-05-23T01:17:15.165Z"}
{"level":"info","message":"onRequest - completionItem/resolve","timestamp":"2024-05-23T01:17:15.196Z"}
{"level":"info","message":"onRequest - completionItem/resolve","timestamp":"2024-05-23T01:17:15.226Z"}
{"level":"info","message":"onRequest - completionItem/resolve","timestamp":"2024-05-23T01:17:15.255Z"}
{"level":"info","message":"onRequest - completionItem/resolve","timestamp":"2024-05-23T01:17:15.284Z"}
{"level":"info","message":"onRequest - completionItem/resolve","timestamp":"2024-05-23T01:17:15.315Z"}
{"level":"info","message":"onRequest - completionItem/resolve","timestamp":"2024-05-23T01:17:15.346Z"}
{"level":"info","message":"onRequest - completionItem/resolve","timestamp":"2024-05-23T01:17:15.374Z"}
{"level":"info","message":"onRequest - completionItem/resolve","timestamp":"2024-05-23T01:17:15.404Z"}
{"level":"info","message":"onRequest - completionItem/resolve","timestamp":"2024-05-23T01:17:15.436Z"}
{"level":"info","message":"onRequest - completionItem/resolve","timestamp":"2024-05-23T01:17:15.464Z"}
{"level":"info","message":"onRequest - completionItem/resolve","timestamp":"2024-05-23T01:17:15.497Z"}
{"level":"info","message":"onRequest - completionItem/resolve","timestamp":"2024-05-23T01:17:15.529Z"}
{"level":"info","message":"onRequest - completionItem/resolve","timestamp":"2024-05-23T01:17:15.558Z"}
{"level":"info","message":"onRequest - completionItem/resolve","timestamp":"2024-05-23T01:17:15.617Z"}
{"level":"info","message":"onRequest - completionItem/resolve","timestamp":"2024-05-23T01:17:15.622Z"}
{"level":"info","message":"onRequest - completionItem/resolve","timestamp":"2024-05-23T01:17:15.649Z"}
{"level":"info","message":"onRequest - completionItem/resolve","timestamp":"2024-05-23T01:17:15.679Z"}
{"level":"info","message":"onRequest - completionItem/resolve","timestamp":"2024-05-23T01:17:15.710Z"}
{"level":"info","message":"onRequest - completionItem/resolve","timestamp":"2024-05-23T01:17:15.740Z"}
{"level":"info","message":"onRequest - completionItem/resolve","timestamp":"2024-05-23T01:17:15.770Z"}
{"level":"info","message":"onRequest - completionItem/resolve","timestamp":"2024-05-23T01:17:15.800Z"}
{"level":"info","message":"onRequest - completionItem/resolve","timestamp":"2024-05-23T01:17:15.834Z"}
{"level":"info","message":"onRequest - completionItem/resolve","timestamp":"2024-05-23T01:17:15.863Z"}
{"level":"info","message":"onRequest - completionItem/resolve","timestamp":"2024-05-23T01:17:15.892Z"}
{"level":"info","message":"onRequest - completionItem/resolve","timestamp":"2024-05-23T01:17:15.923Z"}
{"level":"info","message":"onRequest - completionItem/resolve","timestamp":"2024-05-23T01:17:15.951Z"}
{"level":"info","message":"onRequest - completionItem/resolve","timestamp":"2024-05-23T01:17:15.983Z"}
{"level":"info","message":"onRequest - completionItem/resolve","timestamp":"2024-05-23T01:17:16.015Z"}
{"level":"info","message":"onRequest - completionItem/resolve","timestamp":"2024-05-23T01:17:16.045Z"}
{"level":"info","message":"onRequest - completionItem/resolve","timestamp":"2024-05-23T01:17:16.073Z"}
{"level":"info","message":"onRequest - completionItem/resolve","timestamp":"2024-05-23T01:17:16.103Z"}
{"level":"info","message":"onRequest - completionItem/resolve","timestamp":"2024-05-23T01:17:16.134Z"}
{"level":"info","message":"onRequest - completionItem/resolve","timestamp":"2024-05-23T01:17:16.164Z"}
{"level":"info","message":"onRequest - completionItem/resolve","timestamp":"2024-05-23T01:17:16.194Z"}
{"level":"info","message":"onRequest - completionItem/resolve","timestamp":"2024-05-23T01:17:16.224Z"}
{"level":"info","message":"onRequest - completionItem/resolve","timestamp":"2024-05-23T01:17:16.254Z"}
{"level":"info","message":"onRequest - completionItem/resolve","timestamp":"2024-05-23T01:17:16.285Z"}
{"level":"info","message":"onRequest - completionItem/resolve","timestamp":"2024-05-23T01:17:16.316Z"}
{"level":"info","message":"onRequest - completionItem/resolve","timestamp":"2024-05-23T01:17:16.347Z"}
{"level":"info","message":"onRequest - completionItem/resolve","timestamp":"2024-05-23T01:17:16.375Z"}
{"level":"info","message":"onRequest - completionItem/resolve","timestamp":"2024-05-23T01:17:16.405Z"}
{"level":"info","message":"onRequest - completionItem/resolve","timestamp":"2024-05-23T01:17:16.441Z"}
{"level":"info","message":"onRequest - completionItem/resolve","timestamp":"2024-05-23T01:17:16.468Z"}
{"level":"info","message":"onRequest - completionItem/resolve","timestamp":"2024-05-23T01:17:16.495Z"}
{"level":"info","message":"onRequest - completionItem/resolve","timestamp":"2024-05-23T01:17:16.526Z"}
{"level":"info","message":"onRequest - completionItem/resolve","timestamp":"2024-05-23T01:17:16.555Z"}
{"level":"info","message":"onRequest - completionItem/resolve","timestamp":"2024-05-23T01:17:16.585Z"}
{"level":"info","message":"onRequest - completionItem/resolve","timestamp":"2024-05-23T01:17:16.615Z"}
{"level":"info","message":"onRequest - completionItem/resolve","timestamp":"2024-05-23T01:17:16.645Z"}
{"level":"info","message":"onRequest - completionItem/resolve","timestamp":"2024-05-23T01:17:16.677Z"}
{"level":"info","message":"onRequest - completionItem/resolve","timestamp":"2024-05-23T01:17:16.708Z"}
{"level":"info","message":"onRequest - completionItem/resolve","timestamp":"2024-05-23T01:17:16.738Z"}
{"level":"info","message":"onRequest - completionItem/resolve","timestamp":"2024-05-23T01:17:16.768Z"}
{"level":"info","message":"onRequest - completionItem/resolve","timestamp":"2024-05-23T01:17:16.798Z"}
{"level":"info","message":"onRequest - completionItem/resolve","timestamp":"2024-05-23T01:17:16.828Z"}
{"level":"info","message":"onRequest - completionItem/resolve","timestamp":"2024-05-23T01:17:16.871Z"}
{"level":"info","message":"onRequest - completionItem/resolve","timestamp":"2024-05-23T01:17:16.891Z"}
{"level":"info","message":"onRequest - completionItem/resolve","timestamp":"2024-05-23T01:17:16.924Z"}
{"level":"info","message":"onRequest - completionItem/resolve","timestamp":"2024-05-23T01:17:16.952Z"}
{"level":"info","message":"onRequest - completionItem/resolve","timestamp":"2024-05-23T01:17:16.983Z"}
{"level":"info","message":"onRequest - completionItem/resolve","timestamp":"2024-05-23T01:17:17.013Z"}
{"level":"info","message":"onRequest - completionItem/resolve","timestamp":"2024-05-23T01:17:18.357Z"}
{"level":"info","message":"onRequest - completionItem/resolve","timestamp":"2024-05-23T01:17:18.555Z"}
{"level":"info","message":"onRequest - completionItem/resolve","timestamp":"2024-05-23T01:17:20.879Z"}
{"level":"info","message":"onRequest - completionItem/resolve","timestamp":"2024-05-23T01:17:21.070Z"}
{"level":"info","message":"onRequest - completionItem/resolve","timestamp":"2024-05-23T01:17:21.234Z"}
{"exitCode":0,"level":"info","message":"👾 Game executed pgmProgram.pacmanGame on /home/dodain/workspace/wollok-dev/wollok-workspace/migracion-proyectos/pacmanBasicGame","timeElapsed":14570,"timestamp":"2024-05-23T01:17:59.473Z"}
{"exitCode":0,"level":"info","message":"👾 Game executed pgmProgram.pacmanGame on /home/dodain/workspace/wollok-dev/wollok-workspace/migracion-proyectos/pacmanBasicGame","timeElapsed":14187,"timestamp":"2024-05-23T01:18:28.756Z"}
{"exitCode":0,"level":"info","message":"👾 Game executed pgmProgram.pacmanGame on /home/dodain/workspace/wollok-dev/wollok-workspace/migracion-proyectos/pacmanBasicGame","timeElapsed":17239,"timestamp":"2024-05-23T01:26:22.364Z"}
{"exitCode":0,"level":"info","message":"👾 Game executed pgmProgram.pacmanGame on /home/dodain/workspace/wollok-dev/wollok-workspace/migracion-proyectos/pacmanBasicGame","timeElapsed":12994,"timestamp":"2024-05-23T01:26:41.557Z"}
{"level":"info","message":"⌛ Building environment","timeElapsed":182,"timestamp":"2024-05-24T00:27:32.394Z"}
{"level":"info","message":"onRequest - WORKSPACE_URI:file:///home/dodain/workspace/wollok-dev/wollok-workspace/migracion-proyectos/pacmanBasicGame","timestamp":"2024-05-24T00:27:32.396Z"}
{"level":"info","message":"⌛ Building environment","timeElapsed":106,"timestamp":"2024-05-24T00:27:32.503Z"}
{"exitCode":0,"level":"info","message":"👾 Game executed pgmProgram.pacmanGame on /home/dodain/workspace/wollok-dev/wollok-workspace/migracion-proyectos/pacmanBasicGame","timeElapsed":209749,"timestamp":"2024-05-24T00:31:06.098Z"}
{"level":"info","message":"onRequest - STRONG_FILES_CHANGED:/home/dodain/workspace/wollok-dev/wollok-workspace/migracion-proyectos/pacmanBasicGame/videos/demo.gif","timestamp":"2024-05-24T00:31:26.245Z"}
{"level":"info","message":"onRequest - WORKSPACE_URI:file:///home/dodain/workspace/wollok-dev/wollok-workspace/migracion-proyectos/pacmanBasicGame","timestamp":"2024-05-24T00:31:26.421Z"}
{"level":"info","message":"Removing diagnostics from /home/dodain/workspace/wollok-dev/wollok-workspace/migracion-proyectos/pacmanBasicGame/videos/demo.gif","timestamp":"2024-05-24T00:31:26.557Z"}
{"level":"info","message":"⌛ Building environment","timeElapsed":118,"timestamp":"2025-09-13T13:31:30.934Z"}
{"level":"error","message":"✘ Completions for node Send ([15:2, 16:24] - pgmProgram.wpgm) failed: Error: [Send]{3889f8} at pgmProgram.wpgm:15 exhausted all cases without a match [Send]{3889f8} at pgmProgram.wpgm:15 exhausted all cases without a match","stack":"Error: [Send]{3889f8} at pgmProgram.wpgm:15 exhausted all cases without a match\n    at c:\\Users\\agust\\.vscode\\extensions\\uqbar.wollok-lsp-ide-0.5.3\\out\\server\\src\\server.js:38:6142\n    at D2 (c:\\Users\\agust\\.vscode\\extensions\\uqbar.wollok-lsp-ide-0.5.3\\out\\server\\src\\server.js:2384:42)\n    at c:\\Users\\agust\\.vscode\\extensions\\uqbar.wollok-lsp-ide-0.5.3\\out\\server\\src\\server.js:2384:2988\n    at c:\\Users\\agust\\.vscode\\extensions\\uqbar.wollok-lsp-ide-0.5.3\\out\\server\\src\\server.js:2393:8440\n    at c:\\Users\\agust\\.vscode\\extensions\\uqbar.wollok-lsp-ide-0.5.3\\out\\server\\src\\server.js:37:74872\n    at Ye (c:\\Users\\agust\\.vscode\\extensions\\uqbar.wollok-lsp-ide-0.5.3\\out\\server\\src\\server.js:7:8527)\n    at qt (c:\\Users\\agust\\.vscode\\extensions\\uqbar.wollok-lsp-ide-0.5.3\\out\\server\\src\\server.js:7:6189)\n    at ot (c:\\Users\\agust\\.vscode\\extensions\\uqbar.wollok-lsp-ide-0.5.3\\out\\server\\src\\server.js:7:6378)\n    at Immediate._onImmediate (c:\\Users\\agust\\.vscode\\extensions\\uqbar.wollok-lsp-ide-0.5.3\\out\\server\\src\\server.js:7:6142)\n    at process.processImmediate (node:internal/timers:485:21)","timestamp":"2025-09-13T13:31:51.945Z"}
{"level":"error","message":"✘ Completions for node Send ([18:3, 18:15] - pgmProgram.wpgm) failed: Error: [Send]{73ade8} at pgmProgram.wpgm:18 exhausted all cases without a match [Send]{73ade8} at pgmProgram.wpgm:18 exhausted all cases without a match","stack":"Error: [Send]{73ade8} at pgmProgram.wpgm:18 exhausted all cases without a match\n    at c:\\Users\\agust\\.vscode\\extensions\\uqbar.wollok-lsp-ide-0.5.3\\out\\server\\src\\server.js:38:6142\n    at D2 (c:\\Users\\agust\\.vscode\\extensions\\uqbar.wollok-lsp-ide-0.5.3\\out\\server\\src\\server.js:2384:42)\n    at Qh (c:\\Users\\agust\\.vscode\\extensions\\uqbar.wollok-lsp-ide-0.5.3\\out\\server\\src\\server.js:2384:1092)\n    at k6n (c:\\Users\\agust\\.vscode\\extensions\\uqbar.wollok-lsp-ide-0.5.3\\out\\server\\src\\server.js:2384:1248)\n    at c:\\Users\\agust\\.vscode\\extensions\\uqbar.wollok-lsp-ide-0.5.3\\out\\server\\src\\server.js:38:6131\n    at D2 (c:\\Users\\agust\\.vscode\\extensions\\uqbar.wollok-lsp-ide-0.5.3\\out\\server\\src\\server.js:2384:42)\n    at c:\\Users\\agust\\.vscode\\extensions\\uqbar.wollok-lsp-ide-0.5.3\\out\\server\\src\\server.js:2384:2988\n    at c:\\Users\\agust\\.vscode\\extensions\\uqbar.wollok-lsp-ide-0.5.3\\out\\server\\src\\server.js:2393:8440\n    at c:\\Users\\agust\\.vscode\\extensions\\uqbar.wollok-lsp-ide-0.5.3\\out\\server\\src\\server.js:37:74872\n    at Ye (c:\\Users\\agust\\.vscode\\extensions\\uqbar.wollok-lsp-ide-0.5.3\\out\\server\\src\\server.js:7:8527)","timestamp":"2025-09-13T13:32:05.621Z"}
{"level":"error","message":"✘ Completions for node Send ([18:3, 18:17] - pgmProgram.wpgm) failed: Error: [Send]{1d8dfb} at pgmProgram.wpgm:18 exhausted all cases without a match [Send]{1d8dfb} at pgmProgram.wpgm:18 exhausted all cases without a match","stack":"Error: [Send]{1d8dfb} at pgmProgram.wpgm:18 exhausted all cases without a match\n    at c:\\Users\\agust\\.vscode\\extensions\\uqbar.wollok-lsp-ide-0.5.3\\out\\server\\src\\server.js:38:6142\n    at D2 (c:\\Users\\agust\\.vscode\\extensions\\uqbar.wollok-lsp-ide-0.5.3\\out\\server\\src\\server.js:2384:42)\n    at Qh (c:\\Users\\agust\\.vscode\\extensions\\uqbar.wollok-lsp-ide-0.5.3\\out\\server\\src\\server.js:2384:1092)\n    at k6n (c:\\Users\\agust\\.vscode\\extensions\\uqbar.wollok-lsp-ide-0.5.3\\out\\server\\src\\server.js:2384:1248)\n    at c:\\Users\\agust\\.vscode\\extensions\\uqbar.wollok-lsp-ide-0.5.3\\out\\server\\src\\server.js:38:6131\n    at D2 (c:\\Users\\agust\\.vscode\\extensions\\uqbar.wollok-lsp-ide-0.5.3\\out\\server\\src\\server.js:2384:42)\n    at c:\\Users\\agust\\.vscode\\extensions\\uqbar.wollok-lsp-ide-0.5.3\\out\\server\\src\\server.js:2384:2988\n    at c:\\Users\\agust\\.vscode\\extensions\\uqbar.wollok-lsp-ide-0.5.3\\out\\server\\src\\server.js:2393:8440\n    at c:\\Users\\agust\\.vscode\\extensions\\uqbar.wollok-lsp-ide-0.5.3\\out\\server\\src\\server.js:37:74872\n    at Ye (c:\\Users\\agust\\.vscode\\extensions\\uqbar.wollok-lsp-ide-0.5.3\\out\\server\\src\\server.js:7:8527)","timestamp":"2025-09-13T13:32:05.853Z"}
{"level":"error","message":"✘ Completions for node Send ([18:3, 18:18] - pgmProgram.wpgm) failed: Error: [Send]{5f17a0} at pgmProgram.wpgm:18 exhausted all cases without a match [Send]{5f17a0} at pgmProgram.wpgm:18 exhausted all cases without a match","stack":"Error: [Send]{5f17a0} at pgmProgram.wpgm:18 exhausted all cases without a match\n    at c:\\Users\\agust\\.vscode\\extensions\\uqbar.wollok-lsp-ide-0.5.3\\out\\server\\src\\server.js:38:6142\n    at D2 (c:\\Users\\agust\\.vscode\\extensions\\uqbar.wollok-lsp-ide-0.5.3\\out\\server\\src\\server.js:2384:42)\n    at Qh (c:\\Users\\agust\\.vscode\\extensions\\uqbar.wollok-lsp-ide-0.5.3\\out\\server\\src\\server.js:2384:1092)\n    at k6n (c:\\Users\\agust\\.vscode\\extensions\\uqbar.wollok-lsp-ide-0.5.3\\out\\server\\src\\server.js:2384:1248)\n    at c:\\Users\\agust\\.vscode\\extensions\\uqbar.wollok-lsp-ide-0.5.3\\out\\server\\src\\server.js:38:6131\n    at D2 (c:\\Users\\agust\\.vscode\\extensions\\uqbar.wollok-lsp-ide-0.5.3\\out\\server\\src\\server.js:2384:42)\n    at c:\\Users\\agust\\.vscode\\extensions\\uqbar.wollok-lsp-ide-0.5.3\\out\\server\\src\\server.js:2384:2988\n    at c:\\Users\\agust\\.vscode\\extensions\\uqbar.wollok-lsp-ide-0.5.3\\out\\server\\src\\server.js:2393:8440\n    at c:\\Users\\agust\\.vscode\\extensions\\uqbar.wollok-lsp-ide-0.5.3\\out\\server\\src\\server.js:37:74872\n    at Ye (c:\\Users\\agust\\.vscode\\extensions\\uqbar.wollok-lsp-ide-0.5.3\\out\\server\\src\\server.js:7:8527)","timestamp":"2025-09-13T13:32:06.006Z"}
{"level":"error","message":"✘ Completions for node Send ([18:3, 18:19] - pgmProgram.wpgm) failed: Error: [Send]{252101} at pgmProgram.wpgm:18 exhausted all cases without a match [Send]{252101} at pgmProgram.wpgm:18 exhausted all cases without a match","stack":"Error: [Send]{252101} at pgmProgram.wpgm:18 exhausted all cases without a match\n    at c:\\Users\\agust\\.vscode\\extensions\\uqbar.wollok-lsp-ide-0.5.3\\out\\server\\src\\server.js:38:6142\n    at D2 (c:\\Users\\agust\\.vscode\\extensions\\uqbar.wollok-lsp-ide-0.5.3\\out\\server\\src\\server.js:2384:42)\n    at Qh (c:\\Users\\agust\\.vscode\\extensions\\uqbar.wollok-lsp-ide-0.5.3\\out\\server\\src\\server.js:2384:1092)\n    at k6n (c:\\Users\\agust\\.vscode\\extensions\\uqbar.wollok-lsp-ide-0.5.3\\out\\server\\src\\server.js:2384:1248)\n    at c:\\Users\\agust\\.vscode\\extensions\\uqbar.wollok-lsp-ide-0.5.3\\out\\server\\src\\server.js:38:6131\n    at D2 (c:\\Users\\agust\\.vscode\\extensions\\uqbar.wollok-lsp-ide-0.5.3\\out\\server\\src\\server.js:2384:42)\n    at c:\\Users\\agust\\.vscode\\extensions\\uqbar.wollok-lsp-ide-0.5.3\\out\\server\\src\\server.js:2384:2988\n    at c:\\Users\\agust\\.vscode\\extensions\\uqbar.wollok-lsp-ide-0.5.3\\out\\server\\src\\server.js:2393:8440\n    at c:\\Users\\agust\\.vscode\\extensions\\uqbar.wollok-lsp-ide-0.5.3\\out\\server\\src\\server.js:37:74872\n    at Ye (c:\\Users\\agust\\.vscode\\extensions\\uqbar.wollok-lsp-ide-0.5.3\\out\\server\\src\\server.js:7:8527)","timestamp":"2025-09-13T13:32:06.130Z"}
{"level":"error","message":"✘ Completions for node Send ([18:3, 18:20] - pgmProgram.wpgm) failed: Error: [Send]{ce7565} at pgmProgram.wpgm:18 exhausted all cases without a match [Send]{ce7565} at pgmProgram.wpgm:18 exhausted all cases without a match","stack":"Error: [Send]{ce7565} at pgmProgram.wpgm:18 exhausted all cases without a match\n    at c:\\Users\\agust\\.vscode\\extensions\\uqbar.wollok-lsp-ide-0.5.3\\out\\server\\src\\server.js:38:6142\n    at D2 (c:\\Users\\agust\\.vscode\\extensions\\uqbar.wollok-lsp-ide-0.5.3\\out\\server\\src\\server.js:2384:42)\n    at Qh (c:\\Users\\agust\\.vscode\\extensions\\uqbar.wollok-lsp-ide-0.5.3\\out\\server\\src\\server.js:2384:1092)\n    at k6n (c:\\Users\\agust\\.vscode\\extensions\\uqbar.wollok-lsp-ide-0.5.3\\out\\server\\src\\server.js:2384:1248)\n    at c:\\Users\\agust\\.vscode\\extensions\\uqbar.wollok-lsp-ide-0.5.3\\out\\server\\src\\server.js:38:6131\n    at D2 (c:\\Users\\agust\\.vscode\\extensions\\uqbar.wollok-lsp-ide-0.5.3\\out\\server\\src\\server.js:2384:42)\n    at c:\\Users\\agust\\.vscode\\extensions\\uqbar.wollok-lsp-ide-0.5.3\\out\\server\\src\\server.js:2384:2988\n    at c:\\Users\\agust\\.vscode\\extensions\\uqbar.wollok-lsp-ide-0.5.3\\out\\server\\src\\server.js:2393:8440\n    at c:\\Users\\agust\\.vscode\\extensions\\uqbar.wollok-lsp-ide-0.5.3\\out\\server\\src\\server.js:37:74872\n    at Ye (c:\\Users\\agust\\.vscode\\extensions\\uqbar.wollok-lsp-ide-0.5.3\\out\\server\\src\\server.js:7:8527)","timestamp":"2025-09-13T13:32:06.308Z"}
{"level":"error","message":"✘ Failed to rebuild document Failed to parse pgmProgram.wpgm: \n-- PARSING FAILED --------------------------------------------------\n\n  16 | \tgame.addVisual(pacman)\n  17 | \t\n> 18 |   pacmankeyboard()\n     |                 ^\n  19 | \n  20 | \n\nExpected:\n\nsentence\n","stack":"Error: Failed to parse pgmProgram.wpgm: \n-- PARSING FAILED --------------------------------------------------\n\n  16 | \tgame.addVisual(pacman)\n  17 | \t\n> 18 |   pacmankeyboard()\n     |                 ^\n  19 | \n  20 | \n\nExpected:\n\nsentence\n\n    at c:\\Users\\agust\\.vscode\\extensions\\uqbar.wollok-lsp-ide-0.5.3\\out\\server\\src\\server.js:2348:13026\n    at Array.map (<anonymous>)\n    at W1n (c:\\Users\\agust\\.vscode\\extensions\\uqbar.wollok-lsp-ide-0.5.3\\out\\server\\src\\server.js:2348:12950)\n    at U2.buildEnvironmentFrom (c:\\Users\\agust\\.vscode\\extensions\\uqbar.wollok-lsp-ide-0.5.3\\out\\server\\src\\server.js:2393:5254)\n    at U2.updateEnvironmentWith (c:\\Users\\agust\\.vscode\\extensions\\uqbar.wollok-lsp-ide-0.5.3\\out\\server\\src\\server.js:2393:4989)\n    at JF (c:\\Users\\agust\\.vscode\\extensions\\uqbar.wollok-lsp-ide-0.5.3\\out\\server\\src\\server.js:2393:7383)\n    at F3.invoke (c:\\Users\\agust\\.vscode\\extensions\\uqbar.wollok-lsp-ide-0.5.3\\out\\server\\src\\server.js:3:157334)\n    at o.fire (c:\\Users\\agust\\.vscode\\extensions\\uqbar.wollok-lsp-ide-0.5.3\\out\\server\\src\\server.js:3:158104)\n    at c:\\Users\\agust\\.vscode\\extensions\\uqbar.wollok-lsp-ide-0.5.3\\out\\server\\src\\server.js:37:57871\n    at Zr (c:\\Users\\agust\\.vscode\\extensions\\uqbar.wollok-lsp-ide-0.5.3\\out\\server\\src\\server.js:8:1561)","timestamp":"2025-09-13T13:32:10.722Z"}
{"level":"error","message":"✘ Failed to rebuild document Failed to parse pgmProgram.wpgm: \n-- PARSING FAILED --------------------------------------------------\n\n  16 | \tgame.addVisual(pacman)\n  17 | \t\n> 18 |   pacmakeyboard()\n     |                ^\n  19 | \n  20 | \n\nExpected:\n\nsentence\n","stack":"Error: Failed to parse pgmProgram.wpgm: \n-- PARSING FAILED --------------------------------------------------\n\n  16 | \tgame.addVisual(pacman)\n  17 | \t\n> 18 |   pacmakeyboard()\n     |                ^\n  19 | \n  20 | \n\nExpected:\n\nsentence\n\n    at c:\\Users\\agust\\.vscode\\extensions\\uqbar.wollok-lsp-ide-0.5.3\\out\\server\\src\\server.js:2348:13026\n    at Array.map (<anonymous>)\n    at W1n (c:\\Users\\agust\\.vscode\\extensions\\uqbar.wollok-lsp-ide-0.5.3\\out\\server\\src\\server.js:2348:12950)\n    at U2.buildEnvironmentFrom (c:\\Users\\agust\\.vscode\\extensions\\uqbar.wollok-lsp-ide-0.5.3\\out\\server\\src\\server.js:2393:5254)\n    at U2.updateEnvironmentWith (c:\\Users\\agust\\.vscode\\extensions\\uqbar.wollok-lsp-ide-0.5.3\\out\\server\\src\\server.js:2393:4989)\n    at JF (c:\\Users\\agust\\.vscode\\extensions\\uqbar.wollok-lsp-ide-0.5.3\\out\\server\\src\\server.js:2393:7383)\n    at F3.invoke (c:\\Users\\agust\\.vscode\\extensions\\uqbar.wollok-lsp-ide-0.5.3\\out\\server\\src\\server.js:3:157334)\n    at o.fire (c:\\Users\\agust\\.vscode\\extensions\\uqbar.wollok-lsp-ide-0.5.3\\out\\server\\src\\server.js:3:158104)\n    at c:\\Users\\agust\\.vscode\\extensions\\uqbar.wollok-lsp-ide-0.5.3\\out\\server\\src\\server.js:37:57871\n    at Zr (c:\\Users\\agust\\.vscode\\extensions\\uqbar.wollok-lsp-ide-0.5.3\\out\\server\\src\\server.js:8:1561)","timestamp":"2025-09-13T13:32:11.232Z"}
{"level":"error","message":"✘ Failed to rebuild document Failed to parse pgmProgram.wpgm: \n-- PARSING FAILED --------------------------------------------------\n\n  16 | \tgame.addVisual(pacman)\n  17 | \t\n> 18 |   pacmkeyboard()\n     |               ^\n  19 | \n  20 | \n\nExpected:\n\nsentence\n","stack":"Error: Failed to parse pgmProgram.wpgm: \n-- PARSING FAILED --------------------------------------------------\n\n  16 | \tgame.addVisual(pacman)\n  17 | \t\n> 18 |   pacmkeyboard()\n     |               ^\n  19 | \n  20 | \n\nExpected:\n\nsentence\n\n    at c:\\Users\\agust\\.vscode\\extensions\\uqbar.wollok-lsp-ide-0.5.3\\out\\server\\src\\server.js:2348:13026\n    at Array.map (<anonymous>)\n    at W1n (c:\\Users\\agust\\.vscode\\extensions\\uqbar.wollok-lsp-ide-0.5.3\\out\\server\\src\\server.js:2348:12950)\n    at U2.buildEnvironmentFrom (c:\\Users\\agust\\.vscode\\extensions\\uqbar.wollok-lsp-ide-0.5.3\\out\\server\\src\\server.js:2393:5254)\n    at U2.updateEnvironmentWith (c:\\Users\\agust\\.vscode\\extensions\\uqbar.wollok-lsp-ide-0.5.3\\out\\server\\src\\server.js:2393:4989)\n    at JF (c:\\Users\\agust\\.vscode\\extensions\\uqbar.wollok-lsp-ide-0.5.3\\out\\server\\src\\server.js:2393:7383)\n    at F3.invoke (c:\\Users\\agust\\.vscode\\extensions\\uqbar.wollok-lsp-ide-0.5.3\\out\\server\\src\\server.js:3:157334)\n    at o.fire (c:\\Users\\agust\\.vscode\\extensions\\uqbar.wollok-lsp-ide-0.5.3\\out\\server\\src\\server.js:3:158104)\n    at c:\\Users\\agust\\.vscode\\extensions\\uqbar.wollok-lsp-ide-0.5.3\\out\\server\\src\\server.js:37:57871\n    at Zr (c:\\Users\\agust\\.vscode\\extensions\\uqbar.wollok-lsp-ide-0.5.3\\out\\server\\src\\server.js:8:1561)","timestamp":"2025-09-13T13:32:11.261Z"}
{"level":"error","message":"✘ Failed to rebuild document Failed to parse pgmProgram.wpgm: \n-- PARSING FAILED --------------------------------------------------\n\n  16 | \tgame.addVisual(pacman)\n  17 | \t\n> 18 |   packeyboard()\n     |              ^\n  19 | \n  20 | \n\nExpected:\n\nsentence\n","stack":"Error: Failed to parse pgmProgram.wpgm: \n-- PARSING FAILED --------------------------------------------------\n\n  16 | \tgame.addVisual(pacman)\n  17 | \t\n> 18 |   packeyboard()\n     |              ^\n  19 | \n  20 | \n\nExpected:\n\nsentence\n\n    at c:\\Users\\agust\\.vscode\\extensions\\uqbar.wollok-lsp-ide-0.5.3\\out\\server\\src\\server.js:2348:13026\n    at Array.map (<anonymous>)\n    at W1n (c:\\Users\\agust\\.vscode\\extensions\\uqbar.wollok-lsp-ide-0.5.3\\out\\server\\src\\server.js:2348:12950)\n    at U2.buildEnvironmentFrom (c:\\Users\\agust\\.vscode\\extensions\\uqbar.wollok-lsp-ide-0.5.3\\out\\server\\src\\server.js:2393:5254)\n    at U2.updateEnvironmentWith (c:\\Users\\agust\\.vscode\\extensions\\uqbar.wollok-lsp-ide-0.5.3\\out\\server\\src\\server.js:2393:4989)\n    at JF (c:\\Users\\agust\\.vscode\\extensions\\uqbar.wollok-lsp-ide-0.5.3\\out\\server\\src\\server.js:2393:7383)\n    at F3.invoke (c:\\Users\\agust\\.vscode\\extensions\\uqbar.wollok-lsp-ide-0.5.3\\out\\server\\src\\server.js:3:157334)\n    at o.fire (c:\\Users\\agust\\.vscode\\extensions\\uqbar.wollok-lsp-ide-0.5.3\\out\\server\\src\\server.js:3:158104)\n    at c:\\Users\\agust\\.vscode\\extensions\\uqbar.wollok-lsp-ide-0.5.3\\out\\server\\src\\server.js:37:57871\n    at Zr (c:\\Users\\agust\\.vscode\\extensions\\uqbar.wollok-lsp-ide-0.5.3\\out\\server\\src\\server.js:8:1561)","timestamp":"2025-09-13T13:32:11.293Z"}
{"level":"error","message":"✘ Failed to rebuild document Failed to parse pgmProgram.wpgm: \n-- PARSING FAILED --------------------------------------------------\n\n  16 | \tgame.addVisual(pacman)\n  17 | \t\n> 18 |   pakeyboard()\n     |             ^\n  19 | \n  20 | \n\nExpected:\n\nsentence\n","stack":"Error: Failed to parse pgmProgram.wpgm: \n-- PARSING FAILED --------------------------------------------------\n\n  16 | \tgame.addVisual(pacman)\n  17 | \t\n> 18 |   pakeyboard()\n     |             ^\n  19 | \n  20 | \n\nExpected:\n\nsentence\n\n    at c:\\Users\\agust\\.vscode\\extensions\\uqbar.wollok-lsp-ide-0.5.3\\out\\server\\src\\server.js:2348:13026\n    at Array.map (<anonymous>)\n    at W1n (c:\\Users\\agust\\.vscode\\extensions\\uqbar.wollok-lsp-ide-0.5.3\\out\\server\\src\\server.js:2348:12950)\n    at U2.buildEnvironmentFrom (c:\\Users\\agust\\.vscode\\extensions\\uqbar.wollok-lsp-ide-0.5.3\\out\\server\\src\\server.js:2393:5254)\n    at U2.updateEnvironmentWith (c:\\Users\\agust\\.vscode\\extensions\\uqbar.wollok-lsp-ide-0.5.3\\out\\server\\src\\server.js:2393:4989)\n    at JF (c:\\Users\\agust\\.vscode\\extensions\\uqbar.wollok-lsp-ide-0.5.3\\out\\server\\src\\server.js:2393:7383)\n    at F3.invoke (c:\\Users\\agust\\.vscode\\extensions\\uqbar.wollok-lsp-ide-0.5.3\\out\\server\\src\\server.js:3:157334)\n    at o.fire (c:\\Users\\agust\\.vscode\\extensions\\uqbar.wollok-lsp-ide-0.5.3\\out\\server\\src\\server.js:3:158104)\n    at c:\\Users\\agust\\.vscode\\extensions\\uqbar.wollok-lsp-ide-0.5.3\\out\\server\\src\\server.js:37:57871\n    at Zr (c:\\Users\\agust\\.vscode\\extensions\\uqbar.wollok-lsp-ide-0.5.3\\out\\server\\src\\server.js:8:1561)","timestamp":"2025-09-13T13:32:11.462Z"}
{"level":"error","message":"✘ Failed to rebuild document Failed to parse pgmProgram.wpgm: \n-- PARSING FAILED --------------------------------------------------\n\n  16 | \tgame.addVisual(pacman)\n  17 | \t\n> 18 |   pkeyboard()\n     |            ^\n  19 | \n  20 | \n\nExpected:\n\nsentence\n","stack":"Error: Failed to parse pgmProgram.wpgm: \n-- PARSING FAILED --------------------------------------------------\n\n  16 | \tgame.addVisual(pacman)\n  17 | \t\n> 18 |   pkeyboard()\n     |            ^\n  19 | \n  20 | \n\nExpected:\n\nsentence\n\n    at c:\\Users\\agust\\.vscode\\extensions\\uqbar.wollok-lsp-ide-0.5.3\\out\\server\\src\\server.js:2348:13026\n    at Array.map (<anonymous>)\n    at W1n (c:\\Users\\agust\\.vscode\\extensions\\uqbar.wollok-lsp-ide-0.5.3\\out\\server\\src\\server.js:2348:12950)\n    at U2.buildEnvironmentFrom (c:\\Users\\agust\\.vscode\\extensions\\uqbar.wollok-lsp-ide-0.5.3\\out\\server\\src\\server.js:2393:5254)\n    at U2.updateEnvironmentWith (c:\\Users\\agust\\.vscode\\extensions\\uqbar.wollok-lsp-ide-0.5.3\\out\\server\\src\\server.js:2393:4989)\n    at JF (c:\\Users\\agust\\.vscode\\extensions\\uqbar.wollok-lsp-ide-0.5.3\\out\\server\\src\\server.js:2393:7383)\n    at F3.invoke (c:\\Users\\agust\\.vscode\\extensions\\uqbar.wollok-lsp-ide-0.5.3\\out\\server\\src\\server.js:3:157334)\n    at o.fire (c:\\Users\\agust\\.vscode\\extensions\\uqbar.wollok-lsp-ide-0.5.3\\out\\server\\src\\server.js:3:158104)\n    at c:\\Users\\agust\\.vscode\\extensions\\uqbar.wollok-lsp-ide-0.5.3\\out\\server\\src\\server.js:37:57871\n    at Zr (c:\\Users\\agust\\.vscode\\extensions\\uqbar.wollok-lsp-ide-0.5.3\\out\\server\\src\\server.js:8:1561)","timestamp":"2025-09-13T13:32:11.671Z"}
{"level":"error","message":"✘ Failed to rebuild document Failed to parse pgmProgram.wpgm: \n-- PARSING FAILED --------------------------------------------------\n\n  16 | \tgame.addVisual(pacman)\n  17 | \t\n> 18 |   keyboard()\n     |           ^\n  19 | \n  20 | \n\nExpected:\n\nsentence\n","stack":"Error: Failed to parse pgmProgram.wpgm: \n-- PARSING FAILED --------------------------------------------------\n\n  16 | \tgame.addVisual(pacman)\n  17 | \t\n> 18 |   keyboard()\n     |           ^\n  19 | \n  20 | \n\nExpected:\n\nsentence\n\n    at c:\\Users\\agust\\.vscode\\extensions\\uqbar.wollok-lsp-ide-0.5.3\\out\\server\\src\\server.js:2348:13026\n    at Array.map (<anonymous>)\n    at W1n (c:\\Users\\agust\\.vscode\\extensions\\uqbar.wollok-lsp-ide-0.5.3\\out\\server\\src\\server.js:2348:12950)\n    at U2.buildEnvironmentFrom (c:\\Users\\agust\\.vscode\\extensions\\uqbar.wollok-lsp-ide-0.5.3\\out\\server\\src\\server.js:2393:5254)\n    at U2.updateEnvironmentWith (c:\\Users\\agust\\.vscode\\extensions\\uqbar.wollok-lsp-ide-0.5.3\\out\\server\\src\\server.js:2393:4989)\n    at JF (c:\\Users\\agust\\.vscode\\extensions\\uqbar.wollok-lsp-ide-0.5.3\\out\\server\\src\\server.js:2393:7383)\n    at F3.invoke (c:\\Users\\agust\\.vscode\\extensions\\uqbar.wollok-lsp-ide-0.5.3\\out\\server\\src\\server.js:3:157334)\n    at o.fire (c:\\Users\\agust\\.vscode\\extensions\\uqbar.wollok-lsp-ide-0.5.3\\out\\server\\src\\server.js:3:158104)\n    at c:\\Users\\agust\\.vscode\\extensions\\uqbar.wollok-lsp-ide-0.5.3\\out\\server\\src\\server.js:37:57871\n    at Zr (c:\\Users\\agust\\.vscode\\extensions\\uqbar.wollok-lsp-ide-0.5.3\\out\\server\\src\\server.js:8:1561)","timestamp":"2025-09-13T13:32:12.052Z"}
{"level":"error","message":"✘ Completions for node Send ([18:3, 18:28] - pgmProgram.wpgm) failed: Error: [Send]{808035} at pgmProgram.wpgm:18 exhausted all cases without a match [Send]{808035} at pgmProgram.wpgm:18 exhausted all cases without a match","stack":"Error: [Send]{808035} at pgmProgram.wpgm:18 exhausted all cases without a match\n    at c:\\Users\\agust\\.vscode\\extensions\\uqbar.wollok-lsp-ide-0.5.3\\out\\server\\src\\server.js:38:6142\n    at D2 (c:\\Users\\agust\\.vscode\\extensions\\uqbar.wollok-lsp-ide-0.5.3\\out\\server\\src\\server.js:2384:42)\n    at Qh (c:\\Users\\agust\\.vscode\\extensions\\uqbar.wollok-lsp-ide-0.5.3\\out\\server\\src\\server.js:2384:1092)\n    at k6n (c:\\Users\\agust\\.vscode\\extensions\\uqbar.wollok-lsp-ide-0.5.3\\out\\server\\src\\server.js:2384:1248)\n    at c:\\Users\\agust\\.vscode\\extensions\\uqbar.wollok-lsp-ide-0.5.3\\out\\server\\src\\server.js:38:6131\n    at D2 (c:\\Users\\agust\\.vscode\\extensions\\uqbar.wollok-lsp-ide-0.5.3\\out\\server\\src\\server.js:2384:42)\n    at c:\\Users\\agust\\.vscode\\extensions\\uqbar.wollok-lsp-ide-0.5.3\\out\\server\\src\\server.js:2384:2988\n    at c:\\Users\\agust\\.vscode\\extensions\\uqbar.wollok-lsp-ide-0.5.3\\out\\server\\src\\server.js:2393:8440\n    at c:\\Users\\agust\\.vscode\\extensions\\uqbar.wollok-lsp-ide-0.5.3\\out\\server\\src\\server.js:37:74872\n    at Ye (c:\\Users\\agust\\.vscode\\extensions\\uqbar.wollok-lsp-ide-0.5.3\\out\\server\\src\\server.js:7:8527)","timestamp":"2025-09-13T13:33:35.102Z"}
{"level":"error","message":"✘ Completions for node Send ([18:3, 18:30] - pgmProgram.wpgm) failed: Error: [Send]{772779} at pgmProgram.wpgm:18 exhausted all cases without a match [Send]{772779} at pgmProgram.wpgm:18 exhausted all cases without a match","stack":"Error: [Send]{772779} at pgmProgram.wpgm:18 exhausted all cases without a match\n    at c:\\Users\\agust\\.vscode\\extensions\\uqbar.wollok-lsp-ide-0.5.3\\out\\server\\src\\server.js:38:6142\n    at D2 (c:\\Users\\agust\\.vscode\\extensions\\uqbar.wollok-lsp-ide-0.5.3\\out\\server\\src\\server.js:2384:42)\n    at Qh (c:\\Users\\agust\\.vscode\\extensions\\uqbar.wollok-lsp-ide-0.5.3\\out\\server\\src\\server.js:2384:1092)\n    at k6n (c:\\Users\\agust\\.vscode\\extensions\\uqbar.wollok-lsp-ide-0.5.3\\out\\server\\src\\server.js:2384:1248)\n    at c:\\Users\\agust\\.vscode\\extensions\\uqbar.wollok-lsp-ide-0.5.3\\out\\server\\src\\server.js:38:6131\n    at D2 (c:\\Users\\agust\\.vscode\\extensions\\uqbar.wollok-lsp-ide-0.5.3\\out\\server\\src\\server.js:2384:42)\n    at c:\\Users\\agust\\.vscode\\extensions\\uqbar.wollok-lsp-ide-0.5.3\\out\\server\\src\\server.js:2384:2988\n    at c:\\Users\\agust\\.vscode\\extensions\\uqbar.wollok-lsp-ide-0.5.3\\out\\server\\src\\server.js:2393:8440\n    at c:\\Users\\agust\\.vscode\\extensions\\uqbar.wollok-lsp-ide-0.5.3\\out\\server\\src\\server.js:37:74872\n    at Ye (c:\\Users\\agust\\.vscode\\extensions\\uqbar.wollok-lsp-ide-0.5.3\\out\\server\\src\\server.js:7:8527)","timestamp":"2025-09-13T13:33:35.295Z"}
{"level":"error","message":"✘ Completions for node Send ([18:3, 18:31] - pgmProgram.wpgm) failed: Error: [Send]{03e6ee} at pgmProgram.wpgm:18 exhausted all cases without a match [Send]{03e6ee} at pgmProgram.wpgm:18 exhausted all cases without a match","stack":"Error: [Send]{03e6ee} at pgmProgram.wpgm:18 exhausted all cases without a match\n    at c:\\Users\\agust\\.vscode\\extensions\\uqbar.wollok-lsp-ide-0.5.3\\out\\server\\src\\server.js:38:6142\n    at D2 (c:\\Users\\agust\\.vscode\\extensions\\uqbar.wollok-lsp-ide-0.5.3\\out\\server\\src\\server.js:2384:42)\n    at Qh (c:\\Users\\agust\\.vscode\\extensions\\uqbar.wollok-lsp-ide-0.5.3\\out\\server\\src\\server.js:2384:1092)\n    at k6n (c:\\Users\\agust\\.vscode\\extensions\\uqbar.wollok-lsp-ide-0.5.3\\out\\server\\src\\server.js:2384:1248)\n    at c:\\Users\\agust\\.vscode\\extensions\\uqbar.wollok-lsp-ide-0.5.3\\out\\server\\src\\server.js:38:6131\n    at D2 (c:\\Users\\agust\\.vscode\\extensions\\uqbar.wollok-lsp-ide-0.5.3\\out\\server\\src\\server.js:2384:42)\n    at c:\\Users\\agust\\.vscode\\extensions\\uqbar.wollok-lsp-ide-0.5.3\\out\\server\\src\\server.js:2384:2988\n    at c:\\Users\\agust\\.vscode\\extensions\\uqbar.wollok-lsp-ide-0.5.3\\out\\server\\src\\server.js:2393:8440\n    at c:\\Users\\agust\\.vscode\\extensions\\uqbar.wollok-lsp-ide-0.5.3\\out\\server\\src\\server.js:37:74872\n    at Ye (c:\\Users\\agust\\.vscode\\extensions\\uqbar.wollok-lsp-ide-0.5.3\\out\\server\\src\\server.js:7:8527)","timestamp":"2025-09-13T13:33:35.927Z"}
{"level":"error","message":"✘ Completions for node Send ([18:3, 18:32] - pgmProgram.wpgm) failed: Error: [Send]{220392} at pgmProgram.wpgm:18 exhausted all cases without a match [Send]{220392} at pgmProgram.wpgm:18 exhausted all cases without a match","stack":"Error: [Send]{220392} at pgmProgram.wpgm:18 exhausted all cases without a match\n    at c:\\Users\\agust\\.vscode\\extensions\\uqbar.wollok-lsp-ide-0.5.3\\out\\server\\src\\server.js:38:6142\n    at D2 (c:\\Users\\agust\\.vscode\\extensions\\uqbar.wollok-lsp-ide-0.5.3\\out\\server\\src\\server.js:2384:42)\n    at Qh (c:\\Users\\agust\\.vscode\\extensions\\uqbar.wollok-lsp-ide-0.5.3\\out\\server\\src\\server.js:2384:1092)\n    at k6n (c:\\Users\\agust\\.vscode\\extensions\\uqbar.wollok-lsp-ide-0.5.3\\out\\server\\src\\server.js:2384:1248)\n    at c:\\Users\\agust\\.vscode\\extensions\\uqbar.wollok-lsp-ide-0.5.3\\out\\server\\src\\server.js:38:6131\n    at D2 (c:\\Users\\agust\\.vscode\\extensions\\uqbar.wollok-lsp-ide-0.5.3\\out\\server\\src\\server.js:2384:42)\n    at c:\\Users\\agust\\.vscode\\extensions\\uqbar.wollok-lsp-ide-0.5.3\\out\\server\\src\\server.js:2384:2988\n    at c:\\Users\\agust\\.vscode\\extensions\\uqbar.wollok-lsp-ide-0.5.3\\out\\server\\src\\server.js:2393:8440\n    at c:\\Users\\agust\\.vscode\\extensions\\uqbar.wollok-lsp-ide-0.5.3\\out\\server\\src\\server.js:37:74872\n    at Ye (c:\\Users\\agust\\.vscode\\extensions\\uqbar.wollok-lsp-ide-0.5.3\\out\\server\\src\\server.js:7:8527)","timestamp":"2025-09-13T13:33:36.086Z"}
{"level":"error","message":"✘ Completions for node Send ([18:3, 18:33] - pgmProgram.wpgm) failed: Error: [Send]{27b0a1} at pgmProgram.wpgm:18 exhausted all cases without a match [Send]{27b0a1} at pgmProgram.wpgm:18 exhausted all cases without a match","stack":"Error: [Send]{27b0a1} at pgmProgram.wpgm:18 exhausted all cases without a match\n    at c:\\Users\\agust\\.vscode\\extensions\\uqbar.wollok-lsp-ide-0.5.3\\out\\server\\src\\server.js:38:6142\n    at D2 (c:\\Users\\agust\\.vscode\\extensions\\uqbar.wollok-lsp-ide-0.5.3\\out\\server\\src\\server.js:2384:42)\n    at Qh (c:\\Users\\agust\\.vscode\\extensions\\uqbar.wollok-lsp-ide-0.5.3\\out\\server\\src\\server.js:2384:1092)\n    at k6n (c:\\Users\\agust\\.vscode\\extensions\\uqbar.wollok-lsp-ide-0.5.3\\out\\server\\src\\server.js:2384:1248)\n    at c:\\Users\\agust\\.vscode\\extensions\\uqbar.wollok-lsp-ide-0.5.3\\out\\server\\src\\server.js:38:6131\n    at D2 (c:\\Users\\agust\\.vscode\\extensions\\uqbar.wollok-lsp-ide-0.5.3\\out\\server\\src\\server.js:2384:42)\n    at c:\\Users\\agust\\.vscode\\extensions\\uqbar.wollok-lsp-ide-0.5.3\\out\\server\\src\\server.js:2384:2988\n    at c:\\Users\\agust\\.vscode\\extensions\\uqbar.wollok-lsp-ide-0.5.3\\out\\server\\src\\server.js:2393:8440\n    at c:\\Users\\agust\\.vscode\\extensions\\uqbar.wollok-lsp-ide-0.5.3\\out\\server\\src\\server.js:37:74872\n    at Ye (c:\\Users\\agust\\.vscode\\extensions\\uqbar.wollok-lsp-ide-0.5.3\\out\\server\\src\\server.js:7:8527)","timestamp":"2025-09-13T13:33:36.218Z"}
{"level":"error","message":"✘ Completions for node Send ([18:3, 18:37] - pgmProgram.wpgm) failed: Error: [Send]{98a606} at pgmProgram.wpgm:18 exhausted all cases without a match [Send]{98a606} at pgmProgram.wpgm:18 exhausted all cases without a match","stack":"Error: [Send]{98a606} at pgmProgram.wpgm:18 exhausted all cases without a match\n    at c:\\Users\\agust\\.vscode\\extensions\\uqbar.wollok-lsp-ide-0.5.3\\out\\server\\src\\server.js:38:6142\n    at D2 (c:\\Users\\agust\\.vscode\\extensions\\uqbar.wollok-lsp-ide-0.5.3\\out\\server\\src\\server.js:2384:42)\n    at Qh (c:\\Users\\agust\\.vscode\\extensions\\uqbar.wollok-lsp-ide-0.5.3\\out\\server\\src\\server.js:2384:1092)\n    at k6n (c:\\Users\\agust\\.vscode\\extensions\\uqbar.wollok-lsp-ide-0.5.3\\out\\server\\src\\server.js:2384:1248)\n    at c:\\Users\\agust\\.vscode\\extensions\\uqbar.wollok-lsp-ide-0.5.3\\out\\server\\src\\server.js:38:6131\n    at D2 (c:\\Users\\agust\\.vscode\\extensions\\uqbar.wollok-lsp-ide-0.5.3\\out\\server\\src\\server.js:2384:42)\n    at c:\\Users\\agust\\.vscode\\extensions\\uqbar.wollok-lsp-ide-0.5.3\\out\\server\\src\\server.js:2384:2988\n    at c:\\Users\\agust\\.vscode\\extensions\\uqbar.wollok-lsp-ide-0.5.3\\out\\server\\src\\server.js:2393:8440\n    at c:\\Users\\agust\\.vscode\\extensions\\uqbar.wollok-lsp-ide-0.5.3\\out\\server\\src\\server.js:37:74872\n    at Ye (c:\\Users\\agust\\.vscode\\extensions\\uqbar.wollok-lsp-ide-0.5.3\\out\\server\\src\\server.js:7:8527)","timestamp":"2025-09-13T13:33:38.058Z"}
{"level":"error","message":"✘ Completions for node Send ([18:3, 18:38] - pgmProgram.wpgm) failed: Error: [Send]{f0f871} at pgmProgram.wpgm:18 exhausted all cases without a match [Send]{f0f871} at pgmProgram.wpgm:18 exhausted all cases without a match","stack":"Error: [Send]{f0f871} at pgmProgram.wpgm:18 exhausted all cases without a match\n    at c:\\Users\\agust\\.vscode\\extensions\\uqbar.wollok-lsp-ide-0.5.3\\out\\server\\src\\server.js:38:6142\n    at D2 (c:\\Users\\agust\\.vscode\\extensions\\uqbar.wollok-lsp-ide-0.5.3\\out\\server\\src\\server.js:2384:42)\n    at Qh (c:\\Users\\agust\\.vscode\\extensions\\uqbar.wollok-lsp-ide-0.5.3\\out\\server\\src\\server.js:2384:1092)\n    at k6n (c:\\Users\\agust\\.vscode\\extensions\\uqbar.wollok-lsp-ide-0.5.3\\out\\server\\src\\server.js:2384:1248)\n    at c:\\Users\\agust\\.vscode\\extensions\\uqbar.wollok-lsp-ide-0.5.3\\out\\server\\src\\server.js:38:6131\n    at D2 (c:\\Users\\agust\\.vscode\\extensions\\uqbar.wollok-lsp-ide-0.5.3\\out\\server\\src\\server.js:2384:42)\n    at c:\\Users\\agust\\.vscode\\extensions\\uqbar.wollok-lsp-ide-0.5.3\\out\\server\\src\\server.js:2384:2988\n    at c:\\Users\\agust\\.vscode\\extensions\\uqbar.wollok-lsp-ide-0.5.3\\out\\server\\src\\server.js:2393:8440\n    at c:\\Users\\agust\\.vscode\\extensions\\uqbar.wollok-lsp-ide-0.5.3\\out\\server\\src\\server.js:37:74872\n    at Ye (c:\\Users\\agust\\.vscode\\extensions\\uqbar.wollok-lsp-ide-0.5.3\\out\\server\\src\\server.js:7:8527)","timestamp":"2025-09-13T13:33:38.189Z"}
{"level":"error","message":"✘ Completions for node Send ([18:3, 18:39] - pgmProgram.wpgm) failed: Error: [Send]{96f8f7} at pgmProgram.wpgm:18 exhausted all cases without a match [Send]{96f8f7} at pgmProgram.wpgm:18 exhausted all cases without a match","stack":"Error: [Send]{96f8f7} at pgmProgram.wpgm:18 exhausted all cases without a match\n    at c:\\Users\\agust\\.vscode\\extensions\\uqbar.wollok-lsp-ide-0.5.3\\out\\server\\src\\server.js:38:6142\n    at D2 (c:\\Users\\agust\\.vscode\\extensions\\uqbar.wollok-lsp-ide-0.5.3\\out\\server\\src\\server.js:2384:42)\n    at Qh (c:\\Users\\agust\\.vscode\\extensions\\uqbar.wollok-lsp-ide-0.5.3\\out\\server\\src\\server.js:2384:1092)\n    at k6n (c:\\Users\\agust\\.vscode\\extensions\\uqbar.wollok-lsp-ide-0.5.3\\out\\server\\src\\server.js:2384:1248)\n    at c:\\Users\\agust\\.vscode\\extensions\\uqbar.wollok-lsp-ide-0.5.3\\out\\server\\src\\server.js:38:6131\n    at D2 (c:\\Users\\agust\\.vscode\\extensions\\uqbar.wollok-lsp-ide-0.5.3\\out\\server\\src\\server.js:2384:42)\n    at c:\\Users\\agust\\.vscode\\extensions\\uqbar.wollok-lsp-ide-0.5.3\\out\\server\\src\\server.js:2384:2988\n    at c:\\Users\\agust\\.vscode\\extensions\\uqbar.wollok-lsp-ide-0.5.3\\out\\server\\src\\server.js:2393:8440\n    at c:\\Users\\agust\\.vscode\\extensions\\uqbar.wollok-lsp-ide-0.5.3\\out\\server\\src\\server.js:37:74872\n    at Ye (c:\\Users\\agust\\.vscode\\extensions\\uqbar.wollok-lsp-ide-0.5.3\\out\\server\\src\\server.js:7:8527)","timestamp":"2025-09-13T13:33:38.370Z"}
{"level":"error","message":"✘ Completions for node Send ([18:3, 18:40] - pgmProgram.wpgm) failed: Error: [Send]{05354d} at pgmProgram.wpgm:18 exhausted all cases without a match [Send]{05354d} at pgmProgram.wpgm:18 exhausted all cases without a match","stack":"Error: [Send]{05354d} at pgmProgram.wpgm:18 exhausted all cases without a match\n    at c:\\Users\\agust\\.vscode\\extensions\\uqbar.wollok-lsp-ide-0.5.3\\out\\server\\src\\server.js:38:6142\n    at D2 (c:\\Users\\agust\\.vscode\\extensions\\uqbar.wollok-lsp-ide-0.5.3\\out\\server\\src\\server.js:2384:42)\n    at Qh (c:\\Users\\agust\\.vscode\\extensions\\uqbar.wollok-lsp-ide-0.5.3\\out\\server\\src\\server.js:2384:1092)\n    at k6n (c:\\Users\\agust\\.vscode\\extensions\\uqbar.wollok-lsp-ide-0.5.3\\out\\server\\src\\server.js:2384:1248)\n    at c:\\Users\\agust\\.vscode\\extensions\\uqbar.wollok-lsp-ide-0.5.3\\out\\server\\src\\server.js:38:6131\n    at D2 (c:\\Users\\agust\\.vscode\\extensions\\uqbar.wollok-lsp-ide-0.5.3\\out\\server\\src\\server.js:2384:42)\n    at c:\\Users\\agust\\.vscode\\extensions\\uqbar.wollok-lsp-ide-0.5.3\\out\\server\\src\\server.js:2384:2988\n    at c:\\Users\\agust\\.vscode\\extensions\\uqbar.wollok-lsp-ide-0.5.3\\out\\server\\src\\server.js:2393:8440\n    at c:\\Users\\agust\\.vscode\\extensions\\uqbar.wollok-lsp-ide-0.5.3\\out\\server\\src\\server.js:37:74872\n    at Ye (c:\\Users\\agust\\.vscode\\extensions\\uqbar.wollok-lsp-ide-0.5.3\\out\\server\\src\\server.js:7:8527)","timestamp":"2025-09-13T13:33:40.953Z"}
{"level":"error","message":"✘ Completions for node Send ([18:3, 18:41] - pgmProgram.wpgm) failed: Error: [Send]{479612} at pgmProgram.wpgm:18 exhausted all cases without a match [Send]{479612} at pgmProgram.wpgm:18 exhausted all cases without a match","stack":"Error: [Send]{479612} at pgmProgram.wpgm:18 exhausted all cases without a match\n    at c:\\Users\\agust\\.vscode\\extensions\\uqbar.wollok-lsp-ide-0.5.3\\out\\server\\src\\server.js:38:6142\n    at D2 (c:\\Users\\agust\\.vscode\\extensions\\uqbar.wollok-lsp-ide-0.5.3\\out\\server\\src\\server.js:2384:42)\n    at Qh (c:\\Users\\agust\\.vscode\\extensions\\uqbar.wollok-lsp-ide-0.5.3\\out\\server\\src\\server.js:2384:1092)\n    at k6n (c:\\Users\\agust\\.vscode\\extensions\\uqbar.wollok-lsp-ide-0.5.3\\out\\server\\src\\server.js:2384:1248)\n    at c:\\Users\\agust\\.vscode\\extensions\\uqbar.wollok-lsp-ide-0.5.3\\out\\server\\src\\server.js:38:6131\n    at D2 (c:\\Users\\agust\\.vscode\\extensions\\uqbar.wollok-lsp-ide-0.5.3\\out\\server\\src\\server.js:2384:42)\n    at c:\\Users\\agust\\.vscode\\extensions\\uqbar.wollok-lsp-ide-0.5.3\\out\\server\\src\\server.js:2384:2988\n    at c:\\Users\\agust\\.vscode\\extensions\\uqbar.wollok-lsp-ide-0.5.3\\out\\server\\src\\server.js:2393:8440\n    at c:\\Users\\agust\\.vscode\\extensions\\uqbar.wollok-lsp-ide-0.5.3\\out\\server\\src\\server.js:37:74872\n    at Ye (c:\\Users\\agust\\.vscode\\extensions\\uqbar.wollok-lsp-ide-0.5.3\\out\\server\\src\\server.js:7:8527)","timestamp":"2025-09-13T13:33:41.072Z"}
{"level":"error","message":"✘ Completions for node Send ([18:3, 18:42] - pgmProgram.wpgm) failed: Error: [Send]{959df9} at pgmProgram.wpgm:18 exhausted all cases without a match [Send]{959df9} at pgmProgram.wpgm:18 exhausted all cases without a match","stack":"Error: [Send]{959df9} at pgmProgram.wpgm:18 exhausted all cases without a match\n    at c:\\Users\\agust\\.vscode\\extensions\\uqbar.wollok-lsp-ide-0.5.3\\out\\server\\src\\server.js:38:6142\n    at D2 (c:\\Users\\agust\\.vscode\\extensions\\uqbar.wollok-lsp-ide-0.5.3\\out\\server\\src\\server.js:2384:42)\n    at Qh (c:\\Users\\agust\\.vscode\\extensions\\uqbar.wollok-lsp-ide-0.5.3\\out\\server\\src\\server.js:2384:1092)\n    at k6n (c:\\Users\\agust\\.vscode\\extensions\\uqbar.wollok-lsp-ide-0.5.3\\out\\server\\src\\server.js:2384:1248)\n    at c:\\Users\\agust\\.vscode\\extensions\\uqbar.wollok-lsp-ide-0.5.3\\out\\server\\src\\server.js:38:6131\n    at D2 (c:\\Users\\agust\\.vscode\\extensions\\uqbar.wollok-lsp-ide-0.5.3\\out\\server\\src\\server.js:2384:42)\n    at c:\\Users\\agust\\.vscode\\extensions\\uqbar.wollok-lsp-ide-0.5.3\\out\\server\\src\\server.js:2384:2988\n    at c:\\Users\\agust\\.vscode\\extensions\\uqbar.wollok-lsp-ide-0.5.3\\out\\server\\src\\server.js:2393:8440\n    at c:\\Users\\agust\\.vscode\\extensions\\uqbar.wollok-lsp-ide-0.5.3\\out\\server\\src\\server.js:37:74872\n    at Ye (c:\\Users\\agust\\.vscode\\extensions\\uqbar.wollok-lsp-ide-0.5.3\\out\\server\\src\\server.js:7:8527)","timestamp":"2025-09-13T13:33:41.285Z"}
{"level":"error","message":"✘ Completions for node Send ([18:3, 18:44] - pgmProgram.wpgm) failed: Error: [Send]{97928c} at pgmProgram.wpgm:18 exhausted all cases without a match [Send]{97928c} at pgmProgram.wpgm:18 exhausted all cases without a match","stack":"Error: [Send]{97928c} at pgmProgram.wpgm:18 exhausted all cases without a match\n    at c:\\Users\\agust\\.vscode\\extensions\\uqbar.wollok-lsp-ide-0.5.3\\out\\server\\src\\server.js:38:6142\n    at D2 (c:\\Users\\agust\\.vscode\\extensions\\uqbar.wollok-lsp-ide-0.5.3\\out\\server\\src\\server.js:2384:42)\n    at Qh (c:\\Users\\agust\\.vscode\\extensions\\uqbar.wollok-lsp-ide-0.5.3\\out\\server\\src\\server.js:2384:1092)\n    at k6n (c:\\Users\\agust\\.vscode\\extensions\\uqbar.wollok-lsp-ide-0.5.3\\out\\server\\src\\server.js:2384:1248)\n    at c:\\Users\\agust\\.vscode\\extensions\\uqbar.wollok-lsp-ide-0.5.3\\out\\server\\src\\server.js:38:6131\n    at D2 (c:\\Users\\agust\\.vscode\\extensions\\uqbar.wollok-lsp-ide-0.5.3\\out\\server\\src\\server.js:2384:42)\n    at c:\\Users\\agust\\.vscode\\extensions\\uqbar.wollok-lsp-ide-0.5.3\\out\\server\\src\\server.js:2384:2988\n    at c:\\Users\\agust\\.vscode\\extensions\\uqbar.wollok-lsp-ide-0.5.3\\out\\server\\src\\server.js:2393:8440\n    at c:\\Users\\agust\\.vscode\\extensions\\uqbar.wollok-lsp-ide-0.5.3\\out\\server\\src\\server.js:37:74872\n    at Ye (c:\\Users\\agust\\.vscode\\extensions\\uqbar.wollok-lsp-ide-0.5.3\\out\\server\\src\\server.js:7:8527)","timestamp":"2025-09-13T13:33:41.573Z"}
{"level":"error","message":"✘ Completions for node Send ([18:3, 18:45] - pgmProgram.wpgm) failed: Error: [Send]{ec369e} at pgmProgram.wpgm:18 exhausted all cases without a match [Send]{ec369e} at pgmProgram.wpgm:18 exhausted all cases without a match","stack":"Error: [Send]{ec369e} at pgmProgram.wpgm:18 exhausted all cases without a match\n    at c:\\Users\\agust\\.vscode\\extensions\\uqbar.wollok-lsp-ide-0.5.3\\out\\server\\src\\server.js:38:6142\n    at D2 (c:\\Users\\agust\\.vscode\\extensions\\uqbar.wollok-lsp-ide-0.5.3\\out\\server\\src\\server.js:2384:42)\n    at Qh (c:\\Users\\agust\\.vscode\\extensions\\uqbar.wollok-lsp-ide-0.5.3\\out\\server\\src\\server.js:2384:1092)\n    at k6n (c:\\Users\\agust\\.vscode\\extensions\\uqbar.wollok-lsp-ide-0.5.3\\out\\server\\src\\server.js:2384:1248)\n    at c:\\Users\\agust\\.vscode\\extensions\\uqbar.wollok-lsp-ide-0.5.3\\out\\server\\src\\server.js:38:6131\n    at D2 (c:\\Users\\agust\\.vscode\\extensions\\uqbar.wollok-lsp-ide-0.5.3\\out\\server\\src\\server.js:2384:42)\n    at c:\\Users\\agust\\.vscode\\extensions\\uqbar.wollok-lsp-ide-0.5.3\\out\\server\\src\\server.js:2384:2988\n    at c:\\Users\\agust\\.vscode\\extensions\\uqbar.wollok-lsp-ide-0.5.3\\out\\server\\src\\server.js:2393:8440\n    at c:\\Users\\agust\\.vscode\\extensions\\uqbar.wollok-lsp-ide-0.5.3\\out\\server\\src\\server.js:37:74872\n    at Ye (c:\\Users\\agust\\.vscode\\extensions\\uqbar.wollok-lsp-ide-0.5.3\\out\\server\\src\\server.js:7:8527)","timestamp":"2025-09-13T13:33:42.065Z"}
{"level":"error","message":"✘ Completions for node Send ([18:3, 18:46] - pgmProgram.wpgm) failed: Error: [Send]{d1fb10} at pgmProgram.wpgm:18 exhausted all cases without a match [Send]{d1fb10} at pgmProgram.wpgm:18 exhausted all cases without a match","stack":"Error: [Send]{d1fb10} at pgmProgram.wpgm:18 exhausted all cases without a match\n    at c:\\Users\\agust\\.vscode\\extensions\\uqbar.wollok-lsp-ide-0.5.3\\out\\server\\src\\server.js:38:6142\n    at D2 (c:\\Users\\agust\\.vscode\\extensions\\uqbar.wollok-lsp-ide-0.5.3\\out\\server\\src\\server.js:2384:42)\n    at Qh (c:\\Users\\agust\\.vscode\\extensions\\uqbar.wollok-lsp-ide-0.5.3\\out\\server\\src\\server.js:2384:1092)\n    at k6n (c:\\Users\\agust\\.vscode\\extensions\\uqbar.wollok-lsp-ide-0.5.3\\out\\server\\src\\server.js:2384:1248)\n    at c:\\Users\\agust\\.vscode\\extensions\\uqbar.wollok-lsp-ide-0.5.3\\out\\server\\src\\server.js:38:6131\n    at D2 (c:\\Users\\agust\\.vscode\\extensions\\uqbar.wollok-lsp-ide-0.5.3\\out\\server\\src\\server.js:2384:42)\n    at c:\\Users\\agust\\.vscode\\extensions\\uqbar.wollok-lsp-ide-0.5.3\\out\\server\\src\\server.js:2384:2988\n    at c:\\Users\\agust\\.vscode\\extensions\\uqbar.wollok-lsp-ide-0.5.3\\out\\server\\src\\server.js:2393:8440\n    at c:\\Users\\agust\\.vscode\\extensions\\uqbar.wollok-lsp-ide-0.5.3\\out\\server\\src\\server.js:37:74872\n    at Ye (c:\\Users\\agust\\.vscode\\extensions\\uqbar.wollok-lsp-ide-0.5.3\\out\\server\\src\\server.js:7:8527)","timestamp":"2025-09-13T13:33:42.729Z"}
{"level":"error","message":"✘ Completions for node Send ([18:3, 18:47] - pgmProgram.wpgm) failed: Error: [Send]{7bcf32} at pgmProgram.wpgm:18 exhausted all cases without a match [Send]{7bcf32} at pgmProgram.wpgm:18 exhausted all cases without a match","stack":"Error: [Send]{7bcf32} at pgmProgram.wpgm:18 exhausted all cases without a match\n    at c:\\Users\\agust\\.vscode\\extensions\\uqbar.wollok-lsp-ide-0.5.3\\out\\server\\src\\server.js:38:6142\n    at D2 (c:\\Users\\agust\\.vscode\\extensions\\uqbar.wollok-lsp-ide-0.5.3\\out\\server\\src\\server.js:2384:42)\n    at Qh (c:\\Users\\agust\\.vscode\\extensions\\uqbar.wollok-lsp-ide-0.5.3\\out\\server\\src\\server.js:2384:1092)\n    at k6n (c:\\Users\\agust\\.vscode\\extensions\\uqbar.wollok-lsp-ide-0.5.3\\out\\server\\src\\server.js:2384:1248)\n    at c:\\Users\\agust\\.vscode\\extensions\\uqbar.wollok-lsp-ide-0.5.3\\out\\server\\src\\server.js:38:6131\n    at D2 (c:\\Users\\agust\\.vscode\\extensions\\uqbar.wollok-lsp-ide-0.5.3\\out\\server\\src\\server.js:2384:42)\n    at c:\\Users\\agust\\.vscode\\extensions\\uqbar.wollok-lsp-ide-0.5.3\\out\\server\\src\\server.js:2384:2988\n    at c:\\Users\\agust\\.vscode\\extensions\\uqbar.wollok-lsp-ide-0.5.3\\out\\server\\src\\server.js:2393:8440\n    at c:\\Users\\agust\\.vscode\\extensions\\uqbar.wollok-lsp-ide-0.5.3\\out\\server\\src\\server.js:37:74872\n    at Ye (c:\\Users\\agust\\.vscode\\extensions\\uqbar.wollok-lsp-ide-0.5.3\\out\\server\\src\\server.js:7:8527)","timestamp":"2025-09-13T13:33:42.851Z"}
{"level":"error","message":"✘ Completions for node Send ([18:3, 18:47] - pgmProgram.wpgm) failed: Error: [Send]{b7f1ec} at pgmProgram.wpgm:18 exhausted all cases without a match [Send]{b7f1ec} at pgmProgram.wpgm:18 exhausted all cases without a match","stack":"Error: [Send]{b7f1ec} at pgmProgram.wpgm:18 exhausted all cases without a match\n    at c:\\Users\\agust\\.vscode\\extensions\\uqbar.wollok-lsp-ide-0.5.3\\out\\server\\src\\server.js:38:6142\n    at D2 (c:\\Users\\agust\\.vscode\\extensions\\uqbar.wollok-lsp-ide-0.5.3\\out\\server\\src\\server.js:2384:42)\n    at Qh (c:\\Users\\agust\\.vscode\\extensions\\uqbar.wollok-lsp-ide-0.5.3\\out\\server\\src\\server.js:2384:1092)\n    at k6n (c:\\Users\\agust\\.vscode\\extensions\\uqbar.wollok-lsp-ide-0.5.3\\out\\server\\src\\server.js:2384:1248)\n    at c:\\Users\\agust\\.vscode\\extensions\\uqbar.wollok-lsp-ide-0.5.3\\out\\server\\src\\server.js:38:6131\n    at D2 (c:\\Users\\agust\\.vscode\\extensions\\uqbar.wollok-lsp-ide-0.5.3\\out\\server\\src\\server.js:2384:42)\n    at c:\\Users\\agust\\.vscode\\extensions\\uqbar.wollok-lsp-ide-0.5.3\\out\\server\\src\\server.js:2384:2988\n    at c:\\Users\\agust\\.vscode\\extensions\\uqbar.wollok-lsp-ide-0.5.3\\out\\server\\src\\server.js:2393:8440\n    at c:\\Users\\agust\\.vscode\\extensions\\uqbar.wollok-lsp-ide-0.5.3\\out\\server\\src\\server.js:37:74872\n    at Ye (c:\\Users\\agust\\.vscode\\extensions\\uqbar.wollok-lsp-ide-0.5.3\\out\\server\\src\\server.js:7:8527)","timestamp":"2025-09-13T13:33:43.294Z"}
{"level":"error","message":"✘ Completions for node Send ([18:3, 18:49] - pgmProgram.wpgm) failed: Error: [Send]{266f33} at pgmProgram.wpgm:18 exhausted all cases without a match [Send]{266f33} at pgmProgram.wpgm:18 exhausted all cases without a match","stack":"Error: [Send]{266f33} at pgmProgram.wpgm:18 exhausted all cases without a match\n    at c:\\Users\\agust\\.vscode\\extensions\\uqbar.wollok-lsp-ide-0.5.3\\out\\server\\src\\server.js:38:6142\n    at D2 (c:\\Users\\agust\\.vscode\\extensions\\uqbar.wollok-lsp-ide-0.5.3\\out\\server\\src\\server.js:2384:42)\n    at Qh (c:\\Users\\agust\\.vscode\\extensions\\uqbar.wollok-lsp-ide-0.5.3\\out\\server\\src\\server.js:2384:1092)\n    at k6n (c:\\Users\\agust\\.vscode\\extensions\\uqbar.wollok-lsp-ide-0.5.3\\out\\server\\src\\server.js:2384:1248)\n    at c:\\Users\\agust\\.vscode\\extensions\\uqbar.wollok-lsp-ide-0.5.3\\out\\server\\src\\server.js:38:6131\n    at D2 (c:\\Users\\agust\\.vscode\\extensions\\uqbar.wollok-lsp-ide-0.5.3\\out\\server\\src\\server.js:2384:42)\n    at c:\\Users\\agust\\.vscode\\extensions\\uqbar.wollok-lsp-ide-0.5.3\\out\\server\\src\\server.js:2384:2988\n    at c:\\Users\\agust\\.vscode\\extensions\\uqbar.wollok-lsp-ide-0.5.3\\out\\server\\src\\server.js:2393:8440\n    at c:\\Users\\agust\\.vscode\\extensions\\uqbar.wollok-lsp-ide-0.5.3\\out\\server\\src\\server.js:37:74872\n    at Ye (c:\\Users\\agust\\.vscode\\extensions\\uqbar.wollok-lsp-ide-0.5.3\\out\\server\\src\\server.js:7:8527)","timestamp":"2025-09-13T13:33:43.526Z"}
{"level":"error","message":"✘ Completions for node Send ([18:3, 18:50] - pgmProgram.wpgm) failed: Error: [Send]{e677e5} at pgmProgram.wpgm:18 exhausted all cases without a match [Send]{e677e5} at pgmProgram.wpgm:18 exhausted all cases without a match","stack":"Error: [Send]{e677e5} at pgmProgram.wpgm:18 exhausted all cases without a match\n    at c:\\Users\\agust\\.vscode\\extensions\\uqbar.wollok-lsp-ide-0.5.3\\out\\server\\src\\server.js:38:6142\n    at D2 (c:\\Users\\agust\\.vscode\\extensions\\uqbar.wollok-lsp-ide-0.5.3\\out\\server\\src\\server.js:2384:42)\n    at Qh (c:\\Users\\agust\\.vscode\\extensions\\uqbar.wollok-lsp-ide-0.5.3\\out\\server\\src\\server.js:2384:1092)\n    at k6n (c:\\Users\\agust\\.vscode\\extensions\\uqbar.wollok-lsp-ide-0.5.3\\out\\server\\src\\server.js:2384:1248)\n    at c:\\Users\\agust\\.vscode\\extensions\\uqbar.wollok-lsp-ide-0.5.3\\out\\server\\src\\server.js:38:6131\n    at D2 (c:\\Users\\agust\\.vscode\\extensions\\uqbar.wollok-lsp-ide-0.5.3\\out\\server\\src\\server.js:2384:42)\n    at c:\\Users\\agust\\.vscode\\extensions\\uqbar.wollok-lsp-ide-0.5.3\\out\\server\\src\\server.js:2384:2988\n    at c:\\Users\\agust\\.vscode\\extensions\\uqbar.wollok-lsp-ide-0.5.3\\out\\server\\src\\server.js:2393:8440\n    at c:\\Users\\agust\\.vscode\\extensions\\uqbar.wollok-lsp-ide-0.5.3\\out\\server\\src\\server.js:37:74872\n    at Ye (c:\\Users\\agust\\.vscode\\extensions\\uqbar.wollok-lsp-ide-0.5.3\\out\\server\\src\\server.js:7:8527)","timestamp":"2025-09-13T13:33:43.643Z"}
{"level":"error","message":"✘ Completions for node Send ([16:5, 16:21] - example.wlk) failed: Error: [Send]{a73ac2} at example.wlk:16 exhausted all cases without a match [Send]{a73ac2} at example.wlk:16 exhausted all cases without a match","stack":"Error: [Send]{a73ac2} at example.wlk:16 exhausted all cases without a match\n    at c:\\Users\\agust\\.vscode\\extensions\\uqbar.wollok-lsp-ide-0.5.3\\out\\server\\src\\server.js:38:6142\n    at D2 (c:\\Users\\agust\\.vscode\\extensions\\uqbar.wollok-lsp-ide-0.5.3\\out\\server\\src\\server.js:2384:42)\n    at Qh (c:\\Users\\agust\\.vscode\\extensions\\uqbar.wollok-lsp-ide-0.5.3\\out\\server\\src\\server.js:2384:1092)\n    at k6n (c:\\Users\\agust\\.vscode\\extensions\\uqbar.wollok-lsp-ide-0.5.3\\out\\server\\src\\server.js:2384:1248)\n    at c:\\Users\\agust\\.vscode\\extensions\\uqbar.wollok-lsp-ide-0.5.3\\out\\server\\src\\server.js:38:6131\n    at D2 (c:\\Users\\agust\\.vscode\\extensions\\uqbar.wollok-lsp-ide-0.5.3\\out\\server\\src\\server.js:2384:42)\n    at c:\\Users\\agust\\.vscode\\extensions\\uqbar.wollok-lsp-ide-0.5.3\\out\\server\\src\\server.js:2384:2988\n    at c:\\Users\\agust\\.vscode\\extensions\\uqbar.wollok-lsp-ide-0.5.3\\out\\server\\src\\server.js:2393:8440\n    at c:\\Users\\agust\\.vscode\\extensions\\uqbar.wollok-lsp-ide-0.5.3\\out\\server\\src\\server.js:37:74872\n    at Ye (c:\\Users\\agust\\.vscode\\extensions\\uqbar.wollok-lsp-ide-0.5.3\\out\\server\\src\\server.js:7:8527)","timestamp":"2025-09-13T13:37:34.186Z"}
{"level":"error","message":"✘ Completions for node Send ([19:2, 19:15] - pgmProgram.wpgm) failed: Error: [Send]{bbff8b} at pgmProgram.wpgm:19 exhausted all cases without a match [Send]{bbff8b} at pgmProgram.wpgm:19 exhausted all cases without a match","stack":"Error: [Send]{bbff8b} at pgmProgram.wpgm:19 exhausted all cases without a match\n    at c:\\Users\\agust\\.vscode\\extensions\\uqbar.wollok-lsp-ide-0.5.3\\out\\server\\src\\server.js:38:6142\n    at D2 (c:\\Users\\agust\\.vscode\\extensions\\uqbar.wollok-lsp-ide-0.5.3\\out\\server\\src\\server.js:2384:42)\n    at c:\\Users\\agust\\.vscode\\extensions\\uqbar.wollok-lsp-ide-0.5.3\\out\\server\\src\\server.js:2384:2988\n    at c:\\Users\\agust\\.vscode\\extensions\\uqbar.wollok-lsp-ide-0.5.3\\out\\server\\src\\server.js:2393:8440\n    at c:\\Users\\agust\\.vscode\\extensions\\uqbar.wollok-lsp-ide-0.5.3\\out\\server\\src\\server.js:37:74872\n    at Ye (c:\\Users\\agust\\.vscode\\extensions\\uqbar.wollok-lsp-ide-0.5.3\\out\\server\\src\\server.js:7:8527)\n    at qt (c:\\Users\\agust\\.vscode\\extensions\\uqbar.wollok-lsp-ide-0.5.3\\out\\server\\src\\server.js:7:6189)\n    at ot (c:\\Users\\agust\\.vscode\\extensions\\uqbar.wollok-lsp-ide-0.5.3\\out\\server\\src\\server.js:7:6378)\n    at Immediate._onImmediate (c:\\Users\\agust\\.vscode\\extensions\\uqbar.wollok-lsp-ide-0.5.3\\out\\server\\src\\server.js:7:6142)\n    at process.processImmediate (node:internal/timers:485:21)","timestamp":"2025-09-13T13:41:28.240Z"}
{"level":"error","message":"✘ Completions for node Send ([19:2, 19:56] - pgmProgram.wpgm) failed: Error: [Send]{966855} at pgmProgram.wpgm:19 exhausted all cases without a match [Send]{966855} at pgmProgram.wpgm:19 exhausted all cases without a match","stack":"Error: [Send]{966855} at pgmProgram.wpgm:19 exhausted all cases without a match\n    at c:\\Users\\agust\\.vscode\\extensions\\uqbar.wollok-lsp-ide-0.5.3\\out\\server\\src\\server.js:38:6142\n    at D2 (c:\\Users\\agust\\.vscode\\extensions\\uqbar.wollok-lsp-ide-0.5.3\\out\\server\\src\\server.js:2384:42)\n    at Qh (c:\\Users\\agust\\.vscode\\extensions\\uqbar.wollok-lsp-ide-0.5.3\\out\\server\\src\\server.js:2384:1092)\n    at D2 (c:\\Users\\agust\\.vscode\\extensions\\uqbar.wollok-lsp-ide-0.5.3\\out\\server\\src\\server.js:2384:544)\n    at c:\\Users\\agust\\.vscode\\extensions\\uqbar.wollok-lsp-ide-0.5.3\\out\\server\\src\\server.js:2384:2988\n    at c:\\Users\\agust\\.vscode\\extensions\\uqbar.wollok-lsp-ide-0.5.3\\out\\server\\src\\server.js:2393:8440\n    at c:\\Users\\agust\\.vscode\\extensions\\uqbar.wollok-lsp-ide-0.5.3\\out\\server\\src\\server.js:37:74872\n    at Ye (c:\\Users\\agust\\.vscode\\extensions\\uqbar.wollok-lsp-ide-0.5.3\\out\\server\\src\\server.js:7:8527)\n    at qt (c:\\Users\\agust\\.vscode\\extensions\\uqbar.wollok-lsp-ide-0.5.3\\out\\server\\src\\server.js:7:6189)\n    at ot (c:\\Users\\agust\\.vscode\\extensions\\uqbar.wollok-lsp-ide-0.5.3\\out\\server\\src\\server.js:7:6378)","timestamp":"2025-09-13T13:41:28.241Z"}
{"level":"error","message":"✘ Completions for node Send ([20:2, 20:15] - pgmProgram.wpgm) failed: Error: [Send]{acea5d} at pgmProgram.wpgm:20 exhausted all cases without a match [Send]{acea5d} at pgmProgram.wpgm:20 exhausted all cases without a match","stack":"Error: [Send]{acea5d} at pgmProgram.wpgm:20 exhausted all cases without a match\n    at c:\\Users\\agust\\.vscode\\extensions\\uqbar.wollok-lsp-ide-0.5.3\\out\\server\\src\\server.js:38:6142\n    at D2 (c:\\Users\\agust\\.vscode\\extensions\\uqbar.wollok-lsp-ide-0.5.3\\out\\server\\src\\server.js:2384:42)\n    at c:\\Users\\agust\\.vscode\\extensions\\uqbar.wollok-lsp-ide-0.5.3\\out\\server\\src\\server.js:2384:2988\n    at c:\\Users\\agust\\.vscode\\extensions\\uqbar.wollok-lsp-ide-0.5.3\\out\\server\\src\\server.js:2393:8440\n    at c:\\Users\\agust\\.vscode\\extensions\\uqbar.wollok-lsp-ide-0.5.3\\out\\server\\src\\server.js:37:74872\n    at Ye (c:\\Users\\agust\\.vscode\\extensions\\uqbar.wollok-lsp-ide-0.5.3\\out\\server\\src\\server.js:7:8527)\n    at qt (c:\\Users\\agust\\.vscode\\extensions\\uqbar.wollok-lsp-ide-0.5.3\\out\\server\\src\\server.js:7:6189)\n    at ot (c:\\Users\\agust\\.vscode\\extensions\\uqbar.wollok-lsp-ide-0.5.3\\out\\server\\src\\server.js:7:6378)\n    at Immediate._onImmediate (c:\\Users\\agust\\.vscode\\extensions\\uqbar.wollok-lsp-ide-0.5.3\\out\\server\\src\\server.js:7:6142)\n    at process.processImmediate (node:internal/timers:485:21)","timestamp":"2025-09-13T13:41:29.011Z"}
{"level":"error","message":"✘ Completions for node Send ([20:2, 20:56] - pgmProgram.wpgm) failed: Error: [Send]{e7bff3} at pgmProgram.wpgm:20 exhausted all cases without a match [Send]{e7bff3} at pgmProgram.wpgm:20 exhausted all cases without a match","stack":"Error: [Send]{e7bff3} at pgmProgram.wpgm:20 exhausted all cases without a match\n    at c:\\Users\\agust\\.vscode\\extensions\\uqbar.wollok-lsp-ide-0.5.3\\out\\server\\src\\server.js:38:6142\n    at D2 (c:\\Users\\agust\\.vscode\\extensions\\uqbar.wollok-lsp-ide-0.5.3\\out\\server\\src\\server.js:2384:42)\n    at Qh (c:\\Users\\agust\\.vscode\\extensions\\uqbar.wollok-lsp-ide-0.5.3\\out\\server\\src\\server.js:2384:1092)\n    at D2 (c:\\Users\\agust\\.vscode\\extensions\\uqbar.wollok-lsp-ide-0.5.3\\out\\server\\src\\server.js:2384:544)\n    at c:\\Users\\agust\\.vscode\\extensions\\uqbar.wollok-lsp-ide-0.5.3\\out\\server\\src\\server.js:2384:2988\n    at c:\\Users\\agust\\.vscode\\extensions\\uqbar.wollok-lsp-ide-0.5.3\\out\\server\\src\\server.js:2393:8440\n    at c:\\Users\\agust\\.vscode\\extensions\\uqbar.wollok-lsp-ide-0.5.3\\out\\server\\src\\server.js:37:74872\n    at Ye (c:\\Users\\agust\\.vscode\\extensions\\uqbar.wollok-lsp-ide-0.5.3\\out\\server\\src\\server.js:7:8527)\n    at qt (c:\\Users\\agust\\.vscode\\extensions\\uqbar.wollok-lsp-ide-0.5.3\\out\\server\\src\\server.js:7:6189)\n    at ot (c:\\Users\\agust\\.vscode\\extensions\\uqbar.wollok-lsp-ide-0.5.3\\out\\server\\src\\server.js:7:6378)","timestamp":"2025-09-13T13:41:29.011Z"}
{"level":"error","message":"✘ Completions for node Send ([21:2, 21:15] - pgmProgram.wpgm) failed: Error: [Send]{1f0831} at pgmProgram.wpgm:21 exhausted all cases without a match [Send]{1f0831} at pgmProgram.wpgm:21 exhausted all cases without a match","stack":"Error: [Send]{1f0831} at pgmProgram.wpgm:21 exhausted all cases without a match\n    at c:\\Users\\agust\\.vscode\\extensions\\uqbar.wollok-lsp-ide-0.5.3\\out\\server\\src\\server.js:38:6142\n    at D2 (c:\\Users\\agust\\.vscode\\extensions\\uqbar.wollok-lsp-ide-0.5.3\\out\\server\\src\\server.js:2384:42)\n    at c:\\Users\\agust\\.vscode\\extensions\\uqbar.wollok-lsp-ide-0.5.3\\out\\server\\src\\server.js:2384:2988\n    at c:\\Users\\agust\\.vscode\\extensions\\uqbar.wollok-lsp-ide-0.5.3\\out\\server\\src\\server.js:2393:8440\n    at c:\\Users\\agust\\.vscode\\extensions\\uqbar.wollok-lsp-ide-0.5.3\\out\\server\\src\\server.js:37:74872\n    at Ye (c:\\Users\\agust\\.vscode\\extensions\\uqbar.wollok-lsp-ide-0.5.3\\out\\server\\src\\server.js:7:8527)\n    at qt (c:\\Users\\agust\\.vscode\\extensions\\uqbar.wollok-lsp-ide-0.5.3\\out\\server\\src\\server.js:7:6189)\n    at ot (c:\\Users\\agust\\.vscode\\extensions\\uqbar.wollok-lsp-ide-0.5.3\\out\\server\\src\\server.js:7:6378)\n    at Immediate._onImmediate (c:\\Users\\agust\\.vscode\\extensions\\uqbar.wollok-lsp-ide-0.5.3\\out\\server\\src\\server.js:7:6142)\n    at process.processImmediate (node:internal/timers:485:21)","timestamp":"2025-09-13T13:41:30.510Z"}
{"level":"error","message":"✘ Completions for node Send ([21:2, 21:56] - pgmProgram.wpgm) failed: Error: [Send]{1f25c7} at pgmProgram.wpgm:21 exhausted all cases without a match [Send]{1f25c7} at pgmProgram.wpgm:21 exhausted all cases without a match","stack":"Error: [Send]{1f25c7} at pgmProgram.wpgm:21 exhausted all cases without a match\n    at c:\\Users\\agust\\.vscode\\extensions\\uqbar.wollok-lsp-ide-0.5.3\\out\\server\\src\\server.js:38:6142\n    at D2 (c:\\Users\\agust\\.vscode\\extensions\\uqbar.wollok-lsp-ide-0.5.3\\out\\server\\src\\server.js:2384:42)\n    at Qh (c:\\Users\\agust\\.vscode\\extensions\\uqbar.wollok-lsp-ide-0.5.3\\out\\server\\src\\server.js:2384:1092)\n    at D2 (c:\\Users\\agust\\.vscode\\extensions\\uqbar.wollok-lsp-ide-0.5.3\\out\\server\\src\\server.js:2384:544)\n    at c:\\Users\\agust\\.vscode\\extensions\\uqbar.wollok-lsp-ide-0.5.3\\out\\server\\src\\server.js:2384:2988\n    at c:\\Users\\agust\\.vscode\\extensions\\uqbar.wollok-lsp-ide-0.5.3\\out\\server\\src\\server.js:2393:8440\n    at c:\\Users\\agust\\.vscode\\extensions\\uqbar.wollok-lsp-ide-0.5.3\\out\\server\\src\\server.js:37:74872\n    at Ye (c:\\Users\\agust\\.vscode\\extensions\\uqbar.wollok-lsp-ide-0.5.3\\out\\server\\src\\server.js:7:8527)\n    at qt (c:\\Users\\agust\\.vscode\\extensions\\uqbar.wollok-lsp-ide-0.5.3\\out\\server\\src\\server.js:7:6189)\n    at ot (c:\\Users\\agust\\.vscode\\extensions\\uqbar.wollok-lsp-ide-0.5.3\\out\\server\\src\\server.js:7:6378)","timestamp":"2025-09-13T13:41:30.510Z"}
{"level":"error","message":"✘ Completions for node Send ([19:27, 19:48] - pgmProgram.wpgm) failed: Error: [Send]{b73be3} at pgmProgram.wpgm:19 exhausted all cases without a match [Send]{b73be3} at pgmProgram.wpgm:19 exhausted all cases without a match","stack":"Error: [Send]{b73be3} at pgmProgram.wpgm:19 exhausted all cases without a match\n    at c:\\Users\\agust\\.vscode\\extensions\\uqbar.wollok-lsp-ide-0.5.3\\out\\server\\src\\server.js:38:6142\n    at D2 (c:\\Users\\agust\\.vscode\\extensions\\uqbar.wollok-lsp-ide-0.5.3\\out\\server\\src\\server.js:2384:42)\n    at c:\\Users\\agust\\.vscode\\extensions\\uqbar.wollok-lsp-ide-0.5.3\\out\\server\\src\\server.js:2384:2988\n    at c:\\Users\\agust\\.vscode\\extensions\\uqbar.wollok-lsp-ide-0.5.3\\out\\server\\src\\server.js:2393:8440\n    at c:\\Users\\agust\\.vscode\\extensions\\uqbar.wollok-lsp-ide-0.5.3\\out\\server\\src\\server.js:37:74872\n    at Ye (c:\\Users\\agust\\.vscode\\extensions\\uqbar.wollok-lsp-ide-0.5.3\\out\\server\\src\\server.js:7:8527)\n    at qt (c:\\Users\\agust\\.vscode\\extensions\\uqbar.wollok-lsp-ide-0.5.3\\out\\server\\src\\server.js:7:6189)\n    at ot (c:\\Users\\agust\\.vscode\\extensions\\uqbar.wollok-lsp-ide-0.5.3\\out\\server\\src\\server.js:7:6378)\n    at Immediate._onImmediate (c:\\Users\\agust\\.vscode\\extensions\\uqbar.wollok-lsp-ide-0.5.3\\out\\server\\src\\server.js:7:6142)\n    at process.processImmediate (node:internal/timers:485:21)","timestamp":"2025-09-13T13:41:37.677Z"}
{"level":"error","message":"✘ Completions for node Return (undefined - pgmProgram.wpgm) failed: Error: [Return]{8a402a} at pgmProgram.wpgm:-- exhausted all cases without a match [Return]{8a402a} at pgmProgram.wpgm:-- exhausted all cases without a match","stack":"Error: [Return]{8a402a} at pgmProgram.wpgm:-- exhausted all cases without a match\n    at c:\\Users\\agust\\.vscode\\extensions\\uqbar.wollok-lsp-ide-0.5.3\\out\\server\\src\\server.js:38:6142\n    at D2 (c:\\Users\\agust\\.vscode\\extensions\\uqbar.wollok-lsp-ide-0.5.3\\out\\server\\src\\server.js:2384:42)\n    at Qh (c:\\Users\\agust\\.vscode\\extensions\\uqbar.wollok-lsp-ide-0.5.3\\out\\server\\src\\server.js:2384:1092)\n    at D2 (c:\\Users\\agust\\.vscode\\extensions\\uqbar.wollok-lsp-ide-0.5.3\\out\\server\\src\\server.js:2384:544)\n    at c:\\Users\\agust\\.vscode\\extensions\\uqbar.wollok-lsp-ide-0.5.3\\out\\server\\src\\server.js:2384:2988\n    at c:\\Users\\agust\\.vscode\\extensions\\uqbar.wollok-lsp-ide-0.5.3\\out\\server\\src\\server.js:2393:8440\n    at c:\\Users\\agust\\.vscode\\extensions\\uqbar.wollok-lsp-ide-0.5.3\\out\\server\\src\\server.js:37:74872\n    at Ye (c:\\Users\\agust\\.vscode\\extensions\\uqbar.wollok-lsp-ide-0.5.3\\out\\server\\src\\server.js:7:8527)\n    at qt (c:\\Users\\agust\\.vscode\\extensions\\uqbar.wollok-lsp-ide-0.5.3\\out\\server\\src\\server.js:7:6189)\n    at ot (c:\\Users\\agust\\.vscode\\extensions\\uqbar.wollok-lsp-ide-0.5.3\\out\\server\\src\\server.js:7:6378)","timestamp":"2025-09-13T13:41:37.677Z"}
{"level":"error","message":"✘ Completions for node Send ([19:27, 19:49] - pgmProgram.wpgm) failed: Error: [Send]{d2c467} at pgmProgram.wpgm:19 exhausted all cases without a match [Send]{d2c467} at pgmProgram.wpgm:19 exhausted all cases without a match","stack":"Error: [Send]{d2c467} at pgmProgram.wpgm:19 exhausted all cases without a match\n    at c:\\Users\\agust\\.vscode\\extensions\\uqbar.wollok-lsp-ide-0.5.3\\out\\server\\src\\server.js:38:6142\n    at D2 (c:\\Users\\agust\\.vscode\\extensions\\uqbar.wollok-lsp-ide-0.5.3\\out\\server\\src\\server.js:2384:42)\n    at c:\\Users\\agust\\.vscode\\extensions\\uqbar.wollok-lsp-ide-0.5.3\\out\\server\\src\\server.js:2384:2988\n    at c:\\Users\\agust\\.vscode\\extensions\\uqbar.wollok-lsp-ide-0.5.3\\out\\server\\src\\server.js:2393:8440\n    at c:\\Users\\agust\\.vscode\\extensions\\uqbar.wollok-lsp-ide-0.5.3\\out\\server\\src\\server.js:37:74872\n    at Ye (c:\\Users\\agust\\.vscode\\extensions\\uqbar.wollok-lsp-ide-0.5.3\\out\\server\\src\\server.js:7:8527)\n    at qt (c:\\Users\\agust\\.vscode\\extensions\\uqbar.wollok-lsp-ide-0.5.3\\out\\server\\src\\server.js:7:6189)\n    at ot (c:\\Users\\agust\\.vscode\\extensions\\uqbar.wollok-lsp-ide-0.5.3\\out\\server\\src\\server.js:7:6378)\n    at Immediate._onImmediate (c:\\Users\\agust\\.vscode\\extensions\\uqbar.wollok-lsp-ide-0.5.3\\out\\server\\src\\server.js:7:6142)\n    at process.processImmediate (node:internal/timers:485:21)","timestamp":"2025-09-13T13:41:39.871Z"}
{"level":"error","message":"✘ Completions for node Return (undefined - pgmProgram.wpgm) failed: Error: [Return]{2348f6} at pgmProgram.wpgm:-- exhausted all cases without a match [Return]{2348f6} at pgmProgram.wpgm:-- exhausted all cases without a match","stack":"Error: [Return]{2348f6} at pgmProgram.wpgm:-- exhausted all cases without a match\n    at c:\\Users\\agust\\.vscode\\extensions\\uqbar.wollok-lsp-ide-0.5.3\\out\\server\\src\\server.js:38:6142\n    at D2 (c:\\Users\\agust\\.vscode\\extensions\\uqbar.wollok-lsp-ide-0.5.3\\out\\server\\src\\server.js:2384:42)\n    at Qh (c:\\Users\\agust\\.vscode\\extensions\\uqbar.wollok-lsp-ide-0.5.3\\out\\server\\src\\server.js:2384:1092)\n    at D2 (c:\\Users\\agust\\.vscode\\extensions\\uqbar.wollok-lsp-ide-0.5.3\\out\\server\\src\\server.js:2384:544)\n    at c:\\Users\\agust\\.vscode\\extensions\\uqbar.wollok-lsp-ide-0.5.3\\out\\server\\src\\server.js:2384:2988\n    at c:\\Users\\agust\\.vscode\\extensions\\uqbar.wollok-lsp-ide-0.5.3\\out\\server\\src\\server.js:2393:8440\n    at c:\\Users\\agust\\.vscode\\extensions\\uqbar.wollok-lsp-ide-0.5.3\\out\\server\\src\\server.js:37:74872\n    at Ye (c:\\Users\\agust\\.vscode\\extensions\\uqbar.wollok-lsp-ide-0.5.3\\out\\server\\src\\server.js:7:8527)\n    at qt (c:\\Users\\agust\\.vscode\\extensions\\uqbar.wollok-lsp-ide-0.5.3\\out\\server\\src\\server.js:7:6189)\n    at ot (c:\\Users\\agust\\.vscode\\extensions\\uqbar.wollok-lsp-ide-0.5.3\\out\\server\\src\\server.js:7:6378)","timestamp":"2025-09-13T13:41:39.871Z"}
{"level":"error","message":"✘ Completions for node Send ([19:27, 19:50] - pgmProgram.wpgm) failed: Error: [Send]{20534e} at pgmProgram.wpgm:19 exhausted all cases without a match [Send]{20534e} at pgmProgram.wpgm:19 exhausted all cases without a match","stack":"Error: [Send]{20534e} at pgmProgram.wpgm:19 exhausted all cases without a match\n    at c:\\Users\\agust\\.vscode\\extensions\\uqbar.wollok-lsp-ide-0.5.3\\out\\server\\src\\server.js:38:6142\n    at D2 (c:\\Users\\agust\\.vscode\\extensions\\uqbar.wollok-lsp-ide-0.5.3\\out\\server\\src\\server.js:2384:42)\n    at c:\\Users\\agust\\.vscode\\extensions\\uqbar.wollok-lsp-ide-0.5.3\\out\\server\\src\\server.js:2384:2988\n    at c:\\Users\\agust\\.vscode\\extensions\\uqbar.wollok-lsp-ide-0.5.3\\out\\server\\src\\server.js:2393:8440\n    at c:\\Users\\agust\\.vscode\\extensions\\uqbar.wollok-lsp-ide-0.5.3\\out\\server\\src\\server.js:37:74872\n    at Ye (c:\\Users\\agust\\.vscode\\extensions\\uqbar.wollok-lsp-ide-0.5.3\\out\\server\\src\\server.js:7:8527)\n    at qt (c:\\Users\\agust\\.vscode\\extensions\\uqbar.wollok-lsp-ide-0.5.3\\out\\server\\src\\server.js:7:6189)\n    at ot (c:\\Users\\agust\\.vscode\\extensions\\uqbar.wollok-lsp-ide-0.5.3\\out\\server\\src\\server.js:7:6378)\n    at Immediate._onImmediate (c:\\Users\\agust\\.vscode\\extensions\\uqbar.wollok-lsp-ide-0.5.3\\out\\server\\src\\server.js:7:6142)\n    at process.processImmediate (node:internal/timers:485:21)","timestamp":"2025-09-13T13:41:40.255Z"}
{"level":"error","message":"✘ Completions for node Return (undefined - pgmProgram.wpgm) failed: Error: [Return]{c5e777} at pgmProgram.wpgm:-- exhausted all cases without a match [Return]{c5e777} at pgmProgram.wpgm:-- exhausted all cases without a match","stack":"Error: [Return]{c5e777} at pgmProgram.wpgm:-- exhausted all cases without a match\n    at c:\\Users\\agust\\.vscode\\extensions\\uqbar.wollok-lsp-ide-0.5.3\\out\\server\\src\\server.js:38:6142\n    at D2 (c:\\Users\\agust\\.vscode\\extensions\\uqbar.wollok-lsp-ide-0.5.3\\out\\server\\src\\server.js:2384:42)\n    at Qh (c:\\Users\\agust\\.vscode\\extensions\\uqbar.wollok-lsp-ide-0.5.3\\out\\server\\src\\server.js:2384:1092)\n    at D2 (c:\\Users\\agust\\.vscode\\extensions\\uqbar.wollok-lsp-ide-0.5.3\\out\\server\\src\\server.js:2384:544)\n    at c:\\Users\\agust\\.vscode\\extensions\\uqbar.wollok-lsp-ide-0.5.3\\out\\server\\src\\server.js:2384:2988\n    at c:\\Users\\agust\\.vscode\\extensions\\uqbar.wollok-lsp-ide-0.5.3\\out\\server\\src\\server.js:2393:8440\n    at c:\\Users\\agust\\.vscode\\extensions\\uqbar.wollok-lsp-ide-0.5.3\\out\\server\\src\\server.js:37:74872\n    at Ye (c:\\Users\\agust\\.vscode\\extensions\\uqbar.wollok-lsp-ide-0.5.3\\out\\server\\src\\server.js:7:8527)\n    at qt (c:\\Users\\agust\\.vscode\\extensions\\uqbar.wollok-lsp-ide-0.5.3\\out\\server\\src\\server.js:7:6189)\n    at ot (c:\\Users\\agust\\.vscode\\extensions\\uqbar.wollok-lsp-ide-0.5.3\\out\\server\\src\\server.js:7:6378)","timestamp":"2025-09-13T13:41:40.255Z"}
{"level":"error","message":"✘ Completions for node Send ([19:27, 19:51] - pgmProgram.wpgm) failed: Error: [Send]{b86240} at pgmProgram.wpgm:19 exhausted all cases without a match [Send]{b86240} at pgmProgram.wpgm:19 exhausted all cases without a match","stack":"Error: [Send]{b86240} at pgmProgram.wpgm:19 exhausted all cases without a match\n    at c:\\Users\\agust\\.vscode\\extensions\\uqbar.wollok-lsp-ide-0.5.3\\out\\server\\src\\server.js:38:6142\n    at D2 (c:\\Users\\agust\\.vscode\\extensions\\uqbar.wollok-lsp-ide-0.5.3\\out\\server\\src\\server.js:2384:42)\n    at c:\\Users\\agust\\.vscode\\extensions\\uqbar.wollok-lsp-ide-0.5.3\\out\\server\\src\\server.js:2384:2988\n    at c:\\Users\\agust\\.vscode\\extensions\\uqbar.wollok-lsp-ide-0.5.3\\out\\server\\src\\server.js:2393:8440\n    at c:\\Users\\agust\\.vscode\\extensions\\uqbar.wollok-lsp-ide-0.5.3\\out\\server\\src\\server.js:37:74872\n    at Ye (c:\\Users\\agust\\.vscode\\extensions\\uqbar.wollok-lsp-ide-0.5.3\\out\\server\\src\\server.js:7:8527)\n    at qt (c:\\Users\\agust\\.vscode\\extensions\\uqbar.wollok-lsp-ide-0.5.3\\out\\server\\src\\server.js:7:6189)\n    at ot (c:\\Users\\agust\\.vscode\\extensions\\uqbar.wollok-lsp-ide-0.5.3\\out\\server\\src\\server.js:7:6378)\n    at Immediate._onImmediate (c:\\Users\\agust\\.vscode\\extensions\\uqbar.wollok-lsp-ide-0.5.3\\out\\server\\src\\server.js:7:6142)\n    at process.processImmediate (node:internal/timers:485:21)","timestamp":"2025-09-13T13:41:40.428Z"}
{"level":"error","message":"✘ Completions for node Return (undefined - pgmProgram.wpgm) failed: Error: [Return]{ab9fe9} at pgmProgram.wpgm:-- exhausted all cases without a match [Return]{ab9fe9} at pgmProgram.wpgm:-- exhausted all cases without a match","stack":"Error: [Return]{ab9fe9} at pgmProgram.wpgm:-- exhausted all cases without a match\n    at c:\\Users\\agust\\.vscode\\extensions\\uqbar.wollok-lsp-ide-0.5.3\\out\\server\\src\\server.js:38:6142\n    at D2 (c:\\Users\\agust\\.vscode\\extensions\\uqbar.wollok-lsp-ide-0.5.3\\out\\server\\src\\server.js:2384:42)\n    at Qh (c:\\Users\\agust\\.vscode\\extensions\\uqbar.wollok-lsp-ide-0.5.3\\out\\server\\src\\server.js:2384:1092)\n    at D2 (c:\\Users\\agust\\.vscode\\extensions\\uqbar.wollok-lsp-ide-0.5.3\\out\\server\\src\\server.js:2384:544)\n    at c:\\Users\\agust\\.vscode\\extensions\\uqbar.wollok-lsp-ide-0.5.3\\out\\server\\src\\server.js:2384:2988\n    at c:\\Users\\agust\\.vscode\\extensions\\uqbar.wollok-lsp-ide-0.5.3\\out\\server\\src\\server.js:2393:8440\n    at c:\\Users\\agust\\.vscode\\extensions\\uqbar.wollok-lsp-ide-0.5.3\\out\\server\\src\\server.js:37:74872\n    at Ye (c:\\Users\\agust\\.vscode\\extensions\\uqbar.wollok-lsp-ide-0.5.3\\out\\server\\src\\server.js:7:8527)\n    at qt (c:\\Users\\agust\\.vscode\\extensions\\uqbar.wollok-lsp-ide-0.5.3\\out\\server\\src\\server.js:7:6189)\n    at ot (c:\\Users\\agust\\.vscode\\extensions\\uqbar.wollok-lsp-ide-0.5.3\\out\\server\\src\\server.js:7:6378)","timestamp":"2025-09-13T13:41:40.428Z"}
{"level":"error","message":"✘ Completions for node Send ([19:27, 19:52] - pgmProgram.wpgm) failed: Error: [Send]{ee42fe} at pgmProgram.wpgm:19 exhausted all cases without a match [Send]{ee42fe} at pgmProgram.wpgm:19 exhausted all cases without a match","stack":"Error: [Send]{ee42fe} at pgmProgram.wpgm:19 exhausted all cases without a match\n    at c:\\Users\\agust\\.vscode\\extensions\\uqbar.wollok-lsp-ide-0.5.3\\out\\server\\src\\server.js:38:6142\n    at D2 (c:\\Users\\agust\\.vscode\\extensions\\uqbar.wollok-lsp-ide-0.5.3\\out\\server\\src\\server.js:2384:42)\n    at c:\\Users\\agust\\.vscode\\extensions\\uqbar.wollok-lsp-ide-0.5.3\\out\\server\\src\\server.js:2384:2988\n    at c:\\Users\\agust\\.vscode\\extensions\\uqbar.wollok-lsp-ide-0.5.3\\out\\server\\src\\server.js:2393:8440\n    at c:\\Users\\agust\\.vscode\\extensions\\uqbar.wollok-lsp-ide-0.5.3\\out\\server\\src\\server.js:37:74872\n    at Ye (c:\\Users\\agust\\.vscode\\extensions\\uqbar.wollok-lsp-ide-0.5.3\\out\\server\\src\\server.js:7:8527)\n    at qt (c:\\Users\\agust\\.vscode\\extensions\\uqbar.wollok-lsp-ide-0.5.3\\out\\server\\src\\server.js:7:6189)\n    at ot (c:\\Users\\agust\\.vscode\\extensions\\uqbar.wollok-lsp-ide-0.5.3\\out\\server\\src\\server.js:7:6378)\n    at Immediate._onImmediate (c:\\Users\\agust\\.vscode\\extensions\\uqbar.wollok-lsp-ide-0.5.3\\out\\server\\src\\server.js:7:6142)\n    at process.processImmediate (node:internal/timers:485:21)","timestamp":"2025-09-13T13:41:40.578Z"}
{"level":"error","message":"✘ Completions for node Return (undefined - pgmProgram.wpgm) failed: Error: [Return]{ed11d0} at pgmProgram.wpgm:-- exhausted all cases without a match [Return]{ed11d0} at pgmProgram.wpgm:-- exhausted all cases without a match","stack":"Error: [Return]{ed11d0} at pgmProgram.wpgm:-- exhausted all cases without a match\n    at c:\\Users\\agust\\.vscode\\extensions\\uqbar.wollok-lsp-ide-0.5.3\\out\\server\\src\\server.js:38:6142\n    at D2 (c:\\Users\\agust\\.vscode\\extensions\\uqbar.wollok-lsp-ide-0.5.3\\out\\server\\src\\server.js:2384:42)\n    at Qh (c:\\Users\\agust\\.vscode\\extensions\\uqbar.wollok-lsp-ide-0.5.3\\out\\server\\src\\server.js:2384:1092)\n    at D2 (c:\\Users\\agust\\.vscode\\extensions\\uqbar.wollok-lsp-ide-0.5.3\\out\\server\\src\\server.js:2384:544)\n    at c:\\Users\\agust\\.vscode\\extensions\\uqbar.wollok-lsp-ide-0.5.3\\out\\server\\src\\server.js:2384:2988\n    at c:\\Users\\agust\\.vscode\\extensions\\uqbar.wollok-lsp-ide-0.5.3\\out\\server\\src\\server.js:2393:8440\n    at c:\\Users\\agust\\.vscode\\extensions\\uqbar.wollok-lsp-ide-0.5.3\\out\\server\\src\\server.js:37:74872\n    at Ye (c:\\Users\\agust\\.vscode\\extensions\\uqbar.wollok-lsp-ide-0.5.3\\out\\server\\src\\server.js:7:8527)\n    at qt (c:\\Users\\agust\\.vscode\\extensions\\uqbar.wollok-lsp-ide-0.5.3\\out\\server\\src\\server.js:7:6189)\n    at ot (c:\\Users\\agust\\.vscode\\extensions\\uqbar.wollok-lsp-ide-0.5.3\\out\\server\\src\\server.js:7:6378)","timestamp":"2025-09-13T13:41:40.578Z"}
{"level":"error","message":"✘ Completions for node Send ([19:27, 19:53] - pgmProgram.wpgm) failed: Error: [Send]{30ddfb} at pgmProgram.wpgm:19 exhausted all cases without a match [Send]{30ddfb} at pgmProgram.wpgm:19 exhausted all cases without a match","stack":"Error: [Send]{30ddfb} at pgmProgram.wpgm:19 exhausted all cases without a match\n    at c:\\Users\\agust\\.vscode\\extensions\\uqbar.wollok-lsp-ide-0.5.3\\out\\server\\src\\server.js:38:6142\n    at D2 (c:\\Users\\agust\\.vscode\\extensions\\uqbar.wollok-lsp-ide-0.5.3\\out\\server\\src\\server.js:2384:42)\n    at c:\\Users\\agust\\.vscode\\extensions\\uqbar.wollok-lsp-ide-0.5.3\\out\\server\\src\\server.js:2384:2988\n    at c:\\Users\\agust\\.vscode\\extensions\\uqbar.wollok-lsp-ide-0.5.3\\out\\server\\src\\server.js:2393:8440\n    at c:\\Users\\agust\\.vscode\\extensions\\uqbar.wollok-lsp-ide-0.5.3\\out\\server\\src\\server.js:37:74872\n    at Ye (c:\\Users\\agust\\.vscode\\extensions\\uqbar.wollok-lsp-ide-0.5.3\\out\\server\\src\\server.js:7:8527)\n    at qt (c:\\Users\\agust\\.vscode\\extensions\\uqbar.wollok-lsp-ide-0.5.3\\out\\server\\src\\server.js:7:6189)\n    at ot (c:\\Users\\agust\\.vscode\\extensions\\uqbar.wollok-lsp-ide-0.5.3\\out\\server\\src\\server.js:7:6378)\n    at Immediate._onImmediate (c:\\Users\\agust\\.vscode\\extensions\\uqbar.wollok-lsp-ide-0.5.3\\out\\server\\src\\server.js:7:6142)\n    at process.processImmediate (node:internal/timers:485:21)","timestamp":"2025-09-13T13:41:40.708Z"}
{"level":"error","message":"✘ Completions for node Return (undefined - pgmProgram.wpgm) failed: Error: [Return]{275c40} at pgmProgram.wpgm:-- exhausted all cases without a match [Return]{275c40} at pgmProgram.wpgm:-- exhausted all cases without a match","stack":"Error: [Return]{275c40} at pgmProgram.wpgm:-- exhausted all cases without a match\n    at c:\\Users\\agust\\.vscode\\extensions\\uqbar.wollok-lsp-ide-0.5.3\\out\\server\\src\\server.js:38:6142\n    at D2 (c:\\Users\\agust\\.vscode\\extensions\\uqbar.wollok-lsp-ide-0.5.3\\out\\server\\src\\server.js:2384:42)\n    at Qh (c:\\Users\\agust\\.vscode\\extensions\\uqbar.wollok-lsp-ide-0.5.3\\out\\server\\src\\server.js:2384:1092)\n    at D2 (c:\\Users\\agust\\.vscode\\extensions\\uqbar.wollok-lsp-ide-0.5.3\\out\\server\\src\\server.js:2384:544)\n    at c:\\Users\\agust\\.vscode\\extensions\\uqbar.wollok-lsp-ide-0.5.3\\out\\server\\src\\server.js:2384:2988\n    at c:\\Users\\agust\\.vscode\\extensions\\uqbar.wollok-lsp-ide-0.5.3\\out\\server\\src\\server.js:2393:8440\n    at c:\\Users\\agust\\.vscode\\extensions\\uqbar.wollok-lsp-ide-0.5.3\\out\\server\\src\\server.js:37:74872\n    at Ye (c:\\Users\\agust\\.vscode\\extensions\\uqbar.wollok-lsp-ide-0.5.3\\out\\server\\src\\server.js:7:8527)\n    at qt (c:\\Users\\agust\\.vscode\\extensions\\uqbar.wollok-lsp-ide-0.5.3\\out\\server\\src\\server.js:7:6189)\n    at ot (c:\\Users\\agust\\.vscode\\extensions\\uqbar.wollok-lsp-ide-0.5.3\\out\\server\\src\\server.js:7:6378)","timestamp":"2025-09-13T13:41:40.709Z"}
{"level":"error","message":"✘ Completions for node Send ([20:27, 20:49] - pgmProgram.wpgm) failed: Error: [Send]{b06c26} at pgmProgram.wpgm:20 exhausted all cases without a match [Send]{b06c26} at pgmProgram.wpgm:20 exhausted all cases without a match","stack":"Error: [Send]{b06c26} at pgmProgram.wpgm:20 exhausted all cases without a match\n    at c:\\Users\\agust\\.vscode\\extensions\\uqbar.wollok-lsp-ide-0.5.3\\out\\server\\src\\server.js:38:6142\n    at D2 (c:\\Users\\agust\\.vscode\\extensions\\uqbar.wollok-lsp-ide-0.5.3\\out\\server\\src\\server.js:2384:42)\n    at c:\\Users\\agust\\.vscode\\extensions\\uqbar.wollok-lsp-ide-0.5.3\\out\\server\\src\\server.js:2384:2988\n    at c:\\Users\\agust\\.vscode\\extensions\\uqbar.wollok-lsp-ide-0.5.3\\out\\server\\src\\server.js:2393:8440\n    at c:\\Users\\agust\\.vscode\\extensions\\uqbar.wollok-lsp-ide-0.5.3\\out\\server\\src\\server.js:37:74872\n    at Ye (c:\\Users\\agust\\.vscode\\extensions\\uqbar.wollok-lsp-ide-0.5.3\\out\\server\\src\\server.js:7:8527)\n    at qt (c:\\Users\\agust\\.vscode\\extensions\\uqbar.wollok-lsp-ide-0.5.3\\out\\server\\src\\server.js:7:6189)\n    at ot (c:\\Users\\agust\\.vscode\\extensions\\uqbar.wollok-lsp-ide-0.5.3\\out\\server\\src\\server.js:7:6378)\n    at Immediate._onImmediate (c:\\Users\\agust\\.vscode\\extensions\\uqbar.wollok-lsp-ide-0.5.3\\out\\server\\src\\server.js:7:6142)\n    at process.processImmediate (node:internal/timers:485:21)","timestamp":"2025-09-13T13:41:42.950Z"}
{"level":"error","message":"✘ Completions for node Return (undefined - pgmProgram.wpgm) failed: Error: [Return]{815fb6} at pgmProgram.wpgm:-- exhausted all cases without a match [Return]{815fb6} at pgmProgram.wpgm:-- exhausted all cases without a match","stack":"Error: [Return]{815fb6} at pgmProgram.wpgm:-- exhausted all cases without a match\n    at c:\\Users\\agust\\.vscode\\extensions\\uqbar.wollok-lsp-ide-0.5.3\\out\\server\\src\\server.js:38:6142\n    at D2 (c:\\Users\\agust\\.vscode\\extensions\\uqbar.wollok-lsp-ide-0.5.3\\out\\server\\src\\server.js:2384:42)\n    at Qh (c:\\Users\\agust\\.vscode\\extensions\\uqbar.wollok-lsp-ide-0.5.3\\out\\server\\src\\server.js:2384:1092)\n    at D2 (c:\\Users\\agust\\.vscode\\extensions\\uqbar.wollok-lsp-ide-0.5.3\\out\\server\\src\\server.js:2384:544)\n    at c:\\Users\\agust\\.vscode\\extensions\\uqbar.wollok-lsp-ide-0.5.3\\out\\server\\src\\server.js:2384:2988\n    at c:\\Users\\agust\\.vscode\\extensions\\uqbar.wollok-lsp-ide-0.5.3\\out\\server\\src\\server.js:2393:8440\n    at c:\\Users\\agust\\.vscode\\extensions\\uqbar.wollok-lsp-ide-0.5.3\\out\\server\\src\\server.js:37:74872\n    at Ye (c:\\Users\\agust\\.vscode\\extensions\\uqbar.wollok-lsp-ide-0.5.3\\out\\server\\src\\server.js:7:8527)\n    at qt (c:\\Users\\agust\\.vscode\\extensions\\uqbar.wollok-lsp-ide-0.5.3\\out\\server\\src\\server.js:7:6189)\n    at ot (c:\\Users\\agust\\.vscode\\extensions\\uqbar.wollok-lsp-ide-0.5.3\\out\\server\\src\\server.js:7:6378)","timestamp":"2025-09-13T13:41:42.950Z"}
{"level":"error","message":"✘ Completions for node Send ([20:27, 20:49] - pgmProgram.wpgm) failed: Error: [Send]{c1a6c3} at pgmProgram.wpgm:20 exhausted all cases without a match [Send]{c1a6c3} at pgmProgram.wpgm:20 exhausted all cases without a match","stack":"Error: [Send]{c1a6c3} at pgmProgram.wpgm:20 exhausted all cases without a match\n    at c:\\Users\\agust\\.vscode\\extensions\\uqbar.wollok-lsp-ide-0.5.3\\out\\server\\src\\server.js:38:6142\n    at D2 (c:\\Users\\agust\\.vscode\\extensions\\uqbar.wollok-lsp-ide-0.5.3\\out\\server\\src\\server.js:2384:42)\n    at c:\\Users\\agust\\.vscode\\extensions\\uqbar.wollok-lsp-ide-0.5.3\\out\\server\\src\\server.js:2384:2988\n    at c:\\Users\\agust\\.vscode\\extensions\\uqbar.wollok-lsp-ide-0.5.3\\out\\server\\src\\server.js:2393:8440\n    at c:\\Users\\agust\\.vscode\\extensions\\uqbar.wollok-lsp-ide-0.5.3\\out\\server\\src\\server.js:37:74872\n    at Ye (c:\\Users\\agust\\.vscode\\extensions\\uqbar.wollok-lsp-ide-0.5.3\\out\\server\\src\\server.js:7:8527)\n    at qt (c:\\Users\\agust\\.vscode\\extensions\\uqbar.wollok-lsp-ide-0.5.3\\out\\server\\src\\server.js:7:6189)\n    at ot (c:\\Users\\agust\\.vscode\\extensions\\uqbar.wollok-lsp-ide-0.5.3\\out\\server\\src\\server.js:7:6378)\n    at Immediate._onImmediate (c:\\Users\\agust\\.vscode\\extensions\\uqbar.wollok-lsp-ide-0.5.3\\out\\server\\src\\server.js:7:6142)\n    at process.processImmediate (node:internal/timers:485:21)","timestamp":"2025-09-13T13:41:44.312Z"}
{"level":"error","message":"✘ Completions for node Return (undefined - pgmProgram.wpgm) failed: Error: [Return]{e18c27} at pgmProgram.wpgm:-- exhausted all cases without a match [Return]{e18c27} at pgmProgram.wpgm:-- exhausted all cases without a match","stack":"Error: [Return]{e18c27} at pgmProgram.wpgm:-- exhausted all cases without a match\n    at c:\\Users\\agust\\.vscode\\extensions\\uqbar.wollok-lsp-ide-0.5.3\\out\\server\\src\\server.js:38:6142\n    at D2 (c:\\Users\\agust\\.vscode\\extensions\\uqbar.wollok-lsp-ide-0.5.3\\out\\server\\src\\server.js:2384:42)\n    at Qh (c:\\Users\\agust\\.vscode\\extensions\\uqbar.wollok-lsp-ide-0.5.3\\out\\server\\src\\server.js:2384:1092)\n    at D2 (c:\\Users\\agust\\.vscode\\extensions\\uqbar.wollok-lsp-ide-0.5.3\\out\\server\\src\\server.js:2384:544)\n    at c:\\Users\\agust\\.vscode\\extensions\\uqbar.wollok-lsp-ide-0.5.3\\out\\server\\src\\server.js:2384:2988\n    at c:\\Users\\agust\\.vscode\\extensions\\uqbar.wollok-lsp-ide-0.5.3\\out\\server\\src\\server.js:2393:8440\n    at c:\\Users\\agust\\.vscode\\extensions\\uqbar.wollok-lsp-ide-0.5.3\\out\\server\\src\\server.js:37:74872\n    at Ye (c:\\Users\\agust\\.vscode\\extensions\\uqbar.wollok-lsp-ide-0.5.3\\out\\server\\src\\server.js:7:8527)\n    at qt (c:\\Users\\agust\\.vscode\\extensions\\uqbar.wollok-lsp-ide-0.5.3\\out\\server\\src\\server.js:7:6189)\n    at ot (c:\\Users\\agust\\.vscode\\extensions\\uqbar.wollok-lsp-ide-0.5.3\\out\\server\\src\\server.js:7:6378)","timestamp":"2025-09-13T13:41:44.312Z"}
{"level":"error","message":"✘ Completions for node Send ([20:27, 20:50] - pgmProgram.wpgm) failed: Error: [Send]{066b8e} at pgmProgram.wpgm:20 exhausted all cases without a match [Send]{066b8e} at pgmProgram.wpgm:20 exhausted all cases without a match","stack":"Error: [Send]{066b8e} at pgmProgram.wpgm:20 exhausted all cases without a match\n    at c:\\Users\\agust\\.vscode\\extensions\\uqbar.wollok-lsp-ide-0.5.3\\out\\server\\src\\server.js:38:6142\n    at D2 (c:\\Users\\agust\\.vscode\\extensions\\uqbar.wollok-lsp-ide-0.5.3\\out\\server\\src\\server.js:2384:42)\n    at c:\\Users\\agust\\.vscode\\extensions\\uqbar.wollok-lsp-ide-0.5.3\\out\\server\\src\\server.js:2384:2988\n    at c:\\Users\\agust\\.vscode\\extensions\\uqbar.wollok-lsp-ide-0.5.3\\out\\server\\src\\server.js:2393:8440\n    at c:\\Users\\agust\\.vscode\\extensions\\uqbar.wollok-lsp-ide-0.5.3\\out\\server\\src\\server.js:37:74872\n    at Ye (c:\\Users\\agust\\.vscode\\extensions\\uqbar.wollok-lsp-ide-0.5.3\\out\\server\\src\\server.js:7:8527)\n    at qt (c:\\Users\\agust\\.vscode\\extensions\\uqbar.wollok-lsp-ide-0.5.3\\out\\server\\src\\server.js:7:6189)\n    at ot (c:\\Users\\agust\\.vscode\\extensions\\uqbar.wollok-lsp-ide-0.5.3\\out\\server\\src\\server.js:7:6378)\n    at Immediate._onImmediate (c:\\Users\\agust\\.vscode\\extensions\\uqbar.wollok-lsp-ide-0.5.3\\out\\server\\src\\server.js:7:6142)\n    at process.processImmediate (node:internal/timers:485:21)","timestamp":"2025-09-13T13:41:44.616Z"}
{"level":"error","message":"✘ Completions for node Return (undefined - pgmProgram.wpgm) failed: Error: [Return]{f8c427} at pgmProgram.wpgm:-- exhausted all cases without a match [Return]{f8c427} at pgmProgram.wpgm:-- exhausted all cases without a match","stack":"Error: [Return]{f8c427} at pgmProgram.wpgm:-- exhausted all cases without a match\n    at c:\\Users\\agust\\.vscode\\extensions\\uqbar.wollok-lsp-ide-0.5.3\\out\\server\\src\\server.js:38:6142\n    at D2 (c:\\Users\\agust\\.vscode\\extensions\\uqbar.wollok-lsp-ide-0.5.3\\out\\server\\src\\server.js:2384:42)\n    at Qh (c:\\Users\\agust\\.vscode\\extensions\\uqbar.wollok-lsp-ide-0.5.3\\out\\server\\src\\server.js:2384:1092)\n    at D2 (c:\\Users\\agust\\.vscode\\extensions\\uqbar.wollok-lsp-ide-0.5.3\\out\\server\\src\\server.js:2384:544)\n    at c:\\Users\\agust\\.vscode\\extensions\\uqbar.wollok-lsp-ide-0.5.3\\out\\server\\src\\server.js:2384:2988\n    at c:\\Users\\agust\\.vscode\\extensions\\uqbar.wollok-lsp-ide-0.5.3\\out\\server\\src\\server.js:2393:8440\n    at c:\\Users\\agust\\.vscode\\extensions\\uqbar.wollok-lsp-ide-0.5.3\\out\\server\\src\\server.js:37:74872\n    at Ye (c:\\Users\\agust\\.vscode\\extensions\\uqbar.wollok-lsp-ide-0.5.3\\out\\server\\src\\server.js:7:8527)\n    at qt (c:\\Users\\agust\\.vscode\\extensions\\uqbar.wollok-lsp-ide-0.5.3\\out\\server\\src\\server.js:7:6189)\n    at ot (c:\\Users\\agust\\.vscode\\extensions\\uqbar.wollok-lsp-ide-0.5.3\\out\\server\\src\\server.js:7:6378)","timestamp":"2025-09-13T13:41:44.616Z"}
{"level":"error","message":"✘ Completions for node Send ([20:27, 20:51] - pgmProgram.wpgm) failed: Error: [Send]{ab04ee} at pgmProgram.wpgm:20 exhausted all cases without a match [Send]{ab04ee} at pgmProgram.wpgm:20 exhausted all cases without a match","stack":"Error: [Send]{ab04ee} at pgmProgram.wpgm:20 exhausted all cases without a match\n    at c:\\Users\\agust\\.vscode\\extensions\\uqbar.wollok-lsp-ide-0.5.3\\out\\server\\src\\server.js:38:6142\n    at D2 (c:\\Users\\agust\\.vscode\\extensions\\uqbar.wollok-lsp-ide-0.5.3\\out\\server\\src\\server.js:2384:42)\n    at c:\\Users\\agust\\.vscode\\extensions\\uqbar.wollok-lsp-ide-0.5.3\\out\\server\\src\\server.js:2384:2988\n    at c:\\Users\\agust\\.vscode\\extensions\\uqbar.wollok-lsp-ide-0.5.3\\out\\server\\src\\server.js:2393:8440\n    at c:\\Users\\agust\\.vscode\\extensions\\uqbar.wollok-lsp-ide-0.5.3\\out\\server\\src\\server.js:37:74872\n    at Ye (c:\\Users\\agust\\.vscode\\extensions\\uqbar.wollok-lsp-ide-0.5.3\\out\\server\\src\\server.js:7:8527)\n    at qt (c:\\Users\\agust\\.vscode\\extensions\\uqbar.wollok-lsp-ide-0.5.3\\out\\server\\src\\server.js:7:6189)\n    at ot (c:\\Users\\agust\\.vscode\\extensions\\uqbar.wollok-lsp-ide-0.5.3\\out\\server\\src\\server.js:7:6378)\n    at Immediate._onImmediate (c:\\Users\\agust\\.vscode\\extensions\\uqbar.wollok-lsp-ide-0.5.3\\out\\server\\src\\server.js:7:6142)\n    at process.processImmediate (node:internal/timers:485:21)","timestamp":"2025-09-13T13:41:44.806Z"}
{"level":"error","message":"✘ Completions for node Return (undefined - pgmProgram.wpgm) failed: Error: [Return]{e99520} at pgmProgram.wpgm:-- exhausted all cases without a match [Return]{e99520} at pgmProgram.wpgm:-- exhausted all cases without a match","stack":"Error: [Return]{e99520} at pgmProgram.wpgm:-- exhausted all cases without a match\n    at c:\\Users\\agust\\.vscode\\extensions\\uqbar.wollok-lsp-ide-0.5.3\\out\\server\\src\\server.js:38:6142\n    at D2 (c:\\Users\\agust\\.vscode\\extensions\\uqbar.wollok-lsp-ide-0.5.3\\out\\server\\src\\server.js:2384:42)\n    at Qh (c:\\Users\\agust\\.vscode\\extensions\\uqbar.wollok-lsp-ide-0.5.3\\out\\server\\src\\server.js:2384:1092)\n    at D2 (c:\\Users\\agust\\.vscode\\extensions\\uqbar.wollok-lsp-ide-0.5.3\\out\\server\\src\\server.js:2384:544)\n    at c:\\Users\\agust\\.vscode\\extensions\\uqbar.wollok-lsp-ide-0.5.3\\out\\server\\src\\server.js:2384:2988\n    at c:\\Users\\agust\\.vscode\\extensions\\uqbar.wollok-lsp-ide-0.5.3\\out\\server\\src\\server.js:2393:8440\n    at c:\\Users\\agust\\.vscode\\extensions\\uqbar.wollok-lsp-ide-0.5.3\\out\\server\\src\\server.js:37:74872\n    at Ye (c:\\Users\\agust\\.vscode\\extensions\\uqbar.wollok-lsp-ide-0.5.3\\out\\server\\src\\server.js:7:8527)\n    at qt (c:\\Users\\agust\\.vscode\\extensions\\uqbar.wollok-lsp-ide-0.5.3\\out\\server\\src\\server.js:7:6189)\n    at ot (c:\\Users\\agust\\.vscode\\extensions\\uqbar.wollok-lsp-ide-0.5.3\\out\\server\\src\\server.js:7:6378)","timestamp":"2025-09-13T13:41:44.806Z"}
{"level":"error","message":"✘ Completions for node Send ([20:27, 20:52] - pgmProgram.wpgm) failed: Error: [Send]{070623} at pgmProgram.wpgm:20 exhausted all cases without a match [Send]{070623} at pgmProgram.wpgm:20 exhausted all cases without a match","stack":"Error: [Send]{070623} at pgmProgram.wpgm:20 exhausted all cases without a match\n    at c:\\Users\\agust\\.vscode\\extensions\\uqbar.wollok-lsp-ide-0.5.3\\out\\server\\src\\server.js:38:6142\n    at D2 (c:\\Users\\agust\\.vscode\\extensions\\uqbar.wollok-lsp-ide-0.5.3\\out\\server\\src\\server.js:2384:42)\n    at c:\\Users\\agust\\.vscode\\extensions\\uqbar.wollok-lsp-ide-0.5.3\\out\\server\\src\\server.js:2384:2988\n    at c:\\Users\\agust\\.vscode\\extensions\\uqbar.wollok-lsp-ide-0.5.3\\out\\server\\src\\server.js:2393:8440\n    at c:\\Users\\agust\\.vscode\\extensions\\uqbar.wollok-lsp-ide-0.5.3\\out\\server\\src\\server.js:37:74872\n    at Ye (c:\\Users\\agust\\.vscode\\extensions\\uqbar.wollok-lsp-ide-0.5.3\\out\\server\\src\\server.js:7:8527)\n    at qt (c:\\Users\\agust\\.vscode\\extensions\\uqbar.wollok-lsp-ide-0.5.3\\out\\server\\src\\server.js:7:6189)\n    at ot (c:\\Users\\agust\\.vscode\\extensions\\uqbar.wollok-lsp-ide-0.5.3\\out\\server\\src\\server.js:7:6378)\n    at Immediate._onImmediate (c:\\Users\\agust\\.vscode\\extensions\\uqbar.wollok-lsp-ide-0.5.3\\out\\server\\src\\server.js:7:6142)\n    at process.processImmediate (node:internal/timers:485:21)","timestamp":"2025-09-13T13:41:44.991Z"}
{"level":"error","message":"✘ Completions for node Return (undefined - pgmProgram.wpgm) failed: Error: [Return]{55c1f3} at pgmProgram.wpgm:-- exhausted all cases without a match [Return]{55c1f3} at pgmProgram.wpgm:-- exhausted all cases without a match","stack":"Error: [Return]{55c1f3} at pgmProgram.wpgm:-- exhausted all cases without a match\n    at c:\\Users\\agust\\.vscode\\extensions\\uqbar.wollok-lsp-ide-0.5.3\\out\\server\\src\\server.js:38:6142\n    at D2 (c:\\Users\\agust\\.vscode\\extensions\\uqbar.wollok-lsp-ide-0.5.3\\out\\server\\src\\server.js:2384:42)\n    at Qh (c:\\Users\\agust\\.vscode\\extensions\\uqbar.wollok-lsp-ide-0.5.3\\out\\server\\src\\server.js:2384:1092)\n    at D2 (c:\\Users\\agust\\.vscode\\extensions\\uqbar.wollok-lsp-ide-0.5.3\\out\\server\\src\\server.js:2384:544)\n    at c:\\Users\\agust\\.vscode\\extensions\\uqbar.wollok-lsp-ide-0.5.3\\out\\server\\src\\server.js:2384:2988\n    at c:\\Users\\agust\\.vscode\\extensions\\uqbar.wollok-lsp-ide-0.5.3\\out\\server\\src\\server.js:2393:8440\n    at c:\\Users\\agust\\.vscode\\extensions\\uqbar.wollok-lsp-ide-0.5.3\\out\\server\\src\\server.js:37:74872\n    at Ye (c:\\Users\\agust\\.vscode\\extensions\\uqbar.wollok-lsp-ide-0.5.3\\out\\server\\src\\server.js:7:8527)\n    at qt (c:\\Users\\agust\\.vscode\\extensions\\uqbar.wollok-lsp-ide-0.5.3\\out\\server\\src\\server.js:7:6189)\n    at ot (c:\\Users\\agust\\.vscode\\extensions\\uqbar.wollok-lsp-ide-0.5.3\\out\\server\\src\\server.js:7:6378)","timestamp":"2025-09-13T13:41:44.991Z"}
{"level":"error","message":"✘ Completions for node Send ([20:27, 20:53] - pgmProgram.wpgm) failed: Error: [Send]{a97d18} at pgmProgram.wpgm:20 exhausted all cases without a match [Send]{a97d18} at pgmProgram.wpgm:20 exhausted all cases without a match","stack":"Error: [Send]{a97d18} at pgmProgram.wpgm:20 exhausted all cases without a match\n    at c:\\Users\\agust\\.vscode\\extensions\\uqbar.wollok-lsp-ide-0.5.3\\out\\server\\src\\server.js:38:6142\n    at D2 (c:\\Users\\agust\\.vscode\\extensions\\uqbar.wollok-lsp-ide-0.5.3\\out\\server\\src\\server.js:2384:42)\n    at c:\\Users\\agust\\.vscode\\extensions\\uqbar.wollok-lsp-ide-0.5.3\\out\\server\\src\\server.js:2384:2988\n    at c:\\Users\\agust\\.vscode\\extensions\\uqbar.wollok-lsp-ide-0.5.3\\out\\server\\src\\server.js:2393:8440\n    at c:\\Users\\agust\\.vscode\\extensions\\uqbar.wollok-lsp-ide-0.5.3\\out\\server\\src\\server.js:37:74872\n    at Ye (c:\\Users\\agust\\.vscode\\extensions\\uqbar.wollok-lsp-ide-0.5.3\\out\\server\\src\\server.js:7:8527)\n    at qt (c:\\Users\\agust\\.vscode\\extensions\\uqbar.wollok-lsp-ide-0.5.3\\out\\server\\src\\server.js:7:6189)\n    at ot (c:\\Users\\agust\\.vscode\\extensions\\uqbar.wollok-lsp-ide-0.5.3\\out\\server\\src\\server.js:7:6378)\n    at Immediate._onImmediate (c:\\Users\\agust\\.vscode\\extensions\\uqbar.wollok-lsp-ide-0.5.3\\out\\server\\src\\server.js:7:6142)\n    at process.processImmediate (node:internal/timers:485:21)","timestamp":"2025-09-13T13:41:45.137Z"}
{"level":"error","message":"✘ Completions for node Return (undefined - pgmProgram.wpgm) failed: Error: [Return]{e826c3} at pgmProgram.wpgm:-- exhausted all cases without a match [Return]{e826c3} at pgmProgram.wpgm:-- exhausted all cases without a match","stack":"Error: [Return]{e826c3} at pgmProgram.wpgm:-- exhausted all cases without a match\n    at c:\\Users\\agust\\.vscode\\extensions\\uqbar.wollok-lsp-ide-0.5.3\\out\\server\\src\\server.js:38:6142\n    at D2 (c:\\Users\\agust\\.vscode\\extensions\\uqbar.wollok-lsp-ide-0.5.3\\out\\server\\src\\server.js:2384:42)\n    at Qh (c:\\Users\\agust\\.vscode\\extensions\\uqbar.wollok-lsp-ide-0.5.3\\out\\server\\src\\server.js:2384:1092)\n    at D2 (c:\\Users\\agust\\.vscode\\extensions\\uqbar.wollok-lsp-ide-0.5.3\\out\\server\\src\\server.js:2384:544)\n    at c:\\Users\\agust\\.vscode\\extensions\\uqbar.wollok-lsp-ide-0.5.3\\out\\server\\src\\server.js:2384:2988\n    at c:\\Users\\agust\\.vscode\\extensions\\uqbar.wollok-lsp-ide-0.5.3\\out\\server\\src\\server.js:2393:8440\n    at c:\\Users\\agust\\.vscode\\extensions\\uqbar.wollok-lsp-ide-0.5.3\\out\\server\\src\\server.js:37:74872\n    at Ye (c:\\Users\\agust\\.vscode\\extensions\\uqbar.wollok-lsp-ide-0.5.3\\out\\server\\src\\server.js:7:8527)\n    at qt (c:\\Users\\agust\\.vscode\\extensions\\uqbar.wollok-lsp-ide-0.5.3\\out\\server\\src\\server.js:7:6189)\n    at ot (c:\\Users\\agust\\.vscode\\extensions\\uqbar.wollok-lsp-ide-0.5.3\\out\\server\\src\\server.js:7:6378)","timestamp":"2025-09-13T13:41:45.137Z"}
{"level":"error","message":"✘ Completions for node Send ([20:27, 20:55] - pgmProgram.wpgm) failed: Error: [Send]{6093c0} at pgmProgram.wpgm:20 exhausted all cases without a match [Send]{6093c0} at pgmProgram.wpgm:20 exhausted all cases without a match","stack":"Error: [Send]{6093c0} at pgmProgram.wpgm:20 exhausted all cases without a match\n    at c:\\Users\\agust\\.vscode\\extensions\\uqbar.wollok-lsp-ide-0.5.3\\out\\server\\src\\server.js:38:6142\n    at D2 (c:\\Users\\agust\\.vscode\\extensions\\uqbar.wollok-lsp-ide-0.5.3\\out\\server\\src\\server.js:2384:42)\n    at c:\\Users\\agust\\.vscode\\extensions\\uqbar.wollok-lsp-ide-0.5.3\\out\\server\\src\\server.js:2384:2988\n    at c:\\Users\\agust\\.vscode\\extensions\\uqbar.wollok-lsp-ide-0.5.3\\out\\server\\src\\server.js:2393:8440\n    at c:\\Users\\agust\\.vscode\\extensions\\uqbar.wollok-lsp-ide-0.5.3\\out\\server\\src\\server.js:37:74872\n    at Ye (c:\\Users\\agust\\.vscode\\extensions\\uqbar.wollok-lsp-ide-0.5.3\\out\\server\\src\\server.js:7:8527)\n    at qt (c:\\Users\\agust\\.vscode\\extensions\\uqbar.wollok-lsp-ide-0.5.3\\out\\server\\src\\server.js:7:6189)\n    at ot (c:\\Users\\agust\\.vscode\\extensions\\uqbar.wollok-lsp-ide-0.5.3\\out\\server\\src\\server.js:7:6378)\n    at Immediate._onImmediate (c:\\Users\\agust\\.vscode\\extensions\\uqbar.wollok-lsp-ide-0.5.3\\out\\server\\src\\server.js:7:6142)\n    at process.processImmediate (node:internal/timers:485:21)","timestamp":"2025-09-13T13:41:45.400Z"}
{"level":"error","message":"✘ Completions for node Return (undefined - pgmProgram.wpgm) failed: Error: [Return]{d82351} at pgmProgram.wpgm:-- exhausted all cases without a match [Return]{d82351} at pgmProgram.wpgm:-- exhausted all cases without a match","stack":"Error: [Return]{d82351} at pgmProgram.wpgm:-- exhausted all cases without a match\n    at c:\\Users\\agust\\.vscode\\extensions\\uqbar.wollok-lsp-ide-0.5.3\\out\\server\\src\\server.js:38:6142\n    at D2 (c:\\Users\\agust\\.vscode\\extensions\\uqbar.wollok-lsp-ide-0.5.3\\out\\server\\src\\server.js:2384:42)\n    at Qh (c:\\Users\\agust\\.vscode\\extensions\\uqbar.wollok-lsp-ide-0.5.3\\out\\server\\src\\server.js:2384:1092)\n    at D2 (c:\\Users\\agust\\.vscode\\extensions\\uqbar.wollok-lsp-ide-0.5.3\\out\\server\\src\\server.js:2384:544)\n    at c:\\Users\\agust\\.vscode\\extensions\\uqbar.wollok-lsp-ide-0.5.3\\out\\server\\src\\server.js:2384:2988\n    at c:\\Users\\agust\\.vscode\\extensions\\uqbar.wollok-lsp-ide-0.5.3\\out\\server\\src\\server.js:2393:8440\n    at c:\\Users\\agust\\.vscode\\extensions\\uqbar.wollok-lsp-ide-0.5.3\\out\\server\\src\\server.js:37:74872\n    at Ye (c:\\Users\\agust\\.vscode\\extensions\\uqbar.wollok-lsp-ide-0.5.3\\out\\server\\src\\server.js:7:8527)\n    at qt (c:\\Users\\agust\\.vscode\\extensions\\uqbar.wollok-lsp-ide-0.5.3\\out\\server\\src\\server.js:7:6189)\n    at ot (c:\\Users\\agust\\.vscode\\extensions\\uqbar.wollok-lsp-ide-0.5.3\\out\\server\\src\\server.js:7:6378)","timestamp":"2025-09-13T13:41:45.400Z"}
{"level":"error","message":"✘ Completions for node Send ([20:27, 20:56] - pgmProgram.wpgm) failed: Error: [Send]{7354bb} at pgmProgram.wpgm:20 exhausted all cases without a match [Send]{7354bb} at pgmProgram.wpgm:20 exhausted all cases without a match","stack":"Error: [Send]{7354bb} at pgmProgram.wpgm:20 exhausted all cases without a match\n    at c:\\Users\\agust\\.vscode\\extensions\\uqbar.wollok-lsp-ide-0.5.3\\out\\server\\src\\server.js:38:6142\n    at D2 (c:\\Users\\agust\\.vscode\\extensions\\uqbar.wollok-lsp-ide-0.5.3\\out\\server\\src\\server.js:2384:42)\n    at c:\\Users\\agust\\.vscode\\extensions\\uqbar.wollok-lsp-ide-0.5.3\\out\\server\\src\\server.js:2384:2988\n    at c:\\Users\\agust\\.vscode\\extensions\\uqbar.wollok-lsp-ide-0.5.3\\out\\server\\src\\server.js:2393:8440\n    at c:\\Users\\agust\\.vscode\\extensions\\uqbar.wollok-lsp-ide-0.5.3\\out\\server\\src\\server.js:37:74872\n    at Ye (c:\\Users\\agust\\.vscode\\extensions\\uqbar.wollok-lsp-ide-0.5.3\\out\\server\\src\\server.js:7:8527)\n    at qt (c:\\Users\\agust\\.vscode\\extensions\\uqbar.wollok-lsp-ide-0.5.3\\out\\server\\src\\server.js:7:6189)\n    at ot (c:\\Users\\agust\\.vscode\\extensions\\uqbar.wollok-lsp-ide-0.5.3\\out\\server\\src\\server.js:7:6378)\n    at Immediate._onImmediate (c:\\Users\\agust\\.vscode\\extensions\\uqbar.wollok-lsp-ide-0.5.3\\out\\server\\src\\server.js:7:6142)\n    at process.processImmediate (node:internal/timers:485:21)","timestamp":"2025-09-13T13:41:45.532Z"}
{"level":"error","message":"✘ Completions for node Return (undefined - pgmProgram.wpgm) failed: Error: [Return]{e0c153} at pgmProgram.wpgm:-- exhausted all cases without a match [Return]{e0c153} at pgmProgram.wpgm:-- exhausted all cases without a match","stack":"Error: [Return]{e0c153} at pgmProgram.wpgm:-- exhausted all cases without a match\n    at c:\\Users\\agust\\.vscode\\extensions\\uqbar.wollok-lsp-ide-0.5.3\\out\\server\\src\\server.js:38:6142\n    at D2 (c:\\Users\\agust\\.vscode\\extensions\\uqbar.wollok-lsp-ide-0.5.3\\out\\server\\src\\server.js:2384:42)\n    at Qh (c:\\Users\\agust\\.vscode\\extensions\\uqbar.wollok-lsp-ide-0.5.3\\out\\server\\src\\server.js:2384:1092)\n    at D2 (c:\\Users\\agust\\.vscode\\extensions\\uqbar.wollok-lsp-ide-0.5.3\\out\\server\\src\\server.js:2384:544)\n    at c:\\Users\\agust\\.vscode\\extensions\\uqbar.wollok-lsp-ide-0.5.3\\out\\server\\src\\server.js:2384:2988\n    at c:\\Users\\agust\\.vscode\\extensions\\uqbar.wollok-lsp-ide-0.5.3\\out\\server\\src\\server.js:2393:8440\n    at c:\\Users\\agust\\.vscode\\extensions\\uqbar.wollok-lsp-ide-0.5.3\\out\\server\\src\\server.js:37:74872\n    at Ye (c:\\Users\\agust\\.vscode\\extensions\\uqbar.wollok-lsp-ide-0.5.3\\out\\server\\src\\server.js:7:8527)\n    at qt (c:\\Users\\agust\\.vscode\\extensions\\uqbar.wollok-lsp-ide-0.5.3\\out\\server\\src\\server.js:7:6189)\n    at ot (c:\\Users\\agust\\.vscode\\extensions\\uqbar.wollok-lsp-ide-0.5.3\\out\\server\\src\\server.js:7:6378)","timestamp":"2025-09-13T13:41:45.532Z"}
{"level":"error","message":"✘ Completions for node Send ([21:27, 21:49] - pgmProgram.wpgm) failed: Error: [Send]{849a46} at pgmProgram.wpgm:21 exhausted all cases without a match [Send]{849a46} at pgmProgram.wpgm:21 exhausted all cases without a match","stack":"Error: [Send]{849a46} at pgmProgram.wpgm:21 exhausted all cases without a match\n    at c:\\Users\\agust\\.vscode\\extensions\\uqbar.wollok-lsp-ide-0.5.3\\out\\server\\src\\server.js:38:6142\n    at D2 (c:\\Users\\agust\\.vscode\\extensions\\uqbar.wollok-lsp-ide-0.5.3\\out\\server\\src\\server.js:2384:42)\n    at c:\\Users\\agust\\.vscode\\extensions\\uqbar.wollok-lsp-ide-0.5.3\\out\\server\\src\\server.js:2384:2988\n    at c:\\Users\\agust\\.vscode\\extensions\\uqbar.wollok-lsp-ide-0.5.3\\out\\server\\src\\server.js:2393:8440\n    at c:\\Users\\agust\\.vscode\\extensions\\uqbar.wollok-lsp-ide-0.5.3\\out\\server\\src\\server.js:37:74872\n    at Ye (c:\\Users\\agust\\.vscode\\extensions\\uqbar.wollok-lsp-ide-0.5.3\\out\\server\\src\\server.js:7:8527)\n    at qt (c:\\Users\\agust\\.vscode\\extensions\\uqbar.wollok-lsp-ide-0.5.3\\out\\server\\src\\server.js:7:6189)\n    at ot (c:\\Users\\agust\\.vscode\\extensions\\uqbar.wollok-lsp-ide-0.5.3\\out\\server\\src\\server.js:7:6378)\n    at Immediate._onImmediate (c:\\Users\\agust\\.vscode\\extensions\\uqbar.wollok-lsp-ide-0.5.3\\out\\server\\src\\server.js:7:6142)\n    at process.processImmediate (node:internal/timers:485:21)","timestamp":"2025-09-13T13:41:49.270Z"}
{"level":"error","message":"✘ Completions for node Return (undefined - pgmProgram.wpgm) failed: Error: [Return]{3bdff1} at pgmProgram.wpgm:-- exhausted all cases without a match [Return]{3bdff1} at pgmProgram.wpgm:-- exhausted all cases without a match","stack":"Error: [Return]{3bdff1} at pgmProgram.wpgm:-- exhausted all cases without a match\n    at c:\\Users\\agust\\.vscode\\extensions\\uqbar.wollok-lsp-ide-0.5.3\\out\\server\\src\\server.js:38:6142\n    at D2 (c:\\Users\\agust\\.vscode\\extensions\\uqbar.wollok-lsp-ide-0.5.3\\out\\server\\src\\server.js:2384:42)\n    at Qh (c:\\Users\\agust\\.vscode\\extensions\\uqbar.wollok-lsp-ide-0.5.3\\out\\server\\src\\server.js:2384:1092)\n    at D2 (c:\\Users\\agust\\.vscode\\extensions\\uqbar.wollok-lsp-ide-0.5.3\\out\\server\\src\\server.js:2384:544)\n    at c:\\Users\\agust\\.vscode\\extensions\\uqbar.wollok-lsp-ide-0.5.3\\out\\server\\src\\server.js:2384:2988\n    at c:\\Users\\agust\\.vscode\\extensions\\uqbar.wollok-lsp-ide-0.5.3\\out\\server\\src\\server.js:2393:8440\n    at c:\\Users\\agust\\.vscode\\extensions\\uqbar.wollok-lsp-ide-0.5.3\\out\\server\\src\\server.js:37:74872\n    at Ye (c:\\Users\\agust\\.vscode\\extensions\\uqbar.wollok-lsp-ide-0.5.3\\out\\server\\src\\server.js:7:8527)\n    at qt (c:\\Users\\agust\\.vscode\\extensions\\uqbar.wollok-lsp-ide-0.5.3\\out\\server\\src\\server.js:7:6189)\n    at ot (c:\\Users\\agust\\.vscode\\extensions\\uqbar.wollok-lsp-ide-0.5.3\\out\\server\\src\\server.js:7:6378)","timestamp":"2025-09-13T13:41:49.270Z"}
{"level":"error","message":"✘ Completions for node Send ([21:27, 21:50] - pgmProgram.wpgm) failed: Error: [Send]{f8e818} at pgmProgram.wpgm:21 exhausted all cases without a match [Send]{f8e818} at pgmProgram.wpgm:21 exhausted all cases without a match","stack":"Error: [Send]{f8e818} at pgmProgram.wpgm:21 exhausted all cases without a match\n    at c:\\Users\\agust\\.vscode\\extensions\\uqbar.wollok-lsp-ide-0.5.3\\out\\server\\src\\server.js:38:6142\n    at D2 (c:\\Users\\agust\\.vscode\\extensions\\uqbar.wollok-lsp-ide-0.5.3\\out\\server\\src\\server.js:2384:42)\n    at c:\\Users\\agust\\.vscode\\extensions\\uqbar.wollok-lsp-ide-0.5.3\\out\\server\\src\\server.js:2384:2988\n    at c:\\Users\\agust\\.vscode\\extensions\\uqbar.wollok-lsp-ide-0.5.3\\out\\server\\src\\server.js:2393:8440\n    at c:\\Users\\agust\\.vscode\\extensions\\uqbar.wollok-lsp-ide-0.5.3\\out\\server\\src\\server.js:37:74872\n    at Ye (c:\\Users\\agust\\.vscode\\extensions\\uqbar.wollok-lsp-ide-0.5.3\\out\\server\\src\\server.js:7:8527)\n    at qt (c:\\Users\\agust\\.vscode\\extensions\\uqbar.wollok-lsp-ide-0.5.3\\out\\server\\src\\server.js:7:6189)\n    at ot (c:\\Users\\agust\\.vscode\\extensions\\uqbar.wollok-lsp-ide-0.5.3\\out\\server\\src\\server.js:7:6378)\n    at Immediate._onImmediate (c:\\Users\\agust\\.vscode\\extensions\\uqbar.wollok-lsp-ide-0.5.3\\out\\server\\src\\server.js:7:6142)\n    at process.processImmediate (node:internal/timers:485:21)","timestamp":"2025-09-13T13:41:49.504Z"}
{"level":"error","message":"✘ Completions for node Return (undefined - pgmProgram.wpgm) failed: Error: [Return]{990100} at pgmProgram.wpgm:-- exhausted all cases without a match [Return]{990100} at pgmProgram.wpgm:-- exhausted all cases without a match","stack":"Error: [Return]{990100} at pgmProgram.wpgm:-- exhausted all cases without a match\n    at c:\\Users\\agust\\.vscode\\extensions\\uqbar.wollok-lsp-ide-0.5.3\\out\\server\\src\\server.js:38:6142\n    at D2 (c:\\Users\\agust\\.vscode\\extensions\\uqbar.wollok-lsp-ide-0.5.3\\out\\server\\src\\server.js:2384:42)\n    at Qh (c:\\Users\\agust\\.vscode\\extensions\\uqbar.wollok-lsp-ide-0.5.3\\out\\server\\src\\server.js:2384:1092)\n    at D2 (c:\\Users\\agust\\.vscode\\extensions\\uqbar.wollok-lsp-ide-0.5.3\\out\\server\\src\\server.js:2384:544)\n    at c:\\Users\\agust\\.vscode\\extensions\\uqbar.wollok-lsp-ide-0.5.3\\out\\server\\src\\server.js:2384:2988\n    at c:\\Users\\agust\\.vscode\\extensions\\uqbar.wollok-lsp-ide-0.5.3\\out\\server\\src\\server.js:2393:8440\n    at c:\\Users\\agust\\.vscode\\extensions\\uqbar.wollok-lsp-ide-0.5.3\\out\\server\\src\\server.js:37:74872\n    at Ye (c:\\Users\\agust\\.vscode\\extensions\\uqbar.wollok-lsp-ide-0.5.3\\out\\server\\src\\server.js:7:8527)\n    at qt (c:\\Users\\agust\\.vscode\\extensions\\uqbar.wollok-lsp-ide-0.5.3\\out\\server\\src\\server.js:7:6189)\n    at ot (c:\\Users\\agust\\.vscode\\extensions\\uqbar.wollok-lsp-ide-0.5.3\\out\\server\\src\\server.js:7:6378)","timestamp":"2025-09-13T13:41:49.504Z"}
{"level":"error","message":"✘ Completions for node Send ([21:27, 21:51] - pgmProgram.wpgm) failed: Error: [Send]{088451} at pgmProgram.wpgm:21 exhausted all cases without a match [Send]{088451} at pgmProgram.wpgm:21 exhausted all cases without a match","stack":"Error: [Send]{088451} at pgmProgram.wpgm:21 exhausted all cases without a match\n    at c:\\Users\\agust\\.vscode\\extensions\\uqbar.wollok-lsp-ide-0.5.3\\out\\server\\src\\server.js:38:6142\n    at D2 (c:\\Users\\agust\\.vscode\\extensions\\uqbar.wollok-lsp-ide-0.5.3\\out\\server\\src\\server.js:2384:42)\n    at c:\\Users\\agust\\.vscode\\extensions\\uqbar.wollok-lsp-ide-0.5.3\\out\\server\\src\\server.js:2384:2988\n    at c:\\Users\\agust\\.vscode\\extensions\\uqbar.wollok-lsp-ide-0.5.3\\out\\server\\src\\server.js:2393:8440\n    at c:\\Users\\agust\\.vscode\\extensions\\uqbar.wollok-lsp-ide-0.5.3\\out\\server\\src\\server.js:37:74872\n    at Ye (c:\\Users\\agust\\.vscode\\extensions\\uqbar.wollok-lsp-ide-0.5.3\\out\\server\\src\\server.js:7:8527)\n    at qt (c:\\Users\\agust\\.vscode\\extensions\\uqbar.wollok-lsp-ide-0.5.3\\out\\server\\src\\server.js:7:6189)\n    at ot (c:\\Users\\agust\\.vscode\\extensions\\uqbar.wollok-lsp-ide-0.5.3\\out\\server\\src\\server.js:7:6378)\n    at Immediate._onImmediate (c:\\Users\\agust\\.vscode\\extensions\\uqbar.wollok-lsp-ide-0.5.3\\out\\server\\src\\server.js:7:6142)\n    at process.processImmediate (node:internal/timers:485:21)","timestamp":"2025-09-13T13:41:49.726Z"}
{"level":"error","message":"✘ Completions for node Return (undefined - pgmProgram.wpgm) failed: Error: [Return]{82b927} at pgmProgram.wpgm:-- exhausted all cases without a match [Return]{82b927} at pgmProgram.wpgm:-- exhausted all cases without a match","stack":"Error: [Return]{82b927} at pgmProgram.wpgm:-- exhausted all cases without a match\n    at c:\\Users\\agust\\.vscode\\extensions\\uqbar.wollok-lsp-ide-0.5.3\\out\\server\\src\\server.js:38:6142\n    at D2 (c:\\Users\\agust\\.vscode\\extensions\\uqbar.wollok-lsp-ide-0.5.3\\out\\server\\src\\server.js:2384:42)\n    at Qh (c:\\Users\\agust\\.vscode\\extensions\\uqbar.wollok-lsp-ide-0.5.3\\out\\server\\src\\server.js:2384:1092)\n    at D2 (c:\\Users\\agust\\.vscode\\extensions\\uqbar.wollok-lsp-ide-0.5.3\\out\\server\\src\\server.js:2384:544)\n    at c:\\Users\\agust\\.vscode\\extensions\\uqbar.wollok-lsp-ide-0.5.3\\out\\server\\src\\server.js:2384:2988\n    at c:\\Users\\agust\\.vscode\\extensions\\uqbar.wollok-lsp-ide-0.5.3\\out\\server\\src\\server.js:2393:8440\n    at c:\\Users\\agust\\.vscode\\extensions\\uqbar.wollok-lsp-ide-0.5.3\\out\\server\\src\\server.js:37:74872\n    at Ye (c:\\Users\\agust\\.vscode\\extensions\\uqbar.wollok-lsp-ide-0.5.3\\out\\server\\src\\server.js:7:8527)\n    at qt (c:\\Users\\agust\\.vscode\\extensions\\uqbar.wollok-lsp-ide-0.5.3\\out\\server\\src\\server.js:7:6189)\n    at ot (c:\\Users\\agust\\.vscode\\extensions\\uqbar.wollok-lsp-ide-0.5.3\\out\\server\\src\\server.js:7:6378)","timestamp":"2025-09-13T13:41:49.726Z"}
{"level":"error","message":"✘ Completions for node Send ([21:27, 21:53] - pgmProgram.wpgm) failed: Error: [Send]{ed6ea8} at pgmProgram.wpgm:21 exhausted all cases without a match [Send]{ed6ea8} at pgmProgram.wpgm:21 exhausted all cases without a match","stack":"Error: [Send]{ed6ea8} at pgmProgram.wpgm:21 exhausted all cases without a match\n    at c:\\Users\\agust\\.vscode\\extensions\\uqbar.wollok-lsp-ide-0.5.3\\out\\server\\src\\server.js:38:6142\n    at D2 (c:\\Users\\agust\\.vscode\\extensions\\uqbar.wollok-lsp-ide-0.5.3\\out\\server\\src\\server.js:2384:42)\n    at c:\\Users\\agust\\.vscode\\extensions\\uqbar.wollok-lsp-ide-0.5.3\\out\\server\\src\\server.js:2384:2988\n    at c:\\Users\\agust\\.vscode\\extensions\\uqbar.wollok-lsp-ide-0.5.3\\out\\server\\src\\server.js:2393:8440\n    at c:\\Users\\agust\\.vscode\\extensions\\uqbar.wollok-lsp-ide-0.5.3\\out\\server\\src\\server.js:37:74872\n    at Ye (c:\\Users\\agust\\.vscode\\extensions\\uqbar.wollok-lsp-ide-0.5.3\\out\\server\\src\\server.js:7:8527)\n    at qt (c:\\Users\\agust\\.vscode\\extensions\\uqbar.wollok-lsp-ide-0.5.3\\out\\server\\src\\server.js:7:6189)\n    at ot (c:\\Users\\agust\\.vscode\\extensions\\uqbar.wollok-lsp-ide-0.5.3\\out\\server\\src\\server.js:7:6378)\n    at Immediate._onImmediate (c:\\Users\\agust\\.vscode\\extensions\\uqbar.wollok-lsp-ide-0.5.3\\out\\server\\src\\server.js:7:6142)\n    at process.processImmediate (node:internal/timers:485:21)","timestamp":"2025-09-13T13:41:49.981Z"}
{"level":"error","message":"✘ Completions for node Return (undefined - pgmProgram.wpgm) failed: Error: [Return]{f533b1} at pgmProgram.wpgm:-- exhausted all cases without a match [Return]{f533b1} at pgmProgram.wpgm:-- exhausted all cases without a match","stack":"Error: [Return]{f533b1} at pgmProgram.wpgm:-- exhausted all cases without a match\n    at c:\\Users\\agust\\.vscode\\extensions\\uqbar.wollok-lsp-ide-0.5.3\\out\\server\\src\\server.js:38:6142\n    at D2 (c:\\Users\\agust\\.vscode\\extensions\\uqbar.wollok-lsp-ide-0.5.3\\out\\server\\src\\server.js:2384:42)\n    at Qh (c:\\Users\\agust\\.vscode\\extensions\\uqbar.wollok-lsp-ide-0.5.3\\out\\server\\src\\server.js:2384:1092)\n    at D2 (c:\\Users\\agust\\.vscode\\extensions\\uqbar.wollok-lsp-ide-0.5.3\\out\\server\\src\\server.js:2384:544)\n    at c:\\Users\\agust\\.vscode\\extensions\\uqbar.wollok-lsp-ide-0.5.3\\out\\server\\src\\server.js:2384:2988\n    at c:\\Users\\agust\\.vscode\\extensions\\uqbar.wollok-lsp-ide-0.5.3\\out\\server\\src\\server.js:2393:8440\n    at c:\\Users\\agust\\.vscode\\extensions\\uqbar.wollok-lsp-ide-0.5.3\\out\\server\\src\\server.js:37:74872\n    at Ye (c:\\Users\\agust\\.vscode\\extensions\\uqbar.wollok-lsp-ide-0.5.3\\out\\server\\src\\server.js:7:8527)\n    at qt (c:\\Users\\agust\\.vscode\\extensions\\uqbar.wollok-lsp-ide-0.5.3\\out\\server\\src\\server.js:7:6189)\n    at ot (c:\\Users\\agust\\.vscode\\extensions\\uqbar.wollok-lsp-ide-0.5.3\\out\\server\\src\\server.js:7:6378)","timestamp":"2025-09-13T13:41:49.981Z"}
{"level":"error","message":"✘ Completions for node Send ([21:27, 21:55] - pgmProgram.wpgm) failed: Error: [Send]{3d83b4} at pgmProgram.wpgm:21 exhausted all cases without a match [Send]{3d83b4} at pgmProgram.wpgm:21 exhausted all cases without a match","stack":"Error: [Send]{3d83b4} at pgmProgram.wpgm:21 exhausted all cases without a match\n    at c:\\Users\\agust\\.vscode\\extensions\\uqbar.wollok-lsp-ide-0.5.3\\out\\server\\src\\server.js:38:6142\n    at D2 (c:\\Users\\agust\\.vscode\\extensions\\uqbar.wollok-lsp-ide-0.5.3\\out\\server\\src\\server.js:2384:42)\n    at c:\\Users\\agust\\.vscode\\extensions\\uqbar.wollok-lsp-ide-0.5.3\\out\\server\\src\\server.js:2384:2988\n    at c:\\Users\\agust\\.vscode\\extensions\\uqbar.wollok-lsp-ide-0.5.3\\out\\server\\src\\server.js:2393:8440\n    at c:\\Users\\agust\\.vscode\\extensions\\uqbar.wollok-lsp-ide-0.5.3\\out\\server\\src\\server.js:37:74872\n    at Ye (c:\\Users\\agust\\.vscode\\extensions\\uqbar.wollok-lsp-ide-0.5.3\\out\\server\\src\\server.js:7:8527)\n    at qt (c:\\Users\\agust\\.vscode\\extensions\\uqbar.wollok-lsp-ide-0.5.3\\out\\server\\src\\server.js:7:6189)\n    at ot (c:\\Users\\agust\\.vscode\\extensions\\uqbar.wollok-lsp-ide-0.5.3\\out\\server\\src\\server.js:7:6378)\n    at Immediate._onImmediate (c:\\Users\\agust\\.vscode\\extensions\\uqbar.wollok-lsp-ide-0.5.3\\out\\server\\src\\server.js:7:6142)\n    at process.processImmediate (node:internal/timers:485:21)","timestamp":"2025-09-13T13:41:50.164Z"}
{"level":"error","message":"✘ Completions for node Return (undefined - pgmProgram.wpgm) failed: Error: [Return]{c8fb4a} at pgmProgram.wpgm:-- exhausted all cases without a match [Return]{c8fb4a} at pgmProgram.wpgm:-- exhausted all cases without a match","stack":"Error: [Return]{c8fb4a} at pgmProgram.wpgm:-- exhausted all cases without a match\n    at c:\\Users\\agust\\.vscode\\extensions\\uqbar.wollok-lsp-ide-0.5.3\\out\\server\\src\\server.js:38:6142\n    at D2 (c:\\Users\\agust\\.vscode\\extensions\\uqbar.wollok-lsp-ide-0.5.3\\out\\server\\src\\server.js:2384:42)\n    at Qh (c:\\Users\\agust\\.vscode\\extensions\\uqbar.wollok-lsp-ide-0.5.3\\out\\server\\src\\server.js:2384:1092)\n    at D2 (c:\\Users\\agust\\.vscode\\extensions\\uqbar.wollok-lsp-ide-0.5.3\\out\\server\\src\\server.js:2384:544)\n    at c:\\Users\\agust\\.vscode\\extensions\\uqbar.wollok-lsp-ide-0.5.3\\out\\server\\src\\server.js:2384:2988\n    at c:\\Users\\agust\\.vscode\\extensions\\uqbar.wollok-lsp-ide-0.5.3\\out\\server\\src\\server.js:2393:8440\n    at c:\\Users\\agust\\.vscode\\extensions\\uqbar.wollok-lsp-ide-0.5.3\\out\\server\\src\\server.js:37:74872\n    at Ye (c:\\Users\\agust\\.vscode\\extensions\\uqbar.wollok-lsp-ide-0.5.3\\out\\server\\src\\server.js:7:8527)\n    at qt (c:\\Users\\agust\\.vscode\\extensions\\uqbar.wollok-lsp-ide-0.5.3\\out\\server\\src\\server.js:7:6189)\n    at ot (c:\\Users\\agust\\.vscode\\extensions\\uqbar.wollok-lsp-ide-0.5.3\\out\\server\\src\\server.js:7:6378)","timestamp":"2025-09-13T13:41:50.164Z"}
{"level":"error","message":"✘ Completions for node If ([16:5, 17:41] - example.wlk) failed: Error: [If]{b1c3b4} at example.wlk:16 exhausted all cases without a match [If]{b1c3b4} at example.wlk:16 exhausted all cases without a match","stack":"Error: [If]{b1c3b4} at example.wlk:16 exhausted all cases without a match\n    at c:\\Users\\agust\\.vscode\\extensions\\uqbar.wollok-lsp-ide-0.5.3\\out\\server\\src\\server.js:38:6142\n    at D2 (c:\\Users\\agust\\.vscode\\extensions\\uqbar.wollok-lsp-ide-0.5.3\\out\\server\\src\\server.js:2384:42)\n    at Qh (c:\\Users\\agust\\.vscode\\extensions\\uqbar.wollok-lsp-ide-0.5.3\\out\\server\\src\\server.js:2384:1092)\n    at k6n (c:\\Users\\agust\\.vscode\\extensions\\uqbar.wollok-lsp-ide-0.5.3\\out\\server\\src\\server.js:2384:1248)\n    at c:\\Users\\agust\\.vscode\\extensions\\uqbar.wollok-lsp-ide-0.5.3\\out\\server\\src\\server.js:38:6131\n    at D2 (c:\\Users\\agust\\.vscode\\extensions\\uqbar.wollok-lsp-ide-0.5.3\\out\\server\\src\\server.js:2384:42)\n    at c:\\Users\\agust\\.vscode\\extensions\\uqbar.wollok-lsp-ide-0.5.3\\out\\server\\src\\server.js:2384:2988\n    at c:\\Users\\agust\\.vscode\\extensions\\uqbar.wollok-lsp-ide-0.5.3\\out\\server\\src\\server.js:2393:8440\n    at c:\\Users\\agust\\.vscode\\extensions\\uqbar.wollok-lsp-ide-0.5.3\\out\\server\\src\\server.js:37:74872\n    at Ye (c:\\Users\\agust\\.vscode\\extensions\\uqbar.wollok-lsp-ide-0.5.3\\out\\server\\src\\server.js:7:8527)","timestamp":"2025-09-13T13:43:21.818Z"}
{"level":"error","message":"✘ Completions for node Send ([16:9, 16:27] - example.wlk) failed: Error: [Send]{5d9daf} at example.wlk:16 exhausted all cases without a match [Send]{5d9daf} at example.wlk:16 exhausted all cases without a match","stack":"Error: [Send]{5d9daf} at example.wlk:16 exhausted all cases without a match\n    at c:\\Users\\agust\\.vscode\\extensions\\uqbar.wollok-lsp-ide-0.5.3\\out\\server\\src\\server.js:38:6142\n    at D2 (c:\\Users\\agust\\.vscode\\extensions\\uqbar.wollok-lsp-ide-0.5.3\\out\\server\\src\\server.js:2384:42)\n    at Qh (c:\\Users\\agust\\.vscode\\extensions\\uqbar.wollok-lsp-ide-0.5.3\\out\\server\\src\\server.js:2384:1092)\n    at k6n (c:\\Users\\agust\\.vscode\\extensions\\uqbar.wollok-lsp-ide-0.5.3\\out\\server\\src\\server.js:2384:1248)\n    at c:\\Users\\agust\\.vscode\\extensions\\uqbar.wollok-lsp-ide-0.5.3\\out\\server\\src\\server.js:38:6131\n    at D2 (c:\\Users\\agust\\.vscode\\extensions\\uqbar.wollok-lsp-ide-0.5.3\\out\\server\\src\\server.js:2384:42)\n    at c:\\Users\\agust\\.vscode\\extensions\\uqbar.wollok-lsp-ide-0.5.3\\out\\server\\src\\server.js:2384:2988\n    at c:\\Users\\agust\\.vscode\\extensions\\uqbar.wollok-lsp-ide-0.5.3\\out\\server\\src\\server.js:2393:8440\n    at c:\\Users\\agust\\.vscode\\extensions\\uqbar.wollok-lsp-ide-0.5.3\\out\\server\\src\\server.js:37:74872\n    at Ye (c:\\Users\\agust\\.vscode\\extensions\\uqbar.wollok-lsp-ide-0.5.3\\out\\server\\src\\server.js:7:8527)","timestamp":"2025-09-13T13:43:34.333Z"}
{"level":"error","message":"✘ Completions for node If ([16:5, 17:41] - example.wlk) failed: Error: [If]{1e6c0e} at example.wlk:16 exhausted all cases without a match [If]{1e6c0e} at example.wlk:16 exhausted all cases without a match","stack":"Error: [If]{1e6c0e} at example.wlk:16 exhausted all cases without a match\n    at c:\\Users\\agust\\.vscode\\extensions\\uqbar.wollok-lsp-ide-0.5.3\\out\\server\\src\\server.js:38:6142\n    at D2 (c:\\Users\\agust\\.vscode\\extensions\\uqbar.wollok-lsp-ide-0.5.3\\out\\server\\src\\server.js:2384:42)\n    at Qh (c:\\Users\\agust\\.vscode\\extensions\\uqbar.wollok-lsp-ide-0.5.3\\out\\server\\src\\server.js:2384:1092)\n    at D2 (c:\\Users\\agust\\.vscode\\extensions\\uqbar.wollok-lsp-ide-0.5.3\\out\\server\\src\\server.js:2384:544)\n    at Qh (c:\\Users\\agust\\.vscode\\extensions\\uqbar.wollok-lsp-ide-0.5.3\\out\\server\\src\\server.js:2384:1092)\n    at k6n (c:\\Users\\agust\\.vscode\\extensions\\uqbar.wollok-lsp-ide-0.5.3\\out\\server\\src\\server.js:2384:1248)\n    at c:\\Users\\agust\\.vscode\\extensions\\uqbar.wollok-lsp-ide-0.5.3\\out\\server\\src\\server.js:38:6131\n    at D2 (c:\\Users\\agust\\.vscode\\extensions\\uqbar.wollok-lsp-ide-0.5.3\\out\\server\\src\\server.js:2384:42)\n    at c:\\Users\\agust\\.vscode\\extensions\\uqbar.wollok-lsp-ide-0.5.3\\out\\server\\src\\server.js:2384:2988\n    at c:\\Users\\agust\\.vscode\\extensions\\uqbar.wollok-lsp-ide-0.5.3\\out\\server\\src\\server.js:2393:8440","timestamp":"2025-09-13T13:43:34.333Z"}
{"level":"error","message":"✘ Completions for node Send ([16:9, 16:29] - example.wlk) failed: Error: [Send]{b7f4ce} at example.wlk:16 exhausted all cases without a match [Send]{b7f4ce} at example.wlk:16 exhausted all cases without a match","stack":"Error: [Send]{b7f4ce} at example.wlk:16 exhausted all cases without a match\n    at c:\\Users\\agust\\.vscode\\extensions\\uqbar.wollok-lsp-ide-0.5.3\\out\\server\\src\\server.js:38:6142\n    at D2 (c:\\Users\\agust\\.vscode\\extensions\\uqbar.wollok-lsp-ide-0.5.3\\out\\server\\src\\server.js:2384:42)\n    at Qh (c:\\Users\\agust\\.vscode\\extensions\\uqbar.wollok-lsp-ide-0.5.3\\out\\server\\src\\server.js:2384:1092)\n    at k6n (c:\\Users\\agust\\.vscode\\extensions\\uqbar.wollok-lsp-ide-0.5.3\\out\\server\\src\\server.js:2384:1248)\n    at c:\\Users\\agust\\.vscode\\extensions\\uqbar.wollok-lsp-ide-0.5.3\\out\\server\\src\\server.js:38:6131\n    at D2 (c:\\Users\\agust\\.vscode\\extensions\\uqbar.wollok-lsp-ide-0.5.3\\out\\server\\src\\server.js:2384:42)\n    at c:\\Users\\agust\\.vscode\\extensions\\uqbar.wollok-lsp-ide-0.5.3\\out\\server\\src\\server.js:2384:2988\n    at c:\\Users\\agust\\.vscode\\extensions\\uqbar.wollok-lsp-ide-0.5.3\\out\\server\\src\\server.js:2393:8440\n    at c:\\Users\\agust\\.vscode\\extensions\\uqbar.wollok-lsp-ide-0.5.3\\out\\server\\src\\server.js:37:74872\n    at Ye (c:\\Users\\agust\\.vscode\\extensions\\uqbar.wollok-lsp-ide-0.5.3\\out\\server\\src\\server.js:7:8527)","timestamp":"2025-09-13T13:43:35.619Z"}
{"level":"error","message":"✘ Completions for node If ([16:5, 17:41] - example.wlk) failed: Error: [If]{d5c391} at example.wlk:16 exhausted all cases without a match [If]{d5c391} at example.wlk:16 exhausted all cases without a match","stack":"Error: [If]{d5c391} at example.wlk:16 exhausted all cases without a match\n    at c:\\Users\\agust\\.vscode\\extensions\\uqbar.wollok-lsp-ide-0.5.3\\out\\server\\src\\server.js:38:6142\n    at D2 (c:\\Users\\agust\\.vscode\\extensions\\uqbar.wollok-lsp-ide-0.5.3\\out\\server\\src\\server.js:2384:42)\n    at Qh (c:\\Users\\agust\\.vscode\\extensions\\uqbar.wollok-lsp-ide-0.5.3\\out\\server\\src\\server.js:2384:1092)\n    at D2 (c:\\Users\\agust\\.vscode\\extensions\\uqbar.wollok-lsp-ide-0.5.3\\out\\server\\src\\server.js:2384:544)\n    at Qh (c:\\Users\\agust\\.vscode\\extensions\\uqbar.wollok-lsp-ide-0.5.3\\out\\server\\src\\server.js:2384:1092)\n    at k6n (c:\\Users\\agust\\.vscode\\extensions\\uqbar.wollok-lsp-ide-0.5.3\\out\\server\\src\\server.js:2384:1248)\n    at c:\\Users\\agust\\.vscode\\extensions\\uqbar.wollok-lsp-ide-0.5.3\\out\\server\\src\\server.js:38:6131\n    at D2 (c:\\Users\\agust\\.vscode\\extensions\\uqbar.wollok-lsp-ide-0.5.3\\out\\server\\src\\server.js:2384:42)\n    at c:\\Users\\agust\\.vscode\\extensions\\uqbar.wollok-lsp-ide-0.5.3\\out\\server\\src\\server.js:2384:2988\n    at c:\\Users\\agust\\.vscode\\extensions\\uqbar.wollok-lsp-ide-0.5.3\\out\\server\\src\\server.js:2393:8440","timestamp":"2025-09-13T13:43:35.620Z"}
{"level":"info","message":"🚀 Program executed \u001b[3m\u001b[34mpgmProgram.pacmanGame\u001b[39m\u001b[23m on \u001b[3m\u001b[34mc:\\Users\\agust\\Desktop\\Desarrollo\\Universidad\\Programacion con Objetos 1\\pacmanbasicgame-agusalfonsoun\\pacman-13-09-25\u001b[39m\u001b[23m","ok":true,"timeElapsed":239,"timestamp":"2025-09-13T13:44:20.472Z"}
{"level":"error","message":"✘ Completions for node If ([16:5, 21:6] - example.wlk) failed: Error: [If]{14ae59} at example.wlk:16 exhausted all cases without a match [If]{14ae59} at example.wlk:16 exhausted all cases without a match","stack":"Error: [If]{14ae59} at example.wlk:16 exhausted all cases without a match\n    at c:\\Users\\agust\\.vscode\\extensions\\uqbar.wollok-lsp-ide-0.5.3\\out\\server\\src\\server.js:38:6142\n    at D2 (c:\\Users\\agust\\.vscode\\extensions\\uqbar.wollok-lsp-ide-0.5.3\\out\\server\\src\\server.js:2384:42)\n    at Qh (c:\\Users\\agust\\.vscode\\extensions\\uqbar.wollok-lsp-ide-0.5.3\\out\\server\\src\\server.js:2384:1092)\n    at v6n (c:\\Users\\agust\\.vscode\\extensions\\uqbar.wollok-lsp-ide-0.5.3\\out\\server\\src\\server.js:2384:818)\n    at c:\\Users\\agust\\.vscode\\extensions\\uqbar.wollok-lsp-ide-0.5.3\\out\\server\\src\\server.js:38:6131\n    at D2 (c:\\Users\\agust\\.vscode\\extensions\\uqbar.wollok-lsp-ide-0.5.3\\out\\server\\src\\server.js:2384:42)\n    at Qh (c:\\Users\\agust\\.vscode\\extensions\\uqbar.wollok-lsp-ide-0.5.3\\out\\server\\src\\server.js:2384:1092)\n    at k6n (c:\\Users\\agust\\.vscode\\extensions\\uqbar.wollok-lsp-ide-0.5.3\\out\\server\\src\\server.js:2384:1248)\n    at c:\\Users\\agust\\.vscode\\extensions\\uqbar.wollok-lsp-ide-0.5.3\\out\\server\\src\\server.js:38:6131\n    at D2 (c:\\Users\\agust\\.vscode\\extensions\\uqbar.wollok-lsp-ide-0.5.3\\out\\server\\src\\server.js:2384:42)","timestamp":"2025-09-13T13:45:05.613Z"}
{"level":"error","message":"✘ Completions for node If ([16:5, 21:6] - example.wlk) failed: Error: [If]{a0e95b} at example.wlk:16 exhausted all cases without a match [If]{a0e95b} at example.wlk:16 exhausted all cases without a match","stack":"Error: [If]{a0e95b} at example.wlk:16 exhausted all cases without a match\n    at c:\\Users\\agust\\.vscode\\extensions\\uqbar.wollok-lsp-ide-0.5.3\\out\\server\\src\\server.js:38:6142\n    at D2 (c:\\Users\\agust\\.vscode\\extensions\\uqbar.wollok-lsp-ide-0.5.3\\out\\server\\src\\server.js:2384:42)\n    at Qh (c:\\Users\\agust\\.vscode\\extensions\\uqbar.wollok-lsp-ide-0.5.3\\out\\server\\src\\server.js:2384:1092)\n    at v6n (c:\\Users\\agust\\.vscode\\extensions\\uqbar.wollok-lsp-ide-0.5.3\\out\\server\\src\\server.js:2384:818)\n    at c:\\Users\\agust\\.vscode\\extensions\\uqbar.wollok-lsp-ide-0.5.3\\out\\server\\src\\server.js:38:6131\n    at D2 (c:\\Users\\agust\\.vscode\\extensions\\uqbar.wollok-lsp-ide-0.5.3\\out\\server\\src\\server.js:2384:42)\n    at Qh (c:\\Users\\agust\\.vscode\\extensions\\uqbar.wollok-lsp-ide-0.5.3\\out\\server\\src\\server.js:2384:1092)\n    at k6n (c:\\Users\\agust\\.vscode\\extensions\\uqbar.wollok-lsp-ide-0.5.3\\out\\server\\src\\server.js:2384:1248)\n    at c:\\Users\\agust\\.vscode\\extensions\\uqbar.wollok-lsp-ide-0.5.3\\out\\server\\src\\server.js:38:6131\n    at D2 (c:\\Users\\agust\\.vscode\\extensions\\uqbar.wollok-lsp-ide-0.5.3\\out\\server\\src\\server.js:2384:42)","timestamp":"2025-09-13T13:45:10.007Z"}
{"exitCode":"SIGHUP","level":"info","message":"👾 Game executed pgmProgram.pacmanGame on c:\\Users\\agust\\Desktop\\Desarrollo\\Universidad\\Programacion con Objetos 1\\pacmanbasicgame-agusalfonsoun\\pacman-13-09-25","timeElapsed":62648,"timestamp":"2025-09-13T13:45:22.880Z"}
{"level":"info","message":"🚀 Program executed \u001b[3m\u001b[34mpgmProgram.pacmanGame\u001b[39m\u001b[23m on \u001b[3m\u001b[34mc:\\Users\\agust\\Desktop\\Desarrollo\\Universidad\\Programacion con Objetos 1\\pacmanbasicgame-agusalfonsoun\\pacman-13-09-25\u001b[39m\u001b[23m","ok":true,"timeElapsed":283,"timestamp":"2025-09-13T13:45:24.104Z"}
{"exitCode":0,"level":"info","message":"👾 Game executed pgmProgram.pacmanGame on c:\\Users\\agust\\Desktop\\Desarrollo\\Universidad\\Programacion con Objetos 1\\pacmanbasicgame-agusalfonsoun\\pacman-13-09-25","timeElapsed":3410,"timestamp":"2025-09-13T13:45:27.230Z"}
{"level":"error","message":"✘ Completions for node Send ([16:9, 16:33] - example.wlk) failed: Error: [Send]{2c0052} at example.wlk:16 exhausted all cases without a match [Send]{2c0052} at example.wlk:16 exhausted all cases without a match","stack":"Error: [Send]{2c0052} at example.wlk:16 exhausted all cases without a match\n    at c:\\Users\\agust\\.vscode\\extensions\\uqbar.wollok-lsp-ide-0.5.3\\out\\server\\src\\server.js:38:6142\n    at D2 (c:\\Users\\agust\\.vscode\\extensions\\uqbar.wollok-lsp-ide-0.5.3\\out\\server\\src\\server.js:2384:42)\n    at Qh (c:\\Users\\agust\\.vscode\\extensions\\uqbar.wollok-lsp-ide-0.5.3\\out\\server\\src\\server.js:2384:1092)\n    at k6n (c:\\Users\\agust\\.vscode\\extensions\\uqbar.wollok-lsp-ide-0.5.3\\out\\server\\src\\server.js:2384:1248)\n    at c:\\Users\\agust\\.vscode\\extensions\\uqbar.wollok-lsp-ide-0.5.3\\out\\server\\src\\server.js:38:6131\n    at D2 (c:\\Users\\agust\\.vscode\\extensions\\uqbar.wollok-lsp-ide-0.5.3\\out\\server\\src\\server.js:2384:42)\n    at c:\\Users\\agust\\.vscode\\extensions\\uqbar.wollok-lsp-ide-0.5.3\\out\\server\\src\\server.js:2384:2988\n    at c:\\Users\\agust\\.vscode\\extensions\\uqbar.wollok-lsp-ide-0.5.3\\out\\server\\src\\server.js:2393:8440\n    at c:\\Users\\agust\\.vscode\\extensions\\uqbar.wollok-lsp-ide-0.5.3\\out\\server\\src\\server.js:37:74872\n    at Ye (c:\\Users\\agust\\.vscode\\extensions\\uqbar.wollok-lsp-ide-0.5.3\\out\\server\\src\\server.js:7:8527)","timestamp":"2025-09-13T13:47:08.489Z"}
{"level":"error","message":"✘ Completions for node If ([16:5, 21:6] - example.wlk) failed: Error: [If]{544510} at example.wlk:16 exhausted all cases without a match [If]{544510} at example.wlk:16 exhausted all cases without a match","stack":"Error: [If]{544510} at example.wlk:16 exhausted all cases without a match\n    at c:\\Users\\agust\\.vscode\\extensions\\uqbar.wollok-lsp-ide-0.5.3\\out\\server\\src\\server.js:38:6142\n    at D2 (c:\\Users\\agust\\.vscode\\extensions\\uqbar.wollok-lsp-ide-0.5.3\\out\\server\\src\\server.js:2384:42)\n    at Qh (c:\\Users\\agust\\.vscode\\extensions\\uqbar.wollok-lsp-ide-0.5.3\\out\\server\\src\\server.js:2384:1092)\n    at D2 (c:\\Users\\agust\\.vscode\\extensions\\uqbar.wollok-lsp-ide-0.5.3\\out\\server\\src\\server.js:2384:544)\n    at Qh (c:\\Users\\agust\\.vscode\\extensions\\uqbar.wollok-lsp-ide-0.5.3\\out\\server\\src\\server.js:2384:1092)\n    at k6n (c:\\Users\\agust\\.vscode\\extensions\\uqbar.wollok-lsp-ide-0.5.3\\out\\server\\src\\server.js:2384:1248)\n    at c:\\Users\\agust\\.vscode\\extensions\\uqbar.wollok-lsp-ide-0.5.3\\out\\server\\src\\server.js:38:6131\n    at D2 (c:\\Users\\agust\\.vscode\\extensions\\uqbar.wollok-lsp-ide-0.5.3\\out\\server\\src\\server.js:2384:42)\n    at c:\\Users\\agust\\.vscode\\extensions\\uqbar.wollok-lsp-ide-0.5.3\\out\\server\\src\\server.js:2384:2988\n    at c:\\Users\\agust\\.vscode\\extensions\\uqbar.wollok-lsp-ide-0.5.3\\out\\server\\src\\server.js:2393:8440","timestamp":"2025-09-13T13:47:08.489Z"}
{"level":"error","message":"✘ Completions for node Send ([16:9, 16:40] - example.wlk) failed: Error: [Send]{a2fe3e} at example.wlk:16 exhausted all cases without a match [Send]{a2fe3e} at example.wlk:16 exhausted all cases without a match","stack":"Error: [Send]{a2fe3e} at example.wlk:16 exhausted all cases without a match\n    at c:\\Users\\agust\\.vscode\\extensions\\uqbar.wollok-lsp-ide-0.5.3\\out\\server\\src\\server.js:38:6142\n    at D2 (c:\\Users\\agust\\.vscode\\extensions\\uqbar.wollok-lsp-ide-0.5.3\\out\\server\\src\\server.js:2384:42)\n    at Qh (c:\\Users\\agust\\.vscode\\extensions\\uqbar.wollok-lsp-ide-0.5.3\\out\\server\\src\\server.js:2384:1092)\n    at k6n (c:\\Users\\agust\\.vscode\\extensions\\uqbar.wollok-lsp-ide-0.5.3\\out\\server\\src\\server.js:2384:1248)\n    at c:\\Users\\agust\\.vscode\\extensions\\uqbar.wollok-lsp-ide-0.5.3\\out\\server\\src\\server.js:38:6131\n    at D2 (c:\\Users\\agust\\.vscode\\extensions\\uqbar.wollok-lsp-ide-0.5.3\\out\\server\\src\\server.js:2384:42)\n    at c:\\Users\\agust\\.vscode\\extensions\\uqbar.wollok-lsp-ide-0.5.3\\out\\server\\src\\server.js:2384:2988\n    at c:\\Users\\agust\\.vscode\\extensions\\uqbar.wollok-lsp-ide-0.5.3\\out\\server\\src\\server.js:2393:8440\n    at c:\\Users\\agust\\.vscode\\extensions\\uqbar.wollok-lsp-ide-0.5.3\\out\\server\\src\\server.js:37:74872\n    at Ye (c:\\Users\\agust\\.vscode\\extensions\\uqbar.wollok-lsp-ide-0.5.3\\out\\server\\src\\server.js:7:8527)","timestamp":"2025-09-13T13:47:12.554Z"}
{"level":"error","message":"✘ Completions for node If ([16:5, 21:6] - example.wlk) failed: Error: [If]{d05d45} at example.wlk:16 exhausted all cases without a match [If]{d05d45} at example.wlk:16 exhausted all cases without a match","stack":"Error: [If]{d05d45} at example.wlk:16 exhausted all cases without a match\n    at c:\\Users\\agust\\.vscode\\extensions\\uqbar.wollok-lsp-ide-0.5.3\\out\\server\\src\\server.js:38:6142\n    at D2 (c:\\Users\\agust\\.vscode\\extensions\\uqbar.wollok-lsp-ide-0.5.3\\out\\server\\src\\server.js:2384:42)\n    at Qh (c:\\Users\\agust\\.vscode\\extensions\\uqbar.wollok-lsp-ide-0.5.3\\out\\server\\src\\server.js:2384:1092)\n    at D2 (c:\\Users\\agust\\.vscode\\extensions\\uqbar.wollok-lsp-ide-0.5.3\\out\\server\\src\\server.js:2384:544)\n    at Qh (c:\\Users\\agust\\.vscode\\extensions\\uqbar.wollok-lsp-ide-0.5.3\\out\\server\\src\\server.js:2384:1092)\n    at k6n (c:\\Users\\agust\\.vscode\\extensions\\uqbar.wollok-lsp-ide-0.5.3\\out\\server\\src\\server.js:2384:1248)\n    at c:\\Users\\agust\\.vscode\\extensions\\uqbar.wollok-lsp-ide-0.5.3\\out\\server\\src\\server.js:38:6131\n    at D2 (c:\\Users\\agust\\.vscode\\extensions\\uqbar.wollok-lsp-ide-0.5.3\\out\\server\\src\\server.js:2384:42)\n    at c:\\Users\\agust\\.vscode\\extensions\\uqbar.wollok-lsp-ide-0.5.3\\out\\server\\src\\server.js:2384:2988\n    at c:\\Users\\agust\\.vscode\\extensions\\uqbar.wollok-lsp-ide-0.5.3\\out\\server\\src\\server.js:2393:8440","timestamp":"2025-09-13T13:47:12.554Z"}
{"level":"error","message":"✘ Completions for node Send ([16:9, 16:39] - example.wlk) failed: Error: [Send]{2f4b56} at example.wlk:16 exhausted all cases without a match [Send]{2f4b56} at example.wlk:16 exhausted all cases without a match","stack":"Error: [Send]{2f4b56} at example.wlk:16 exhausted all cases without a match\n    at c:\\Users\\agust\\.vscode\\extensions\\uqbar.wollok-lsp-ide-0.5.3\\out\\server\\src\\server.js:38:6142\n    at D2 (c:\\Users\\agust\\.vscode\\extensions\\uqbar.wollok-lsp-ide-0.5.3\\out\\server\\src\\server.js:2384:42)\n    at Qh (c:\\Users\\agust\\.vscode\\extensions\\uqbar.wollok-lsp-ide-0.5.3\\out\\server\\src\\server.js:2384:1092)\n    at k6n (c:\\Users\\agust\\.vscode\\extensions\\uqbar.wollok-lsp-ide-0.5.3\\out\\server\\src\\server.js:2384:1248)\n    at c:\\Users\\agust\\.vscode\\extensions\\uqbar.wollok-lsp-ide-0.5.3\\out\\server\\src\\server.js:38:6131\n    at D2 (c:\\Users\\agust\\.vscode\\extensions\\uqbar.wollok-lsp-ide-0.5.3\\out\\server\\src\\server.js:2384:42)\n    at c:\\Users\\agust\\.vscode\\extensions\\uqbar.wollok-lsp-ide-0.5.3\\out\\server\\src\\server.js:2384:2988\n    at c:\\Users\\agust\\.vscode\\extensions\\uqbar.wollok-lsp-ide-0.5.3\\out\\server\\src\\server.js:2393:8440\n    at c:\\Users\\agust\\.vscode\\extensions\\uqbar.wollok-lsp-ide-0.5.3\\out\\server\\src\\server.js:37:74872\n    at Ye (c:\\Users\\agust\\.vscode\\extensions\\uqbar.wollok-lsp-ide-0.5.3\\out\\server\\src\\server.js:7:8527)","timestamp":"2025-09-13T13:47:13.166Z"}
{"level":"error","message":"✘ Completions for node If ([16:5, 21:6] - example.wlk) failed: Error: [If]{f9e2a5} at example.wlk:16 exhausted all cases without a match [If]{f9e2a5} at example.wlk:16 exhausted all cases without a match","stack":"Error: [If]{f9e2a5} at example.wlk:16 exhausted all cases without a match\n    at c:\\Users\\agust\\.vscode\\extensions\\uqbar.wollok-lsp-ide-0.5.3\\out\\server\\src\\server.js:38:6142\n    at D2 (c:\\Users\\agust\\.vscode\\extensions\\uqbar.wollok-lsp-ide-0.5.3\\out\\server\\src\\server.js:2384:42)\n    at Qh (c:\\Users\\agust\\.vscode\\extensions\\uqbar.wollok-lsp-ide-0.5.3\\out\\server\\src\\server.js:2384:1092)\n    at D2 (c:\\Users\\agust\\.vscode\\extensions\\uqbar.wollok-lsp-ide-0.5.3\\out\\server\\src\\server.js:2384:544)\n    at Qh (c:\\Users\\agust\\.vscode\\extensions\\uqbar.wollok-lsp-ide-0.5.3\\out\\server\\src\\server.js:2384:1092)\n    at k6n (c:\\Users\\agust\\.vscode\\extensions\\uqbar.wollok-lsp-ide-0.5.3\\out\\server\\src\\server.js:2384:1248)\n    at c:\\Users\\agust\\.vscode\\extensions\\uqbar.wollok-lsp-ide-0.5.3\\out\\server\\src\\server.js:38:6131\n    at D2 (c:\\Users\\agust\\.vscode\\extensions\\uqbar.wollok-lsp-ide-0.5.3\\out\\server\\src\\server.js:2384:42)\n    at c:\\Users\\agust\\.vscode\\extensions\\uqbar.wollok-lsp-ide-0.5.3\\out\\server\\src\\server.js:2384:2988\n    at c:\\Users\\agust\\.vscode\\extensions\\uqbar.wollok-lsp-ide-0.5.3\\out\\server\\src\\server.js:2393:8440","timestamp":"2025-09-13T13:47:13.166Z"}
{"level":"error","message":"✘ Completions for node Send ([16:9, 16:39] - example.wlk) failed: Error: [Send]{088fba} at example.wlk:16 exhausted all cases without a match [Send]{088fba} at example.wlk:16 exhausted all cases without a match","stack":"Error: [Send]{088fba} at example.wlk:16 exhausted all cases without a match\n    at c:\\Users\\agust\\.vscode\\extensions\\uqbar.wollok-lsp-ide-0.5.3\\out\\server\\src\\server.js:38:6142\n    at D2 (c:\\Users\\agust\\.vscode\\extensions\\uqbar.wollok-lsp-ide-0.5.3\\out\\server\\src\\server.js:2384:42)\n    at Qh (c:\\Users\\agust\\.vscode\\extensions\\uqbar.wollok-lsp-ide-0.5.3\\out\\server\\src\\server.js:2384:1092)\n    at k6n (c:\\Users\\agust\\.vscode\\extensions\\uqbar.wollok-lsp-ide-0.5.3\\out\\server\\src\\server.js:2384:1248)\n    at c:\\Users\\agust\\.vscode\\extensions\\uqbar.wollok-lsp-ide-0.5.3\\out\\server\\src\\server.js:38:6131\n    at D2 (c:\\Users\\agust\\.vscode\\extensions\\uqbar.wollok-lsp-ide-0.5.3\\out\\server\\src\\server.js:2384:42)\n    at c:\\Users\\agust\\.vscode\\extensions\\uqbar.wollok-lsp-ide-0.5.3\\out\\server\\src\\server.js:2384:2988\n    at c:\\Users\\agust\\.vscode\\extensions\\uqbar.wollok-lsp-ide-0.5.3\\out\\server\\src\\server.js:2393:8440\n    at c:\\Users\\agust\\.vscode\\extensions\\uqbar.wollok-lsp-ide-0.5.3\\out\\server\\src\\server.js:37:74872\n    at Ye (c:\\Users\\agust\\.vscode\\extensions\\uqbar.wollok-lsp-ide-0.5.3\\out\\server\\src\\server.js:7:8527)","timestamp":"2025-09-13T13:47:17.542Z"}
{"level":"error","message":"✘ Completions for node If ([16:5, 21:6] - example.wlk) failed: Error: [If]{36c0c4} at example.wlk:16 exhausted all cases without a match [If]{36c0c4} at example.wlk:16 exhausted all cases without a match","stack":"Error: [If]{36c0c4} at example.wlk:16 exhausted all cases without a match\n    at c:\\Users\\agust\\.vscode\\extensions\\uqbar.wollok-lsp-ide-0.5.3\\out\\server\\src\\server.js:38:6142\n    at D2 (c:\\Users\\agust\\.vscode\\extensions\\uqbar.wollok-lsp-ide-0.5.3\\out\\server\\src\\server.js:2384:42)\n    at Qh (c:\\Users\\agust\\.vscode\\extensions\\uqbar.wollok-lsp-ide-0.5.3\\out\\server\\src\\server.js:2384:1092)\n    at D2 (c:\\Users\\agust\\.vscode\\extensions\\uqbar.wollok-lsp-ide-0.5.3\\out\\server\\src\\server.js:2384:544)\n    at Qh (c:\\Users\\agust\\.vscode\\extensions\\uqbar.wollok-lsp-ide-0.5.3\\out\\server\\src\\server.js:2384:1092)\n    at k6n (c:\\Users\\agust\\.vscode\\extensions\\uqbar.wollok-lsp-ide-0.5.3\\out\\server\\src\\server.js:2384:1248)\n    at c:\\Users\\agust\\.vscode\\extensions\\uqbar.wollok-lsp-ide-0.5.3\\out\\server\\src\\server.js:38:6131\n    at D2 (c:\\Users\\agust\\.vscode\\extensions\\uqbar.wollok-lsp-ide-0.5.3\\out\\server\\src\\server.js:2384:42)\n    at c:\\Users\\agust\\.vscode\\extensions\\uqbar.wollok-lsp-ide-0.5.3\\out\\server\\src\\server.js:2384:2988\n    at c:\\Users\\agust\\.vscode\\extensions\\uqbar.wollok-lsp-ide-0.5.3\\out\\server\\src\\server.js:2393:8440","timestamp":"2025-09-13T13:47:17.542Z"}
{"level":"error","message":"✘ Completions for node Send ([16:9, 16:41] - example.wlk) failed: Error: [Send]{13ca20} at example.wlk:16 exhausted all cases without a match [Send]{13ca20} at example.wlk:16 exhausted all cases without a match","stack":"Error: [Send]{13ca20} at example.wlk:16 exhausted all cases without a match\n    at c:\\Users\\agust\\.vscode\\extensions\\uqbar.wollok-lsp-ide-0.5.3\\out\\server\\src\\server.js:38:6142\n    at D2 (c:\\Users\\agust\\.vscode\\extensions\\uqbar.wollok-lsp-ide-0.5.3\\out\\server\\src\\server.js:2384:42)\n    at Qh (c:\\Users\\agust\\.vscode\\extensions\\uqbar.wollok-lsp-ide-0.5.3\\out\\server\\src\\server.js:2384:1092)\n    at k6n (c:\\Users\\agust\\.vscode\\extensions\\uqbar.wollok-lsp-ide-0.5.3\\out\\server\\src\\server.js:2384:1248)\n    at c:\\Users\\agust\\.vscode\\extensions\\uqbar.wollok-lsp-ide-0.5.3\\out\\server\\src\\server.js:38:6131\n    at D2 (c:\\Users\\agust\\.vscode\\extensions\\uqbar.wollok-lsp-ide-0.5.3\\out\\server\\src\\server.js:2384:42)\n    at c:\\Users\\agust\\.vscode\\extensions\\uqbar.wollok-lsp-ide-0.5.3\\out\\server\\src\\server.js:2384:2988\n    at c:\\Users\\agust\\.vscode\\extensions\\uqbar.wollok-lsp-ide-0.5.3\\out\\server\\src\\server.js:2393:8440\n    at c:\\Users\\agust\\.vscode\\extensions\\uqbar.wollok-lsp-ide-0.5.3\\out\\server\\src\\server.js:37:74872\n    at Ye (c:\\Users\\agust\\.vscode\\extensions\\uqbar.wollok-lsp-ide-0.5.3\\out\\server\\src\\server.js:7:8527)","timestamp":"2025-09-13T13:47:18.475Z"}
{"level":"error","message":"✘ Completions for node If ([16:5, 21:6] - example.wlk) failed: Error: [If]{63dbd5} at example.wlk:16 exhausted all cases without a match [If]{63dbd5} at example.wlk:16 exhausted all cases without a match","stack":"Error: [If]{63dbd5} at example.wlk:16 exhausted all cases without a match\n    at c:\\Users\\agust\\.vscode\\extensions\\uqbar.wollok-lsp-ide-0.5.3\\out\\server\\src\\server.js:38:6142\n    at D2 (c:\\Users\\agust\\.vscode\\extensions\\uqbar.wollok-lsp-ide-0.5.3\\out\\server\\src\\server.js:2384:42)\n    at Qh (c:\\Users\\agust\\.vscode\\extensions\\uqbar.wollok-lsp-ide-0.5.3\\out\\server\\src\\server.js:2384:1092)\n    at D2 (c:\\Users\\agust\\.vscode\\extensions\\uqbar.wollok-lsp-ide-0.5.3\\out\\server\\src\\server.js:2384:544)\n    at Qh (c:\\Users\\agust\\.vscode\\extensions\\uqbar.wollok-lsp-ide-0.5.3\\out\\server\\src\\server.js:2384:1092)\n    at k6n (c:\\Users\\agust\\.vscode\\extensions\\uqbar.wollok-lsp-ide-0.5.3\\out\\server\\src\\server.js:2384:1248)\n    at c:\\Users\\agust\\.vscode\\extensions\\uqbar.wollok-lsp-ide-0.5.3\\out\\server\\src\\server.js:38:6131\n    at D2 (c:\\Users\\agust\\.vscode\\extensions\\uqbar.wollok-lsp-ide-0.5.3\\out\\server\\src\\server.js:2384:42)\n    at c:\\Users\\agust\\.vscode\\extensions\\uqbar.wollok-lsp-ide-0.5.3\\out\\server\\src\\server.js:2384:2988\n    at c:\\Users\\agust\\.vscode\\extensions\\uqbar.wollok-lsp-ide-0.5.3\\out\\server\\src\\server.js:2393:8440","timestamp":"2025-09-13T13:47:18.475Z"}
{"level":"error","message":"✘ Completions for node Send ([16:9, 16:42] - example.wlk) failed: Error: [Send]{cdd273} at example.wlk:16 exhausted all cases without a match [Send]{cdd273} at example.wlk:16 exhausted all cases without a match","stack":"Error: [Send]{cdd273} at example.wlk:16 exhausted all cases without a match\n    at c:\\Users\\agust\\.vscode\\extensions\\uqbar.wollok-lsp-ide-0.5.3\\out\\server\\src\\server.js:38:6142\n    at D2 (c:\\Users\\agust\\.vscode\\extensions\\uqbar.wollok-lsp-ide-0.5.3\\out\\server\\src\\server.js:2384:42)\n    at Qh (c:\\Users\\agust\\.vscode\\extensions\\uqbar.wollok-lsp-ide-0.5.3\\out\\server\\src\\server.js:2384:1092)\n    at k6n (c:\\Users\\agust\\.vscode\\extensions\\uqbar.wollok-lsp-ide-0.5.3\\out\\server\\src\\server.js:2384:1248)\n    at c:\\Users\\agust\\.vscode\\extensions\\uqbar.wollok-lsp-ide-0.5.3\\out\\server\\src\\server.js:38:6131\n    at D2 (c:\\Users\\agust\\.vscode\\extensions\\uqbar.wollok-lsp-ide-0.5.3\\out\\server\\src\\server.js:2384:42)\n    at c:\\Users\\agust\\.vscode\\extensions\\uqbar.wollok-lsp-ide-0.5.3\\out\\server\\src\\server.js:2384:2988\n    at c:\\Users\\agust\\.vscode\\extensions\\uqbar.wollok-lsp-ide-0.5.3\\out\\server\\src\\server.js:2393:8440\n    at c:\\Users\\agust\\.vscode\\extensions\\uqbar.wollok-lsp-ide-0.5.3\\out\\server\\src\\server.js:37:74872\n    at Ye (c:\\Users\\agust\\.vscode\\extensions\\uqbar.wollok-lsp-ide-0.5.3\\out\\server\\src\\server.js:7:8527)","timestamp":"2025-09-13T13:47:18.689Z"}
{"level":"error","message":"✘ Completions for node If ([16:5, 21:6] - example.wlk) failed: Error: [If]{df0048} at example.wlk:16 exhausted all cases without a match [If]{df0048} at example.wlk:16 exhausted all cases without a match","stack":"Error: [If]{df0048} at example.wlk:16 exhausted all cases without a match\n    at c:\\Users\\agust\\.vscode\\extensions\\uqbar.wollok-lsp-ide-0.5.3\\out\\server\\src\\server.js:38:6142\n    at D2 (c:\\Users\\agust\\.vscode\\extensions\\uqbar.wollok-lsp-ide-0.5.3\\out\\server\\src\\server.js:2384:42)\n    at Qh (c:\\Users\\agust\\.vscode\\extensions\\uqbar.wollok-lsp-ide-0.5.3\\out\\server\\src\\server.js:2384:1092)\n    at D2 (c:\\Users\\agust\\.vscode\\extensions\\uqbar.wollok-lsp-ide-0.5.3\\out\\server\\src\\server.js:2384:544)\n    at Qh (c:\\Users\\agust\\.vscode\\extensions\\uqbar.wollok-lsp-ide-0.5.3\\out\\server\\src\\server.js:2384:1092)\n    at k6n (c:\\Users\\agust\\.vscode\\extensions\\uqbar.wollok-lsp-ide-0.5.3\\out\\server\\src\\server.js:2384:1248)\n    at c:\\Users\\agust\\.vscode\\extensions\\uqbar.wollok-lsp-ide-0.5.3\\out\\server\\src\\server.js:38:6131\n    at D2 (c:\\Users\\agust\\.vscode\\extensions\\uqbar.wollok-lsp-ide-0.5.3\\out\\server\\src\\server.js:2384:42)\n    at c:\\Users\\agust\\.vscode\\extensions\\uqbar.wollok-lsp-ide-0.5.3\\out\\server\\src\\server.js:2384:2988\n    at c:\\Users\\agust\\.vscode\\extensions\\uqbar.wollok-lsp-ide-0.5.3\\out\\server\\src\\server.js:2393:8440","timestamp":"2025-09-13T13:47:18.689Z"}
{"level":"error","message":"✘ Completions for node Send ([16:9, 16:43] - example.wlk) failed: Error: [Send]{30c3c1} at example.wlk:16 exhausted all cases without a match [Send]{30c3c1} at example.wlk:16 exhausted all cases without a match","stack":"Error: [Send]{30c3c1} at example.wlk:16 exhausted all cases without a match\n    at c:\\Users\\agust\\.vscode\\extensions\\uqbar.wollok-lsp-ide-0.5.3\\out\\server\\src\\server.js:38:6142\n    at D2 (c:\\Users\\agust\\.vscode\\extensions\\uqbar.wollok-lsp-ide-0.5.3\\out\\server\\src\\server.js:2384:42)\n    at Qh (c:\\Users\\agust\\.vscode\\extensions\\uqbar.wollok-lsp-ide-0.5.3\\out\\server\\src\\server.js:2384:1092)\n    at k6n (c:\\Users\\agust\\.vscode\\extensions\\uqbar.wollok-lsp-ide-0.5.3\\out\\server\\src\\server.js:2384:1248)\n    at c:\\Users\\agust\\.vscode\\extensions\\uqbar.wollok-lsp-ide-0.5.3\\out\\server\\src\\server.js:38:6131\n    at D2 (c:\\Users\\agust\\.vscode\\extensions\\uqbar.wollok-lsp-ide-0.5.3\\out\\server\\src\\server.js:2384:42)\n    at c:\\Users\\agust\\.vscode\\extensions\\uqbar.wollok-lsp-ide-0.5.3\\out\\server\\src\\server.js:2384:2988\n    at c:\\Users\\agust\\.vscode\\extensions\\uqbar.wollok-lsp-ide-0.5.3\\out\\server\\src\\server.js:2393:8440\n    at c:\\Users\\agust\\.vscode\\extensions\\uqbar.wollok-lsp-ide-0.5.3\\out\\server\\src\\server.js:37:74872\n    at Ye (c:\\Users\\agust\\.vscode\\extensions\\uqbar.wollok-lsp-ide-0.5.3\\out\\server\\src\\server.js:7:8527)","timestamp":"2025-09-13T13:47:20.018Z"}
{"level":"error","message":"✘ Completions for node If ([16:5, 21:6] - example.wlk) failed: Error: [If]{7e54b6} at example.wlk:16 exhausted all cases without a match [If]{7e54b6} at example.wlk:16 exhausted all cases without a match","stack":"Error: [If]{7e54b6} at example.wlk:16 exhausted all cases without a match\n    at c:\\Users\\agust\\.vscode\\extensions\\uqbar.wollok-lsp-ide-0.5.3\\out\\server\\src\\server.js:38:6142\n    at D2 (c:\\Users\\agust\\.vscode\\extensions\\uqbar.wollok-lsp-ide-0.5.3\\out\\server\\src\\server.js:2384:42)\n    at Qh (c:\\Users\\agust\\.vscode\\extensions\\uqbar.wollok-lsp-ide-0.5.3\\out\\server\\src\\server.js:2384:1092)\n    at D2 (c:\\Users\\agust\\.vscode\\extensions\\uqbar.wollok-lsp-ide-0.5.3\\out\\server\\src\\server.js:2384:544)\n    at Qh (c:\\Users\\agust\\.vscode\\extensions\\uqbar.wollok-lsp-ide-0.5.3\\out\\server\\src\\server.js:2384:1092)\n    at k6n (c:\\Users\\agust\\.vscode\\extensions\\uqbar.wollok-lsp-ide-0.5.3\\out\\server\\src\\server.js:2384:1248)\n    at c:\\Users\\agust\\.vscode\\extensions\\uqbar.wollok-lsp-ide-0.5.3\\out\\server\\src\\server.js:38:6131\n    at D2 (c:\\Users\\agust\\.vscode\\extensions\\uqbar.wollok-lsp-ide-0.5.3\\out\\server\\src\\server.js:2384:42)\n    at c:\\Users\\agust\\.vscode\\extensions\\uqbar.wollok-lsp-ide-0.5.3\\out\\server\\src\\server.js:2384:2988\n    at c:\\Users\\agust\\.vscode\\extensions\\uqbar.wollok-lsp-ide-0.5.3\\out\\server\\src\\server.js:2393:8440","timestamp":"2025-09-13T13:47:20.019Z"}
{"level":"info","message":"🚀 Program executed \u001b[3m\u001b[34mpgmProgram.pacmanGame\u001b[39m\u001b[23m on \u001b[3m\u001b[34mc:\\Users\\agust\\Desktop\\Desarrollo\\Universidad\\Programacion con Objetos 1\\pacmanbasicgame-agusalfonsoun\\pacman-13-09-25\u001b[39m\u001b[23m","ok":true,"timeElapsed":229,"timestamp":"2025-09-13T13:47:30.943Z"}
{"exitCode":0,"level":"info","message":"👾 Game executed pgmProgram.pacmanGame on c:\\Users\\agust\\Desktop\\Desarrollo\\Universidad\\Programacion con Objetos 1\\pacmanbasicgame-agusalfonsoun\\pacman-13-09-25","timeElapsed":3721,"timestamp":"2025-09-13T13:47:34.435Z"}
{"level":"info","message":"🚀 Program executed \u001b[3m\u001b[34mpgmProgram.pacmanGame\u001b[39m\u001b[23m on \u001b[3m\u001b[34mc:\\Users\\agust\\Desktop\\Desarrollo\\Universidad\\Programacion con Objetos 1\\pacmanbasicgame-agusalfonsoun\\pacman-13-09-25\u001b[39m\u001b[23m","ok":true,"timeElapsed":244,"timestamp":"2025-09-13T13:47:58.608Z"}
{"exitCode":0,"level":"info","message":"👾 Game executed pgmProgram.pacmanGame on c:\\Users\\agust\\Desktop\\Desarrollo\\Universidad\\Programacion con Objetos 1\\pacmanbasicgame-agusalfonsoun\\pacman-13-09-25","timeElapsed":4392,"timestamp":"2025-09-13T13:48:02.755Z"}
{"level":"info","message":"🚀 Program executed \u001b[3m\u001b[34mpgmProgram.pacmanGame\u001b[39m\u001b[23m on \u001b[3m\u001b[34mc:\\Users\\agust\\Desktop\\Desarrollo\\Universidad\\Programacion con Objetos 1\\pacmanbasicgame-agusalfonsoun\\pacman-13-09-25\u001b[39m\u001b[23m","ok":true,"timeElapsed":223,"timestamp":"2025-09-13T13:49:28.798Z"}
{"level":"error","message":"✘ Completions for node Send ([17:7, 17:23] - example.wlk) failed: Error: [Send]{44d11a} at example.wlk:17 exhausted all cases without a match [Send]{44d11a} at example.wlk:17 exhausted all cases without a match","stack":"Error: [Send]{44d11a} at example.wlk:17 exhausted all cases without a match\n    at c:\\Users\\agust\\.vscode\\extensions\\uqbar.wollok-lsp-ide-0.5.3\\out\\server\\src\\server.js:38:6142\n    at D2 (c:\\Users\\agust\\.vscode\\extensions\\uqbar.wollok-lsp-ide-0.5.3\\out\\server\\src\\server.js:2384:42)\n    at Qh (c:\\Users\\agust\\.vscode\\extensions\\uqbar.wollok-lsp-ide-0.5.3\\out\\server\\src\\server.js:2384:1092)\n    at k6n (c:\\Users\\agust\\.vscode\\extensions\\uqbar.wollok-lsp-ide-0.5.3\\out\\server\\src\\server.js:2384:1248)\n    at c:\\Users\\agust\\.vscode\\extensions\\uqbar.wollok-lsp-ide-0.5.3\\out\\server\\src\\server.js:38:6131\n    at D2 (c:\\Users\\agust\\.vscode\\extensions\\uqbar.wollok-lsp-ide-0.5.3\\out\\server\\src\\server.js:2384:42)\n    at c:\\Users\\agust\\.vscode\\extensions\\uqbar.wollok-lsp-ide-0.5.3\\out\\server\\src\\server.js:2384:2988\n    at c:\\Users\\agust\\.vscode\\extensions\\uqbar.wollok-lsp-ide-0.5.3\\out\\server\\src\\server.js:2393:8440\n    at c:\\Users\\agust\\.vscode\\extensions\\uqbar.wollok-lsp-ide-0.5.3\\out\\server\\src\\server.js:37:74872\n    at Ye (c:\\Users\\agust\\.vscode\\extensions\\uqbar.wollok-lsp-ide-0.5.3\\out\\server\\src\\server.js:7:8527)","timestamp":"2025-09-13T13:50:05.765Z"}
{"level":"error","message":"✘ Completions for node If ([16:5, 21:6] - example.wlk) failed: Error: [If]{1f6477} at example.wlk:16 exhausted all cases without a match [If]{1f6477} at example.wlk:16 exhausted all cases without a match","stack":"Error: [If]{1f6477} at example.wlk:16 exhausted all cases without a match\n    at c:\\Users\\agust\\.vscode\\extensions\\uqbar.wollok-lsp-ide-0.5.3\\out\\server\\src\\server.js:38:6142\n    at D2 (c:\\Users\\agust\\.vscode\\extensions\\uqbar.wollok-lsp-ide-0.5.3\\out\\server\\src\\server.js:2384:42)\n    at Qh (c:\\Users\\agust\\.vscode\\extensions\\uqbar.wollok-lsp-ide-0.5.3\\out\\server\\src\\server.js:2384:1092)\n    at v6n (c:\\Users\\agust\\.vscode\\extensions\\uqbar.wollok-lsp-ide-0.5.3\\out\\server\\src\\server.js:2384:818)\n    at c:\\Users\\agust\\.vscode\\extensions\\uqbar.wollok-lsp-ide-0.5.3\\out\\server\\src\\server.js:38:6131\n    at D2 (c:\\Users\\agust\\.vscode\\extensions\\uqbar.wollok-lsp-ide-0.5.3\\out\\server\\src\\server.js:2384:42)\n    at Qh (c:\\Users\\agust\\.vscode\\extensions\\uqbar.wollok-lsp-ide-0.5.3\\out\\server\\src\\server.js:2384:1092)\n    at D2 (c:\\Users\\agust\\.vscode\\extensions\\uqbar.wollok-lsp-ide-0.5.3\\out\\server\\src\\server.js:2384:544)\n    at Qh (c:\\Users\\agust\\.vscode\\extensions\\uqbar.wollok-lsp-ide-0.5.3\\out\\server\\src\\server.js:2384:1092)\n    at k6n (c:\\Users\\agust\\.vscode\\extensions\\uqbar.wollok-lsp-ide-0.5.3\\out\\server\\src\\server.js:2384:1248)","timestamp":"2025-09-13T13:50:05.765Z"}
{"level":"error","message":"✘ Completions for node Send ([17:7, 17:26] - example.wlk) failed: Error: [Send]{a7d3fe} at example.wlk:17 exhausted all cases without a match [Send]{a7d3fe} at example.wlk:17 exhausted all cases without a match","stack":"Error: [Send]{a7d3fe} at example.wlk:17 exhausted all cases without a match\n    at c:\\Users\\agust\\.vscode\\extensions\\uqbar.wollok-lsp-ide-0.5.3\\out\\server\\src\\server.js:38:6142\n    at D2 (c:\\Users\\agust\\.vscode\\extensions\\uqbar.wollok-lsp-ide-0.5.3\\out\\server\\src\\server.js:2384:42)\n    at c:\\Users\\agust\\.vscode\\extensions\\uqbar.wollok-lsp-ide-0.5.3\\out\\server\\src\\server.js:2384:2988\n    at c:\\Users\\agust\\.vscode\\extensions\\uqbar.wollok-lsp-ide-0.5.3\\out\\server\\src\\server.js:2393:8440\n    at c:\\Users\\agust\\.vscode\\extensions\\uqbar.wollok-lsp-ide-0.5.3\\out\\server\\src\\server.js:37:74872\n    at Ye (c:\\Users\\agust\\.vscode\\extensions\\uqbar.wollok-lsp-ide-0.5.3\\out\\server\\src\\server.js:7:8527)\n    at qt (c:\\Users\\agust\\.vscode\\extensions\\uqbar.wollok-lsp-ide-0.5.3\\out\\server\\src\\server.js:7:6189)\n    at ot (c:\\Users\\agust\\.vscode\\extensions\\uqbar.wollok-lsp-ide-0.5.3\\out\\server\\src\\server.js:7:6378)\n    at Immediate._onImmediate (c:\\Users\\agust\\.vscode\\extensions\\uqbar.wollok-lsp-ide-0.5.3\\out\\server\\src\\server.js:7:6142)\n    at process.processImmediate (node:internal/timers:485:21)","timestamp":"2025-09-13T13:50:17.295Z"}
{"level":"error","message":"✘ Completions for node If ([16:5, 21:6] - example.wlk) failed: Error: [If]{1474a7} at example.wlk:16 exhausted all cases without a match [If]{1474a7} at example.wlk:16 exhausted all cases without a match","stack":"Error: [If]{1474a7} at example.wlk:16 exhausted all cases without a match\n    at c:\\Users\\agust\\.vscode\\extensions\\uqbar.wollok-lsp-ide-0.5.3\\out\\server\\src\\server.js:38:6142\n    at D2 (c:\\Users\\agust\\.vscode\\extensions\\uqbar.wollok-lsp-ide-0.5.3\\out\\server\\src\\server.js:2384:42)\n    at Qh (c:\\Users\\agust\\.vscode\\extensions\\uqbar.wollok-lsp-ide-0.5.3\\out\\server\\src\\server.js:2384:1092)\n    at v6n (c:\\Users\\agust\\.vscode\\extensions\\uqbar.wollok-lsp-ide-0.5.3\\out\\server\\src\\server.js:2384:818)\n    at c:\\Users\\agust\\.vscode\\extensions\\uqbar.wollok-lsp-ide-0.5.3\\out\\server\\src\\server.js:38:6131\n    at D2 (c:\\Users\\agust\\.vscode\\extensions\\uqbar.wollok-lsp-ide-0.5.3\\out\\server\\src\\server.js:2384:42)\n    at Qh (c:\\Users\\agust\\.vscode\\extensions\\uqbar.wollok-lsp-ide-0.5.3\\out\\server\\src\\server.js:2384:1092)\n    at D2 (c:\\Users\\agust\\.vscode\\extensions\\uqbar.wollok-lsp-ide-0.5.3\\out\\server\\src\\server.js:2384:544)\n    at c:\\Users\\agust\\.vscode\\extensions\\uqbar.wollok-lsp-ide-0.5.3\\out\\server\\src\\server.js:2384:2988\n    at c:\\Users\\agust\\.vscode\\extensions\\uqbar.wollok-lsp-ide-0.5.3\\out\\server\\src\\server.js:2393:8440","timestamp":"2025-09-13T13:50:17.295Z"}
{"level":"error","message":"✘ Completions for node Send ([17:7, 17:26] - example.wlk) failed: Error: [Send]{b08dc2} at example.wlk:17 exhausted all cases without a match [Send]{b08dc2} at example.wlk:17 exhausted all cases without a match","stack":"Error: [Send]{b08dc2} at example.wlk:17 exhausted all cases without a match\n    at c:\\Users\\agust\\.vscode\\extensions\\uqbar.wollok-lsp-ide-0.5.3\\out\\server\\src\\server.js:38:6142\n    at D2 (c:\\Users\\agust\\.vscode\\extensions\\uqbar.wollok-lsp-ide-0.5.3\\out\\server\\src\\server.js:2384:42)\n    at c:\\Users\\agust\\.vscode\\extensions\\uqbar.wollok-lsp-ide-0.5.3\\out\\server\\src\\server.js:2384:2988\n    at c:\\Users\\agust\\.vscode\\extensions\\uqbar.wollok-lsp-ide-0.5.3\\out\\server\\src\\server.js:2393:8440\n    at c:\\Users\\agust\\.vscode\\extensions\\uqbar.wollok-lsp-ide-0.5.3\\out\\server\\src\\server.js:37:74872\n    at Ye (c:\\Users\\agust\\.vscode\\extensions\\uqbar.wollok-lsp-ide-0.5.3\\out\\server\\src\\server.js:7:8527)\n    at qt (c:\\Users\\agust\\.vscode\\extensions\\uqbar.wollok-lsp-ide-0.5.3\\out\\server\\src\\server.js:7:6189)\n    at ot (c:\\Users\\agust\\.vscode\\extensions\\uqbar.wollok-lsp-ide-0.5.3\\out\\server\\src\\server.js:7:6378)\n    at Immediate._onImmediate (c:\\Users\\agust\\.vscode\\extensions\\uqbar.wollok-lsp-ide-0.5.3\\out\\server\\src\\server.js:7:6142)\n    at process.processImmediate (node:internal/timers:485:21)","timestamp":"2025-09-13T13:50:18.296Z"}
{"level":"error","message":"✘ Completions for node If ([16:5, 21:6] - example.wlk) failed: Error: [If]{690938} at example.wlk:16 exhausted all cases without a match [If]{690938} at example.wlk:16 exhausted all cases without a match","stack":"Error: [If]{690938} at example.wlk:16 exhausted all cases without a match\n    at c:\\Users\\agust\\.vscode\\extensions\\uqbar.wollok-lsp-ide-0.5.3\\out\\server\\src\\server.js:38:6142\n    at D2 (c:\\Users\\agust\\.vscode\\extensions\\uqbar.wollok-lsp-ide-0.5.3\\out\\server\\src\\server.js:2384:42)\n    at Qh (c:\\Users\\agust\\.vscode\\extensions\\uqbar.wollok-lsp-ide-0.5.3\\out\\server\\src\\server.js:2384:1092)\n    at v6n (c:\\Users\\agust\\.vscode\\extensions\\uqbar.wollok-lsp-ide-0.5.3\\out\\server\\src\\server.js:2384:818)\n    at c:\\Users\\agust\\.vscode\\extensions\\uqbar.wollok-lsp-ide-0.5.3\\out\\server\\src\\server.js:38:6131\n    at D2 (c:\\Users\\agust\\.vscode\\extensions\\uqbar.wollok-lsp-ide-0.5.3\\out\\server\\src\\server.js:2384:42)\n    at Qh (c:\\Users\\agust\\.vscode\\extensions\\uqbar.wollok-lsp-ide-0.5.3\\out\\server\\src\\server.js:2384:1092)\n    at D2 (c:\\Users\\agust\\.vscode\\extensions\\uqbar.wollok-lsp-ide-0.5.3\\out\\server\\src\\server.js:2384:544)\n    at c:\\Users\\agust\\.vscode\\extensions\\uqbar.wollok-lsp-ide-0.5.3\\out\\server\\src\\server.js:2384:2988\n    at c:\\Users\\agust\\.vscode\\extensions\\uqbar.wollok-lsp-ide-0.5.3\\out\\server\\src\\server.js:2393:8440","timestamp":"2025-09-13T13:50:18.296Z"}
{"exitCode":"SIGHUP","level":"info","message":"👾 Game executed pgmProgram.pacmanGame on c:\\Users\\agust\\Desktop\\Desarrollo\\Universidad\\Programacion con Objetos 1\\pacmanbasicgame-agusalfonsoun\\pacman-13-09-25","timeElapsed":61545,"timestamp":"2025-09-13T13:50:30.119Z"}
{"level":"info","message":"🚀 Program executed \u001b[3m\u001b[34mpgmProgram.pacmanGame\u001b[39m\u001b[23m on \u001b[3m\u001b[34mc:\\Users\\agust\\Desktop\\Desarrollo\\Universidad\\Programacion con Objetos 1\\pacmanbasicgame-agusalfonsoun\\pacman-13-09-25\u001b[39m\u001b[23m","ok":true,"timeElapsed":233,"timestamp":"2025-09-13T13:50:31.298Z"}
{"exitCode":"SIGHUP","level":"info","message":"👾 Game executed pgmProgram.pacmanGame on c:\\Users\\agust\\Desktop\\Desarrollo\\Universidad\\Programacion con Objetos 1\\pacmanbasicgame-agusalfonsoun\\pacman-13-09-25","timeElapsed":10136,"timestamp":"2025-09-13T13:50:41.200Z"}
{"level":"error","message":"✘ Completions for node If ([16:5, 21:6] - example.wlk) failed: Error: [If]{f11dd9} at example.wlk:16 exhausted all cases without a match [If]{f11dd9} at example.wlk:16 exhausted all cases without a match","stack":"Error: [If]{f11dd9} at example.wlk:16 exhausted all cases without a match\n    at c:\\Users\\agust\\.vscode\\extensions\\uqbar.wollok-lsp-ide-0.5.3\\out\\server\\src\\server.js:38:6142\n    at D2 (c:\\Users\\agust\\.vscode\\extensions\\uqbar.wollok-lsp-ide-0.5.3\\out\\server\\src\\server.js:2384:42)\n    at Qh (c:\\Users\\agust\\.vscode\\extensions\\uqbar.wollok-lsp-ide-0.5.3\\out\\server\\src\\server.js:2384:1092)\n    at v6n (c:\\Users\\agust\\.vscode\\extensions\\uqbar.wollok-lsp-ide-0.5.3\\out\\server\\src\\server.js:2384:818)\n    at c:\\Users\\agust\\.vscode\\extensions\\uqbar.wollok-lsp-ide-0.5.3\\out\\server\\src\\server.js:38:6131\n    at D2 (c:\\Users\\agust\\.vscode\\extensions\\uqbar.wollok-lsp-ide-0.5.3\\out\\server\\src\\server.js:2384:42)\n    at c:\\Users\\agust\\.vscode\\extensions\\uqbar.wollok-lsp-ide-0.5.3\\out\\server\\src\\server.js:2384:2988\n    at c:\\Users\\agust\\.vscode\\extensions\\uqbar.wollok-lsp-ide-0.5.3\\out\\server\\src\\server.js:2393:8440\n    at c:\\Users\\agust\\.vscode\\extensions\\uqbar.wollok-lsp-ide-0.5.3\\out\\server\\src\\server.js:37:74872\n    at Ye (c:\\Users\\agust\\.vscode\\extensions\\uqbar.wollok-lsp-ide-0.5.3\\out\\server\\src\\server.js:7:8527)","timestamp":"2025-09-13T13:51:15.220Z"}
{"level":"error","message":"✘ Completions for node If ([16:5, 21:6] - example.wlk) failed: Error: [If]{3d2696} at example.wlk:16 exhausted all cases without a match [If]{3d2696} at example.wlk:16 exhausted all cases without a match","stack":"Error: [If]{3d2696} at example.wlk:16 exhausted all cases without a match\n    at c:\\Users\\agust\\.vscode\\extensions\\uqbar.wollok-lsp-ide-0.5.3\\out\\server\\src\\server.js:38:6142\n    at D2 (c:\\Users\\agust\\.vscode\\extensions\\uqbar.wollok-lsp-ide-0.5.3\\out\\server\\src\\server.js:2384:42)\n    at Qh (c:\\Users\\agust\\.vscode\\extensions\\uqbar.wollok-lsp-ide-0.5.3\\out\\server\\src\\server.js:2384:1092)\n    at v6n (c:\\Users\\agust\\.vscode\\extensions\\uqbar.wollok-lsp-ide-0.5.3\\out\\server\\src\\server.js:2384:818)\n    at c:\\Users\\agust\\.vscode\\extensions\\uqbar.wollok-lsp-ide-0.5.3\\out\\server\\src\\server.js:38:6131\n    at D2 (c:\\Users\\agust\\.vscode\\extensions\\uqbar.wollok-lsp-ide-0.5.3\\out\\server\\src\\server.js:2384:42)\n    at c:\\Users\\agust\\.vscode\\extensions\\uqbar.wollok-lsp-ide-0.5.3\\out\\server\\src\\server.js:2384:2988\n    at c:\\Users\\agust\\.vscode\\extensions\\uqbar.wollok-lsp-ide-0.5.3\\out\\server\\src\\server.js:2393:8440\n    at c:\\Users\\agust\\.vscode\\extensions\\uqbar.wollok-lsp-ide-0.5.3\\out\\server\\src\\server.js:37:74872\n    at Ye (c:\\Users\\agust\\.vscode\\extensions\\uqbar.wollok-lsp-ide-0.5.3\\out\\server\\src\\server.js:7:8527)","timestamp":"2025-09-13T13:51:15.499Z"}
{"level":"error","message":"✘ Completions for node If ([16:5, 21:6] - example.wlk) failed: Error: [If]{940685} at example.wlk:16 exhausted all cases without a match [If]{940685} at example.wlk:16 exhausted all cases without a match","stack":"Error: [If]{940685} at example.wlk:16 exhausted all cases without a match\n    at c:\\Users\\agust\\.vscode\\extensions\\uqbar.wollok-lsp-ide-0.5.3\\out\\server\\src\\server.js:38:6142\n    at D2 (c:\\Users\\agust\\.vscode\\extensions\\uqbar.wollok-lsp-ide-0.5.3\\out\\server\\src\\server.js:2384:42)\n    at Qh (c:\\Users\\agust\\.vscode\\extensions\\uqbar.wollok-lsp-ide-0.5.3\\out\\server\\src\\server.js:2384:1092)\n    at v6n (c:\\Users\\agust\\.vscode\\extensions\\uqbar.wollok-lsp-ide-0.5.3\\out\\server\\src\\server.js:2384:818)\n    at c:\\Users\\agust\\.vscode\\extensions\\uqbar.wollok-lsp-ide-0.5.3\\out\\server\\src\\server.js:38:6131\n    at D2 (c:\\Users\\agust\\.vscode\\extensions\\uqbar.wollok-lsp-ide-0.5.3\\out\\server\\src\\server.js:2384:42)\n    at c:\\Users\\agust\\.vscode\\extensions\\uqbar.wollok-lsp-ide-0.5.3\\out\\server\\src\\server.js:2384:2988\n    at c:\\Users\\agust\\.vscode\\extensions\\uqbar.wollok-lsp-ide-0.5.3\\out\\server\\src\\server.js:2393:8440\n    at c:\\Users\\agust\\.vscode\\extensions\\uqbar.wollok-lsp-ide-0.5.3\\out\\server\\src\\server.js:37:74872\n    at Ye (c:\\Users\\agust\\.vscode\\extensions\\uqbar.wollok-lsp-ide-0.5.3\\out\\server\\src\\server.js:7:8527)","timestamp":"2025-09-13T13:54:12.728Z"}
{"level":"info","message":"🚀 Program executed \u001b[3m\u001b[34mpgmProgram.pacmanGame\u001b[39m\u001b[23m on \u001b[3m\u001b[34mc:\\Users\\agust\\Desktop\\Desarrollo\\Universidad\\Programacion con Objetos 1\\pacmanbasicgame-agusalfonsoun\\pacman-13-09-25\u001b[39m\u001b[23m","ok":true,"timeElapsed":227,"timestamp":"2025-09-13T13:54:26.622Z"}
{"exitCode":"SIGHUP","level":"info","message":"👾 Game executed pgmProgram.pacmanGame on c:\\Users\\agust\\Desktop\\Desarrollo\\Universidad\\Programacion con Objetos 1\\pacmanbasicgame-agusalfonsoun\\pacman-13-09-25","timeElapsed":36383,"timestamp":"2025-09-13T13:55:02.778Z"}
{"level":"error","message":"✘ Completions for node Send ([17:7, 17:23] - example.wlk) failed: Error: [Send]{ebb41b} at example.wlk:17 exhausted all cases without a match [Send]{ebb41b} at example.wlk:17 exhausted all cases without a match","stack":"Error: [Send]{ebb41b} at example.wlk:17 exhausted all cases without a match\n    at c:\\Users\\agust\\.vscode\\extensions\\uqbar.wollok-lsp-ide-0.5.3\\out\\server\\src\\server.js:38:6142\n    at D2 (c:\\Users\\agust\\.vscode\\extensions\\uqbar.wollok-lsp-ide-0.5.3\\out\\server\\src\\server.js:2384:42)\n    at Qh (c:\\Users\\agust\\.vscode\\extensions\\uqbar.wollok-lsp-ide-0.5.3\\out\\server\\src\\server.js:2384:1092)\n    at k6n (c:\\Users\\agust\\.vscode\\extensions\\uqbar.wollok-lsp-ide-0.5.3\\out\\server\\src\\server.js:2384:1248)\n    at c:\\Users\\agust\\.vscode\\extensions\\uqbar.wollok-lsp-ide-0.5.3\\out\\server\\src\\server.js:38:6131\n    at D2 (c:\\Users\\agust\\.vscode\\extensions\\uqbar.wollok-lsp-ide-0.5.3\\out\\server\\src\\server.js:2384:42)\n    at c:\\Users\\agust\\.vscode\\extensions\\uqbar.wollok-lsp-ide-0.5.3\\out\\server\\src\\server.js:2384:2988\n    at c:\\Users\\agust\\.vscode\\extensions\\uqbar.wollok-lsp-ide-0.5.3\\out\\server\\src\\server.js:2393:8440\n    at c:\\Users\\agust\\.vscode\\extensions\\uqbar.wollok-lsp-ide-0.5.3\\out\\server\\src\\server.js:37:74872\n    at Ye (c:\\Users\\agust\\.vscode\\extensions\\uqbar.wollok-lsp-ide-0.5.3\\out\\server\\src\\server.js:7:8527)","timestamp":"2025-09-13T13:56:43.240Z"}
{"level":"error","message":"✘ Completions for node If ([16:5, 21:6] - example.wlk) failed: Error: [If]{b6ca4b} at example.wlk:16 exhausted all cases without a match [If]{b6ca4b} at example.wlk:16 exhausted all cases without a match","stack":"Error: [If]{b6ca4b} at example.wlk:16 exhausted all cases without a match\n    at c:\\Users\\agust\\.vscode\\extensions\\uqbar.wollok-lsp-ide-0.5.3\\out\\server\\src\\server.js:38:6142\n    at D2 (c:\\Users\\agust\\.vscode\\extensions\\uqbar.wollok-lsp-ide-0.5.3\\out\\server\\src\\server.js:2384:42)\n    at Qh (c:\\Users\\agust\\.vscode\\extensions\\uqbar.wollok-lsp-ide-0.5.3\\out\\server\\src\\server.js:2384:1092)\n    at v6n (c:\\Users\\agust\\.vscode\\extensions\\uqbar.wollok-lsp-ide-0.5.3\\out\\server\\src\\server.js:2384:818)\n    at c:\\Users\\agust\\.vscode\\extensions\\uqbar.wollok-lsp-ide-0.5.3\\out\\server\\src\\server.js:38:6131\n    at D2 (c:\\Users\\agust\\.vscode\\extensions\\uqbar.wollok-lsp-ide-0.5.3\\out\\server\\src\\server.js:2384:42)\n    at Qh (c:\\Users\\agust\\.vscode\\extensions\\uqbar.wollok-lsp-ide-0.5.3\\out\\server\\src\\server.js:2384:1092)\n    at D2 (c:\\Users\\agust\\.vscode\\extensions\\uqbar.wollok-lsp-ide-0.5.3\\out\\server\\src\\server.js:2384:544)\n    at Qh (c:\\Users\\agust\\.vscode\\extensions\\uqbar.wollok-lsp-ide-0.5.3\\out\\server\\src\\server.js:2384:1092)\n    at k6n (c:\\Users\\agust\\.vscode\\extensions\\uqbar.wollok-lsp-ide-0.5.3\\out\\server\\src\\server.js:2384:1248)","timestamp":"2025-09-13T13:56:43.240Z"}
{"level":"error","message":"✘ Completions for node Send ([17:21, 17:38] - example.wlk) failed: Error: [Send]{aef9b1} at example.wlk:17 exhausted all cases without a match [Send]{aef9b1} at example.wlk:17 exhausted all cases without a match","stack":"Error: [Send]{aef9b1} at example.wlk:17 exhausted all cases without a match\n    at c:\\Users\\agust\\.vscode\\extensions\\uqbar.wollok-lsp-ide-0.5.3\\out\\server\\src\\server.js:38:6142\n    at D2 (c:\\Users\\agust\\.vscode\\extensions\\uqbar.wollok-lsp-ide-0.5.3\\out\\server\\src\\server.js:2384:42)\n    at Qh (c:\\Users\\agust\\.vscode\\extensions\\uqbar.wollok-lsp-ide-0.5.3\\out\\server\\src\\server.js:2384:1092)\n    at k6n (c:\\Users\\agust\\.vscode\\extensions\\uqbar.wollok-lsp-ide-0.5.3\\out\\server\\src\\server.js:2384:1248)\n    at c:\\Users\\agust\\.vscode\\extensions\\uqbar.wollok-lsp-ide-0.5.3\\out\\server\\src\\server.js:38:6131\n    at D2 (c:\\Users\\agust\\.vscode\\extensions\\uqbar.wollok-lsp-ide-0.5.3\\out\\server\\src\\server.js:2384:42)\n    at c:\\Users\\agust\\.vscode\\extensions\\uqbar.wollok-lsp-ide-0.5.3\\out\\server\\src\\server.js:2384:2988\n    at c:\\Users\\agust\\.vscode\\extensions\\uqbar.wollok-lsp-ide-0.5.3\\out\\server\\src\\server.js:2393:8440\n    at c:\\Users\\agust\\.vscode\\extensions\\uqbar.wollok-lsp-ide-0.5.3\\out\\server\\src\\server.js:37:74872\n    at Ye (c:\\Users\\agust\\.vscode\\extensions\\uqbar.wollok-lsp-ide-0.5.3\\out\\server\\src\\server.js:7:8527)","timestamp":"2025-09-13T13:58:17.359Z"}
{"level":"error","message":"✘ Completions for node Send ([17:7, 17:39] - example.wlk) failed: Error: [Send]{a2f43e} at example.wlk:17 exhausted all cases without a match [Send]{a2f43e} at example.wlk:17 exhausted all cases without a match","stack":"Error: [Send]{a2f43e} at example.wlk:17 exhausted all cases without a match\n    at c:\\Users\\agust\\.vscode\\extensions\\uqbar.wollok-lsp-ide-0.5.3\\out\\server\\src\\server.js:38:6142\n    at D2 (c:\\Users\\agust\\.vscode\\extensions\\uqbar.wollok-lsp-ide-0.5.3\\out\\server\\src\\server.js:2384:42)\n    at Qh (c:\\Users\\agust\\.vscode\\extensions\\uqbar.wollok-lsp-ide-0.5.3\\out\\server\\src\\server.js:2384:1092)\n    at D2 (c:\\Users\\agust\\.vscode\\extensions\\uqbar.wollok-lsp-ide-0.5.3\\out\\server\\src\\server.js:2384:544)\n    at Qh (c:\\Users\\agust\\.vscode\\extensions\\uqbar.wollok-lsp-ide-0.5.3\\out\\server\\src\\server.js:2384:1092)\n    at k6n (c:\\Users\\agust\\.vscode\\extensions\\uqbar.wollok-lsp-ide-0.5.3\\out\\server\\src\\server.js:2384:1248)\n    at c:\\Users\\agust\\.vscode\\extensions\\uqbar.wollok-lsp-ide-0.5.3\\out\\server\\src\\server.js:38:6131\n    at D2 (c:\\Users\\agust\\.vscode\\extensions\\uqbar.wollok-lsp-ide-0.5.3\\out\\server\\src\\server.js:2384:42)\n    at c:\\Users\\agust\\.vscode\\extensions\\uqbar.wollok-lsp-ide-0.5.3\\out\\server\\src\\server.js:2384:2988\n    at c:\\Users\\agust\\.vscode\\extensions\\uqbar.wollok-lsp-ide-0.5.3\\out\\server\\src\\server.js:2393:8440","timestamp":"2025-09-13T13:58:17.360Z"}
{"level":"error","message":"✘ Completions for node If ([16:5, 21:6] - example.wlk) failed: Error: [If]{7f505c} at example.wlk:16 exhausted all cases without a match [If]{7f505c} at example.wlk:16 exhausted all cases without a match","stack":"Error: [If]{7f505c} at example.wlk:16 exhausted all cases without a match\n    at c:\\Users\\agust\\.vscode\\extensions\\uqbar.wollok-lsp-ide-0.5.3\\out\\server\\src\\server.js:38:6142\n    at D2 (c:\\Users\\agust\\.vscode\\extensions\\uqbar.wollok-lsp-ide-0.5.3\\out\\server\\src\\server.js:2384:42)\n    at Qh (c:\\Users\\agust\\.vscode\\extensions\\uqbar.wollok-lsp-ide-0.5.3\\out\\server\\src\\server.js:2384:1092)\n    at v6n (c:\\Users\\agust\\.vscode\\extensions\\uqbar.wollok-lsp-ide-0.5.3\\out\\server\\src\\server.js:2384:818)\n    at c:\\Users\\agust\\.vscode\\extensions\\uqbar.wollok-lsp-ide-0.5.3\\out\\server\\src\\server.js:38:6131\n    at D2 (c:\\Users\\agust\\.vscode\\extensions\\uqbar.wollok-lsp-ide-0.5.3\\out\\server\\src\\server.js:2384:42)\n    at Qh (c:\\Users\\agust\\.vscode\\extensions\\uqbar.wollok-lsp-ide-0.5.3\\out\\server\\src\\server.js:2384:1092)\n    at D2 (c:\\Users\\agust\\.vscode\\extensions\\uqbar.wollok-lsp-ide-0.5.3\\out\\server\\src\\server.js:2384:544)\n    at Qh (c:\\Users\\agust\\.vscode\\extensions\\uqbar.wollok-lsp-ide-0.5.3\\out\\server\\src\\server.js:2384:1092)\n    at D2 (c:\\Users\\agust\\.vscode\\extensions\\uqbar.wollok-lsp-ide-0.5.3\\out\\server\\src\\server.js:2384:544)","timestamp":"2025-09-13T13:58:17.360Z"}
{"level":"error","message":"✘ Completions for node Send ([17:7, 17:44] - example.wlk) failed: Error: [Send]{6b5e83} at example.wlk:17 exhausted all cases without a match [Send]{6b5e83} at example.wlk:17 exhausted all cases without a match","stack":"Error: [Send]{6b5e83} at example.wlk:17 exhausted all cases without a match\n    at c:\\Users\\agust\\.vscode\\extensions\\uqbar.wollok-lsp-ide-0.5.3\\out\\server\\src\\server.js:38:6142\n    at D2 (c:\\Users\\agust\\.vscode\\extensions\\uqbar.wollok-lsp-ide-0.5.3\\out\\server\\src\\server.js:2384:42)\n    at Qh (c:\\Users\\agust\\.vscode\\extensions\\uqbar.wollok-lsp-ide-0.5.3\\out\\server\\src\\server.js:2384:1092)\n    at k6n (c:\\Users\\agust\\.vscode\\extensions\\uqbar.wollok-lsp-ide-0.5.3\\out\\server\\src\\server.js:2384:1248)\n    at c:\\Users\\agust\\.vscode\\extensions\\uqbar.wollok-lsp-ide-0.5.3\\out\\server\\src\\server.js:38:6131\n    at D2 (c:\\Users\\agust\\.vscode\\extensions\\uqbar.wollok-lsp-ide-0.5.3\\out\\server\\src\\server.js:2384:42)\n    at c:\\Users\\agust\\.vscode\\extensions\\uqbar.wollok-lsp-ide-0.5.3\\out\\server\\src\\server.js:2384:2988\n    at c:\\Users\\agust\\.vscode\\extensions\\uqbar.wollok-lsp-ide-0.5.3\\out\\server\\src\\server.js:2393:8440\n    at c:\\Users\\agust\\.vscode\\extensions\\uqbar.wollok-lsp-ide-0.5.3\\out\\server\\src\\server.js:37:74872\n    at Ye (c:\\Users\\agust\\.vscode\\extensions\\uqbar.wollok-lsp-ide-0.5.3\\out\\server\\src\\server.js:7:8527)","timestamp":"2025-09-13T13:58:37.648Z"}
{"level":"error","message":"✘ Completions for node If ([16:5, 21:6] - example.wlk) failed: Error: [If]{1e9611} at example.wlk:16 exhausted all cases without a match [If]{1e9611} at example.wlk:16 exhausted all cases without a match","stack":"Error: [If]{1e9611} at example.wlk:16 exhausted all cases without a match\n    at c:\\Users\\agust\\.vscode\\extensions\\uqbar.wollok-lsp-ide-0.5.3\\out\\server\\src\\server.js:38:6142\n    at D2 (c:\\Users\\agust\\.vscode\\extensions\\uqbar.wollok-lsp-ide-0.5.3\\out\\server\\src\\server.js:2384:42)\n    at Qh (c:\\Users\\agust\\.vscode\\extensions\\uqbar.wollok-lsp-ide-0.5.3\\out\\server\\src\\server.js:2384:1092)\n    at v6n (c:\\Users\\agust\\.vscode\\extensions\\uqbar.wollok-lsp-ide-0.5.3\\out\\server\\src\\server.js:2384:818)\n    at c:\\Users\\agust\\.vscode\\extensions\\uqbar.wollok-lsp-ide-0.5.3\\out\\server\\src\\server.js:38:6131\n    at D2 (c:\\Users\\agust\\.vscode\\extensions\\uqbar.wollok-lsp-ide-0.5.3\\out\\server\\src\\server.js:2384:42)\n    at Qh (c:\\Users\\agust\\.vscode\\extensions\\uqbar.wollok-lsp-ide-0.5.3\\out\\server\\src\\server.js:2384:1092)\n    at D2 (c:\\Users\\agust\\.vscode\\extensions\\uqbar.wollok-lsp-ide-0.5.3\\out\\server\\src\\server.js:2384:544)\n    at Qh (c:\\Users\\agust\\.vscode\\extensions\\uqbar.wollok-lsp-ide-0.5.3\\out\\server\\src\\server.js:2384:1092)\n    at k6n (c:\\Users\\agust\\.vscode\\extensions\\uqbar.wollok-lsp-ide-0.5.3\\out\\server\\src\\server.js:2384:1248)","timestamp":"2025-09-13T13:58:37.648Z"}
{"level":"error","message":"✘ Completions for node Send ([17:7, 17:46] - example.wlk) failed: Error: [Send]{84cee1} at example.wlk:17 exhausted all cases without a match [Send]{84cee1} at example.wlk:17 exhausted all cases without a match","stack":"Error: [Send]{84cee1} at example.wlk:17 exhausted all cases without a match\n    at c:\\Users\\agust\\.vscode\\extensions\\uqbar.wollok-lsp-ide-0.5.3\\out\\server\\src\\server.js:38:6142\n    at D2 (c:\\Users\\agust\\.vscode\\extensions\\uqbar.wollok-lsp-ide-0.5.3\\out\\server\\src\\server.js:2384:42)\n    at Qh (c:\\Users\\agust\\.vscode\\extensions\\uqbar.wollok-lsp-ide-0.5.3\\out\\server\\src\\server.js:2384:1092)\n    at k6n (c:\\Users\\agust\\.vscode\\extensions\\uqbar.wollok-lsp-ide-0.5.3\\out\\server\\src\\server.js:2384:1248)\n    at c:\\Users\\agust\\.vscode\\extensions\\uqbar.wollok-lsp-ide-0.5.3\\out\\server\\src\\server.js:38:6131\n    at D2 (c:\\Users\\agust\\.vscode\\extensions\\uqbar.wollok-lsp-ide-0.5.3\\out\\server\\src\\server.js:2384:42)\n    at c:\\Users\\agust\\.vscode\\extensions\\uqbar.wollok-lsp-ide-0.5.3\\out\\server\\src\\server.js:2384:2988\n    at c:\\Users\\agust\\.vscode\\extensions\\uqbar.wollok-lsp-ide-0.5.3\\out\\server\\src\\server.js:2393:8440\n    at c:\\Users\\agust\\.vscode\\extensions\\uqbar.wollok-lsp-ide-0.5.3\\out\\server\\src\\server.js:37:74872\n    at Ye (c:\\Users\\agust\\.vscode\\extensions\\uqbar.wollok-lsp-ide-0.5.3\\out\\server\\src\\server.js:7:8527)","timestamp":"2025-09-13T13:58:37.854Z"}
{"level":"error","message":"✘ Completions for node If ([16:5, 21:6] - example.wlk) failed: Error: [If]{2e8764} at example.wlk:16 exhausted all cases without a match [If]{2e8764} at example.wlk:16 exhausted all cases without a match","stack":"Error: [If]{2e8764} at example.wlk:16 exhausted all cases without a match\n    at c:\\Users\\agust\\.vscode\\extensions\\uqbar.wollok-lsp-ide-0.5.3\\out\\server\\src\\server.js:38:6142\n    at D2 (c:\\Users\\agust\\.vscode\\extensions\\uqbar.wollok-lsp-ide-0.5.3\\out\\server\\src\\server.js:2384:42)\n    at Qh (c:\\Users\\agust\\.vscode\\extensions\\uqbar.wollok-lsp-ide-0.5.3\\out\\server\\src\\server.js:2384:1092)\n    at v6n (c:\\Users\\agust\\.vscode\\extensions\\uqbar.wollok-lsp-ide-0.5.3\\out\\server\\src\\server.js:2384:818)\n    at c:\\Users\\agust\\.vscode\\extensions\\uqbar.wollok-lsp-ide-0.5.3\\out\\server\\src\\server.js:38:6131\n    at D2 (c:\\Users\\agust\\.vscode\\extensions\\uqbar.wollok-lsp-ide-0.5.3\\out\\server\\src\\server.js:2384:42)\n    at Qh (c:\\Users\\agust\\.vscode\\extensions\\uqbar.wollok-lsp-ide-0.5.3\\out\\server\\src\\server.js:2384:1092)\n    at D2 (c:\\Users\\agust\\.vscode\\extensions\\uqbar.wollok-lsp-ide-0.5.3\\out\\server\\src\\server.js:2384:544)\n    at Qh (c:\\Users\\agust\\.vscode\\extensions\\uqbar.wollok-lsp-ide-0.5.3\\out\\server\\src\\server.js:2384:1092)\n    at k6n (c:\\Users\\agust\\.vscode\\extensions\\uqbar.wollok-lsp-ide-0.5.3\\out\\server\\src\\server.js:2384:1248)","timestamp":"2025-09-13T13:58:37.854Z"}
{"level":"error","message":"✘ Completions for node Send ([17:7, 17:47] - example.wlk) failed: Error: [Send]{be2404} at example.wlk:17 exhausted all cases without a match [Send]{be2404} at example.wlk:17 exhausted all cases without a match","stack":"Error: [Send]{be2404} at example.wlk:17 exhausted all cases without a match\n    at c:\\Users\\agust\\.vscode\\extensions\\uqbar.wollok-lsp-ide-0.5.3\\out\\server\\src\\server.js:38:6142\n    at D2 (c:\\Users\\agust\\.vscode\\extensions\\uqbar.wollok-lsp-ide-0.5.3\\out\\server\\src\\server.js:2384:42)\n    at Qh (c:\\Users\\agust\\.vscode\\extensions\\uqbar.wollok-lsp-ide-0.5.3\\out\\server\\src\\server.js:2384:1092)\n    at k6n (c:\\Users\\agust\\.vscode\\extensions\\uqbar.wollok-lsp-ide-0.5.3\\out\\server\\src\\server.js:2384:1248)\n    at c:\\Users\\agust\\.vscode\\extensions\\uqbar.wollok-lsp-ide-0.5.3\\out\\server\\src\\server.js:38:6131\n    at D2 (c:\\Users\\agust\\.vscode\\extensions\\uqbar.wollok-lsp-ide-0.5.3\\out\\server\\src\\server.js:2384:42)\n    at c:\\Users\\agust\\.vscode\\extensions\\uqbar.wollok-lsp-ide-0.5.3\\out\\server\\src\\server.js:2384:2988\n    at c:\\Users\\agust\\.vscode\\extensions\\uqbar.wollok-lsp-ide-0.5.3\\out\\server\\src\\server.js:2393:8440\n    at c:\\Users\\agust\\.vscode\\extensions\\uqbar.wollok-lsp-ide-0.5.3\\out\\server\\src\\server.js:37:74872\n    at Ye (c:\\Users\\agust\\.vscode\\extensions\\uqbar.wollok-lsp-ide-0.5.3\\out\\server\\src\\server.js:7:8527)","timestamp":"2025-09-13T13:58:38.052Z"}
{"level":"error","message":"✘ Completions for node If ([16:5, 21:6] - example.wlk) failed: Error: [If]{d23003} at example.wlk:16 exhausted all cases without a match [If]{d23003} at example.wlk:16 exhausted all cases without a match","stack":"Error: [If]{d23003} at example.wlk:16 exhausted all cases without a match\n    at c:\\Users\\agust\\.vscode\\extensions\\uqbar.wollok-lsp-ide-0.5.3\\out\\server\\src\\server.js:38:6142\n    at D2 (c:\\Users\\agust\\.vscode\\extensions\\uqbar.wollok-lsp-ide-0.5.3\\out\\server\\src\\server.js:2384:42)\n    at Qh (c:\\Users\\agust\\.vscode\\extensions\\uqbar.wollok-lsp-ide-0.5.3\\out\\server\\src\\server.js:2384:1092)\n    at v6n (c:\\Users\\agust\\.vscode\\extensions\\uqbar.wollok-lsp-ide-0.5.3\\out\\server\\src\\server.js:2384:818)\n    at c:\\Users\\agust\\.vscode\\extensions\\uqbar.wollok-lsp-ide-0.5.3\\out\\server\\src\\server.js:38:6131\n    at D2 (c:\\Users\\agust\\.vscode\\extensions\\uqbar.wollok-lsp-ide-0.5.3\\out\\server\\src\\server.js:2384:42)\n    at Qh (c:\\Users\\agust\\.vscode\\extensions\\uqbar.wollok-lsp-ide-0.5.3\\out\\server\\src\\server.js:2384:1092)\n    at D2 (c:\\Users\\agust\\.vscode\\extensions\\uqbar.wollok-lsp-ide-0.5.3\\out\\server\\src\\server.js:2384:544)\n    at Qh (c:\\Users\\agust\\.vscode\\extensions\\uqbar.wollok-lsp-ide-0.5.3\\out\\server\\src\\server.js:2384:1092)\n    at k6n (c:\\Users\\agust\\.vscode\\extensions\\uqbar.wollok-lsp-ide-0.5.3\\out\\server\\src\\server.js:2384:1248)","timestamp":"2025-09-13T13:58:38.052Z"}
{"level":"error","message":"✘ Completions for node Send ([17:7, 17:46] - example.wlk) failed: Error: [Send]{c33128} at example.wlk:17 exhausted all cases without a match [Send]{c33128} at example.wlk:17 exhausted all cases without a match","stack":"Error: [Send]{c33128} at example.wlk:17 exhausted all cases without a match\n    at c:\\Users\\agust\\.vscode\\extensions\\uqbar.wollok-lsp-ide-0.5.3\\out\\server\\src\\server.js:38:6142\n    at D2 (c:\\Users\\agust\\.vscode\\extensions\\uqbar.wollok-lsp-ide-0.5.3\\out\\server\\src\\server.js:2384:42)\n    at Qh (c:\\Users\\agust\\.vscode\\extensions\\uqbar.wollok-lsp-ide-0.5.3\\out\\server\\src\\server.js:2384:1092)\n    at k6n (c:\\Users\\agust\\.vscode\\extensions\\uqbar.wollok-lsp-ide-0.5.3\\out\\server\\src\\server.js:2384:1248)\n    at c:\\Users\\agust\\.vscode\\extensions\\uqbar.wollok-lsp-ide-0.5.3\\out\\server\\src\\server.js:38:6131\n    at D2 (c:\\Users\\agust\\.vscode\\extensions\\uqbar.wollok-lsp-ide-0.5.3\\out\\server\\src\\server.js:2384:42)\n    at c:\\Users\\agust\\.vscode\\extensions\\uqbar.wollok-lsp-ide-0.5.3\\out\\server\\src\\server.js:2384:2988\n    at c:\\Users\\agust\\.vscode\\extensions\\uqbar.wollok-lsp-ide-0.5.3\\out\\server\\src\\server.js:2393:8440\n    at c:\\Users\\agust\\.vscode\\extensions\\uqbar.wollok-lsp-ide-0.5.3\\out\\server\\src\\server.js:37:74872\n    at Ye (c:\\Users\\agust\\.vscode\\extensions\\uqbar.wollok-lsp-ide-0.5.3\\out\\server\\src\\server.js:7:8527)","timestamp":"2025-09-13T13:58:38.584Z"}
{"level":"error","message":"✘ Completions for node If ([16:5, 21:6] - example.wlk) failed: Error: [If]{2dd567} at example.wlk:16 exhausted all cases without a match [If]{2dd567} at example.wlk:16 exhausted all cases without a match","stack":"Error: [If]{2dd567} at example.wlk:16 exhausted all cases without a match\n    at c:\\Users\\agust\\.vscode\\extensions\\uqbar.wollok-lsp-ide-0.5.3\\out\\server\\src\\server.js:38:6142\n    at D2 (c:\\Users\\agust\\.vscode\\extensions\\uqbar.wollok-lsp-ide-0.5.3\\out\\server\\src\\server.js:2384:42)\n    at Qh (c:\\Users\\agust\\.vscode\\extensions\\uqbar.wollok-lsp-ide-0.5.3\\out\\server\\src\\server.js:2384:1092)\n    at v6n (c:\\Users\\agust\\.vscode\\extensions\\uqbar.wollok-lsp-ide-0.5.3\\out\\server\\src\\server.js:2384:818)\n    at c:\\Users\\agust\\.vscode\\extensions\\uqbar.wollok-lsp-ide-0.5.3\\out\\server\\src\\server.js:38:6131\n    at D2 (c:\\Users\\agust\\.vscode\\extensions\\uqbar.wollok-lsp-ide-0.5.3\\out\\server\\src\\server.js:2384:42)\n    at Qh (c:\\Users\\agust\\.vscode\\extensions\\uqbar.wollok-lsp-ide-0.5.3\\out\\server\\src\\server.js:2384:1092)\n    at D2 (c:\\Users\\agust\\.vscode\\extensions\\uqbar.wollok-lsp-ide-0.5.3\\out\\server\\src\\server.js:2384:544)\n    at Qh (c:\\Users\\agust\\.vscode\\extensions\\uqbar.wollok-lsp-ide-0.5.3\\out\\server\\src\\server.js:2384:1092)\n    at k6n (c:\\Users\\agust\\.vscode\\extensions\\uqbar.wollok-lsp-ide-0.5.3\\out\\server\\src\\server.js:2384:1248)","timestamp":"2025-09-13T13:58:38.584Z"}
{"level":"info","message":"⌛ Validating example.wlk","timeElapsed":101,"timestamp":"2025-09-13T13:58:43.597Z"}
{"level":"error","message":"✘ Completions for node Send ([17:7, 17:23] - example.wlk) failed: Error: [Send]{577eab} at example.wlk:17 exhausted all cases without a match [Send]{577eab} at example.wlk:17 exhausted all cases without a match","stack":"Error: [Send]{577eab} at example.wlk:17 exhausted all cases without a match\n    at c:\\Users\\agust\\.vscode\\extensions\\uqbar.wollok-lsp-ide-0.5.3\\out\\server\\src\\server.js:38:6142\n    at D2 (c:\\Users\\agust\\.vscode\\extensions\\uqbar.wollok-lsp-ide-0.5.3\\out\\server\\src\\server.js:2384:42)\n    at Qh (c:\\Users\\agust\\.vscode\\extensions\\uqbar.wollok-lsp-ide-0.5.3\\out\\server\\src\\server.js:2384:1092)\n    at k6n (c:\\Users\\agust\\.vscode\\extensions\\uqbar.wollok-lsp-ide-0.5.3\\out\\server\\src\\server.js:2384:1248)\n    at c:\\Users\\agust\\.vscode\\extensions\\uqbar.wollok-lsp-ide-0.5.3\\out\\server\\src\\server.js:38:6131\n    at D2 (c:\\Users\\agust\\.vscode\\extensions\\uqbar.wollok-lsp-ide-0.5.3\\out\\server\\src\\server.js:2384:42)\n    at c:\\Users\\agust\\.vscode\\extensions\\uqbar.wollok-lsp-ide-0.5.3\\out\\server\\src\\server.js:2384:2988\n    at c:\\Users\\agust\\.vscode\\extensions\\uqbar.wollok-lsp-ide-0.5.3\\out\\server\\src\\server.js:2393:8440\n    at c:\\Users\\agust\\.vscode\\extensions\\uqbar.wollok-lsp-ide-0.5.3\\out\\server\\src\\server.js:37:74872\n    at Ye (c:\\Users\\agust\\.vscode\\extensions\\uqbar.wollok-lsp-ide-0.5.3\\out\\server\\src\\server.js:7:8527)","timestamp":"2025-09-13T13:58:47.556Z"}
{"level":"error","message":"✘ Completions for node If ([16:5, 21:6] - example.wlk) failed: Error: [If]{28a1fe} at example.wlk:16 exhausted all cases without a match [If]{28a1fe} at example.wlk:16 exhausted all cases without a match","stack":"Error: [If]{28a1fe} at example.wlk:16 exhausted all cases without a match\n    at c:\\Users\\agust\\.vscode\\extensions\\uqbar.wollok-lsp-ide-0.5.3\\out\\server\\src\\server.js:38:6142\n    at D2 (c:\\Users\\agust\\.vscode\\extensions\\uqbar.wollok-lsp-ide-0.5.3\\out\\server\\src\\server.js:2384:42)\n    at Qh (c:\\Users\\agust\\.vscode\\extensions\\uqbar.wollok-lsp-ide-0.5.3\\out\\server\\src\\server.js:2384:1092)\n    at v6n (c:\\Users\\agust\\.vscode\\extensions\\uqbar.wollok-lsp-ide-0.5.3\\out\\server\\src\\server.js:2384:818)\n    at c:\\Users\\agust\\.vscode\\extensions\\uqbar.wollok-lsp-ide-0.5.3\\out\\server\\src\\server.js:38:6131\n    at D2 (c:\\Users\\agust\\.vscode\\extensions\\uqbar.wollok-lsp-ide-0.5.3\\out\\server\\src\\server.js:2384:42)\n    at Qh (c:\\Users\\agust\\.vscode\\extensions\\uqbar.wollok-lsp-ide-0.5.3\\out\\server\\src\\server.js:2384:1092)\n    at D2 (c:\\Users\\agust\\.vscode\\extensions\\uqbar.wollok-lsp-ide-0.5.3\\out\\server\\src\\server.js:2384:544)\n    at Qh (c:\\Users\\agust\\.vscode\\extensions\\uqbar.wollok-lsp-ide-0.5.3\\out\\server\\src\\server.js:2384:1092)\n    at k6n (c:\\Users\\agust\\.vscode\\extensions\\uqbar.wollok-lsp-ide-0.5.3\\out\\server\\src\\server.js:2384:1248)","timestamp":"2025-09-13T13:58:47.556Z"}
{"level":"error","message":"✘ Completions for node Send ([17:7, 17:25] - example.wlk) failed: Error: [Send]{0c1990} at example.wlk:17 exhausted all cases without a match [Send]{0c1990} at example.wlk:17 exhausted all cases without a match","stack":"Error: [Send]{0c1990} at example.wlk:17 exhausted all cases without a match\n    at c:\\Users\\agust\\.vscode\\extensions\\uqbar.wollok-lsp-ide-0.5.3\\out\\server\\src\\server.js:38:6142\n    at D2 (c:\\Users\\agust\\.vscode\\extensions\\uqbar.wollok-lsp-ide-0.5.3\\out\\server\\src\\server.js:2384:42)\n    at Qh (c:\\Users\\agust\\.vscode\\extensions\\uqbar.wollok-lsp-ide-0.5.3\\out\\server\\src\\server.js:2384:1092)\n    at k6n (c:\\Users\\agust\\.vscode\\extensions\\uqbar.wollok-lsp-ide-0.5.3\\out\\server\\src\\server.js:2384:1248)\n    at c:\\Users\\agust\\.vscode\\extensions\\uqbar.wollok-lsp-ide-0.5.3\\out\\server\\src\\server.js:38:6131\n    at D2 (c:\\Users\\agust\\.vscode\\extensions\\uqbar.wollok-lsp-ide-0.5.3\\out\\server\\src\\server.js:2384:42)\n    at c:\\Users\\agust\\.vscode\\extensions\\uqbar.wollok-lsp-ide-0.5.3\\out\\server\\src\\server.js:2384:2988\n    at c:\\Users\\agust\\.vscode\\extensions\\uqbar.wollok-lsp-ide-0.5.3\\out\\server\\src\\server.js:2393:8440\n    at c:\\Users\\agust\\.vscode\\extensions\\uqbar.wollok-lsp-ide-0.5.3\\out\\server\\src\\server.js:37:74872\n    at Ye (c:\\Users\\agust\\.vscode\\extensions\\uqbar.wollok-lsp-ide-0.5.3\\out\\server\\src\\server.js:7:8527)","timestamp":"2025-09-13T13:58:47.989Z"}
{"level":"error","message":"✘ Completions for node If ([16:5, 21:6] - example.wlk) failed: Error: [If]{04c513} at example.wlk:16 exhausted all cases without a match [If]{04c513} at example.wlk:16 exhausted all cases without a match","stack":"Error: [If]{04c513} at example.wlk:16 exhausted all cases without a match\n    at c:\\Users\\agust\\.vscode\\extensions\\uqbar.wollok-lsp-ide-0.5.3\\out\\server\\src\\server.js:38:6142\n    at D2 (c:\\Users\\agust\\.vscode\\extensions\\uqbar.wollok-lsp-ide-0.5.3\\out\\server\\src\\server.js:2384:42)\n    at Qh (c:\\Users\\agust\\.vscode\\extensions\\uqbar.wollok-lsp-ide-0.5.3\\out\\server\\src\\server.js:2384:1092)\n    at v6n (c:\\Users\\agust\\.vscode\\extensions\\uqbar.wollok-lsp-ide-0.5.3\\out\\server\\src\\server.js:2384:818)\n    at c:\\Users\\agust\\.vscode\\extensions\\uqbar.wollok-lsp-ide-0.5.3\\out\\server\\src\\server.js:38:6131\n    at D2 (c:\\Users\\agust\\.vscode\\extensions\\uqbar.wollok-lsp-ide-0.5.3\\out\\server\\src\\server.js:2384:42)\n    at Qh (c:\\Users\\agust\\.vscode\\extensions\\uqbar.wollok-lsp-ide-0.5.3\\out\\server\\src\\server.js:2384:1092)\n    at D2 (c:\\Users\\agust\\.vscode\\extensions\\uqbar.wollok-lsp-ide-0.5.3\\out\\server\\src\\server.js:2384:544)\n    at Qh (c:\\Users\\agust\\.vscode\\extensions\\uqbar.wollok-lsp-ide-0.5.3\\out\\server\\src\\server.js:2384:1092)\n    at k6n (c:\\Users\\agust\\.vscode\\extensions\\uqbar.wollok-lsp-ide-0.5.3\\out\\server\\src\\server.js:2384:1248)","timestamp":"2025-09-13T13:58:47.989Z"}
{"level":"error","message":"✘ Completions for node Send ([17:7, 17:25] - example.wlk) failed: Error: [Send]{3319b2} at example.wlk:17 exhausted all cases without a match [Send]{3319b2} at example.wlk:17 exhausted all cases without a match","stack":"Error: [Send]{3319b2} at example.wlk:17 exhausted all cases without a match\n    at c:\\Users\\agust\\.vscode\\extensions\\uqbar.wollok-lsp-ide-0.5.3\\out\\server\\src\\server.js:38:6142\n    at D2 (c:\\Users\\agust\\.vscode\\extensions\\uqbar.wollok-lsp-ide-0.5.3\\out\\server\\src\\server.js:2384:42)\n    at Qh (c:\\Users\\agust\\.vscode\\extensions\\uqbar.wollok-lsp-ide-0.5.3\\out\\server\\src\\server.js:2384:1092)\n    at k6n (c:\\Users\\agust\\.vscode\\extensions\\uqbar.wollok-lsp-ide-0.5.3\\out\\server\\src\\server.js:2384:1248)\n    at c:\\Users\\agust\\.vscode\\extensions\\uqbar.wollok-lsp-ide-0.5.3\\out\\server\\src\\server.js:38:6131\n    at D2 (c:\\Users\\agust\\.vscode\\extensions\\uqbar.wollok-lsp-ide-0.5.3\\out\\server\\src\\server.js:2384:42)\n    at c:\\Users\\agust\\.vscode\\extensions\\uqbar.wollok-lsp-ide-0.5.3\\out\\server\\src\\server.js:2384:2988\n    at c:\\Users\\agust\\.vscode\\extensions\\uqbar.wollok-lsp-ide-0.5.3\\out\\server\\src\\server.js:2393:8440\n    at c:\\Users\\agust\\.vscode\\extensions\\uqbar.wollok-lsp-ide-0.5.3\\out\\server\\src\\server.js:37:74872\n    at Ye (c:\\Users\\agust\\.vscode\\extensions\\uqbar.wollok-lsp-ide-0.5.3\\out\\server\\src\\server.js:7:8527)","timestamp":"2025-09-13T13:58:48.526Z"}
{"level":"error","message":"✘ Completions for node If ([16:5, 21:6] - example.wlk) failed: Error: [If]{db784e} at example.wlk:16 exhausted all cases without a match [If]{db784e} at example.wlk:16 exhausted all cases without a match","stack":"Error: [If]{db784e} at example.wlk:16 exhausted all cases without a match\n    at c:\\Users\\agust\\.vscode\\extensions\\uqbar.wollok-lsp-ide-0.5.3\\out\\server\\src\\server.js:38:6142\n    at D2 (c:\\Users\\agust\\.vscode\\extensions\\uqbar.wollok-lsp-ide-0.5.3\\out\\server\\src\\server.js:2384:42)\n    at Qh (c:\\Users\\agust\\.vscode\\extensions\\uqbar.wollok-lsp-ide-0.5.3\\out\\server\\src\\server.js:2384:1092)\n    at v6n (c:\\Users\\agust\\.vscode\\extensions\\uqbar.wollok-lsp-ide-0.5.3\\out\\server\\src\\server.js:2384:818)\n    at c:\\Users\\agust\\.vscode\\extensions\\uqbar.wollok-lsp-ide-0.5.3\\out\\server\\src\\server.js:38:6131\n    at D2 (c:\\Users\\agust\\.vscode\\extensions\\uqbar.wollok-lsp-ide-0.5.3\\out\\server\\src\\server.js:2384:42)\n    at Qh (c:\\Users\\agust\\.vscode\\extensions\\uqbar.wollok-lsp-ide-0.5.3\\out\\server\\src\\server.js:2384:1092)\n    at D2 (c:\\Users\\agust\\.vscode\\extensions\\uqbar.wollok-lsp-ide-0.5.3\\out\\server\\src\\server.js:2384:544)\n    at Qh (c:\\Users\\agust\\.vscode\\extensions\\uqbar.wollok-lsp-ide-0.5.3\\out\\server\\src\\server.js:2384:1092)\n    at k6n (c:\\Users\\agust\\.vscode\\extensions\\uqbar.wollok-lsp-ide-0.5.3\\out\\server\\src\\server.js:2384:1248)","timestamp":"2025-09-13T13:58:48.526Z"}
{"level":"error","message":"✘ Completions for node Send ([17:21, 17:34] - example.wlk) failed: Error: [Send]{b67df9} at example.wlk:17 exhausted all cases without a match [Send]{b67df9} at example.wlk:17 exhausted all cases without a match","stack":"Error: [Send]{b67df9} at example.wlk:17 exhausted all cases without a match\n    at c:\\Users\\agust\\.vscode\\extensions\\uqbar.wollok-lsp-ide-0.5.3\\out\\server\\src\\server.js:38:6142\n    at D2 (c:\\Users\\agust\\.vscode\\extensions\\uqbar.wollok-lsp-ide-0.5.3\\out\\server\\src\\server.js:2384:42)\n    at Qh (c:\\Users\\agust\\.vscode\\extensions\\uqbar.wollok-lsp-ide-0.5.3\\out\\server\\src\\server.js:2384:1092)\n    at k6n (c:\\Users\\agust\\.vscode\\extensions\\uqbar.wollok-lsp-ide-0.5.3\\out\\server\\src\\server.js:2384:1248)\n    at c:\\Users\\agust\\.vscode\\extensions\\uqbar.wollok-lsp-ide-0.5.3\\out\\server\\src\\server.js:38:6131\n    at D2 (c:\\Users\\agust\\.vscode\\extensions\\uqbar.wollok-lsp-ide-0.5.3\\out\\server\\src\\server.js:2384:42)\n    at c:\\Users\\agust\\.vscode\\extensions\\uqbar.wollok-lsp-ide-0.5.3\\out\\server\\src\\server.js:2384:2988\n    at c:\\Users\\agust\\.vscode\\extensions\\uqbar.wollok-lsp-ide-0.5.3\\out\\server\\src\\server.js:2393:8440\n    at c:\\Users\\agust\\.vscode\\extensions\\uqbar.wollok-lsp-ide-0.5.3\\out\\server\\src\\server.js:37:74872\n    at Ye (c:\\Users\\agust\\.vscode\\extensions\\uqbar.wollok-lsp-ide-0.5.3\\out\\server\\src\\server.js:7:8527)","timestamp":"2025-09-13T13:58:53.461Z"}
{"level":"error","message":"✘ Completions for node Send ([17:7, 17:35] - example.wlk) failed: Error: [Send]{56feda} at example.wlk:17 exhausted all cases without a match [Send]{56feda} at example.wlk:17 exhausted all cases without a match","stack":"Error: [Send]{56feda} at example.wlk:17 exhausted all cases without a match\n    at c:\\Users\\agust\\.vscode\\extensions\\uqbar.wollok-lsp-ide-0.5.3\\out\\server\\src\\server.js:38:6142\n    at D2 (c:\\Users\\agust\\.vscode\\extensions\\uqbar.wollok-lsp-ide-0.5.3\\out\\server\\src\\server.js:2384:42)\n    at Qh (c:\\Users\\agust\\.vscode\\extensions\\uqbar.wollok-lsp-ide-0.5.3\\out\\server\\src\\server.js:2384:1092)\n    at D2 (c:\\Users\\agust\\.vscode\\extensions\\uqbar.wollok-lsp-ide-0.5.3\\out\\server\\src\\server.js:2384:544)\n    at Qh (c:\\Users\\agust\\.vscode\\extensions\\uqbar.wollok-lsp-ide-0.5.3\\out\\server\\src\\server.js:2384:1092)\n    at k6n (c:\\Users\\agust\\.vscode\\extensions\\uqbar.wollok-lsp-ide-0.5.3\\out\\server\\src\\server.js:2384:1248)\n    at c:\\Users\\agust\\.vscode\\extensions\\uqbar.wollok-lsp-ide-0.5.3\\out\\server\\src\\server.js:38:6131\n    at D2 (c:\\Users\\agust\\.vscode\\extensions\\uqbar.wollok-lsp-ide-0.5.3\\out\\server\\src\\server.js:2384:42)\n    at c:\\Users\\agust\\.vscode\\extensions\\uqbar.wollok-lsp-ide-0.5.3\\out\\server\\src\\server.js:2384:2988\n    at c:\\Users\\agust\\.vscode\\extensions\\uqbar.wollok-lsp-ide-0.5.3\\out\\server\\src\\server.js:2393:8440","timestamp":"2025-09-13T13:58:53.461Z"}
{"level":"error","message":"✘ Completions for node If ([16:5, 21:6] - example.wlk) failed: Error: [If]{80bcc7} at example.wlk:16 exhausted all cases without a match [If]{80bcc7} at example.wlk:16 exhausted all cases without a match","stack":"Error: [If]{80bcc7} at example.wlk:16 exhausted all cases without a match\n    at c:\\Users\\agust\\.vscode\\extensions\\uqbar.wollok-lsp-ide-0.5.3\\out\\server\\src\\server.js:38:6142\n    at D2 (c:\\Users\\agust\\.vscode\\extensions\\uqbar.wollok-lsp-ide-0.5.3\\out\\server\\src\\server.js:2384:42)\n    at Qh (c:\\Users\\agust\\.vscode\\extensions\\uqbar.wollok-lsp-ide-0.5.3\\out\\server\\src\\server.js:2384:1092)\n    at v6n (c:\\Users\\agust\\.vscode\\extensions\\uqbar.wollok-lsp-ide-0.5.3\\out\\server\\src\\server.js:2384:818)\n    at c:\\Users\\agust\\.vscode\\extensions\\uqbar.wollok-lsp-ide-0.5.3\\out\\server\\src\\server.js:38:6131\n    at D2 (c:\\Users\\agust\\.vscode\\extensions\\uqbar.wollok-lsp-ide-0.5.3\\out\\server\\src\\server.js:2384:42)\n    at Qh (c:\\Users\\agust\\.vscode\\extensions\\uqbar.wollok-lsp-ide-0.5.3\\out\\server\\src\\server.js:2384:1092)\n    at D2 (c:\\Users\\agust\\.vscode\\extensions\\uqbar.wollok-lsp-ide-0.5.3\\out\\server\\src\\server.js:2384:544)\n    at Qh (c:\\Users\\agust\\.vscode\\extensions\\uqbar.wollok-lsp-ide-0.5.3\\out\\server\\src\\server.js:2384:1092)\n    at D2 (c:\\Users\\agust\\.vscode\\extensions\\uqbar.wollok-lsp-ide-0.5.3\\out\\server\\src\\server.js:2384:544)","timestamp":"2025-09-13T13:58:53.461Z"}
{"level":"info","message":"🚀 Program executed \u001b[3m\u001b[34mpgmProgram.pacmanGame\u001b[39m\u001b[23m on \u001b[3m\u001b[34mc:\\Users\\agust\\Desktop\\Desarrollo\\Universidad\\Programacion con Objetos 1\\pacmanbasicgame-agusalfonsoun\\pacman-13-09-25\u001b[39m\u001b[23m","ok":true,"timeElapsed":240,"timestamp":"2025-09-13T13:59:05.369Z"}
{"level":"error","message":"✘ Completions for node Send ([25:9, 25:29] - example.wlk) failed: Error: [Send]{64af98} at example.wlk:25 exhausted all cases without a match [Send]{64af98} at example.wlk:25 exhausted all cases without a match","stack":"Error: [Send]{64af98} at example.wlk:25 exhausted all cases without a match\n    at c:\\Users\\agust\\.vscode\\extensions\\uqbar.wollok-lsp-ide-0.5.3\\out\\server\\src\\server.js:38:6142\n    at D2 (c:\\Users\\agust\\.vscode\\extensions\\uqbar.wollok-lsp-ide-0.5.3\\out\\server\\src\\server.js:2384:42)\n    at c:\\Users\\agust\\.vscode\\extensions\\uqbar.wollok-lsp-ide-0.5.3\\out\\server\\src\\server.js:2384:2988\n    at c:\\Users\\agust\\.vscode\\extensions\\uqbar.wollok-lsp-ide-0.5.3\\out\\server\\src\\server.js:2393:8440\n    at c:\\Users\\agust\\.vscode\\extensions\\uqbar.wollok-lsp-ide-0.5.3\\out\\server\\src\\server.js:37:74872\n    at Ye (c:\\Users\\agust\\.vscode\\extensions\\uqbar.wollok-lsp-ide-0.5.3\\out\\server\\src\\server.js:7:8527)\n    at qt (c:\\Users\\agust\\.vscode\\extensions\\uqbar.wollok-lsp-ide-0.5.3\\out\\server\\src\\server.js:7:6189)\n    at ot (c:\\Users\\agust\\.vscode\\extensions\\uqbar.wollok-lsp-ide-0.5.3\\out\\server\\src\\server.js:7:6378)\n    at Immediate._onImmediate (c:\\Users\\agust\\.vscode\\extensions\\uqbar.wollok-lsp-ide-0.5.3\\out\\server\\src\\server.js:7:6142)\n    at process.processImmediate (node:internal/timers:485:21)","timestamp":"2025-09-13T13:59:51.677Z"}
{"level":"error","message":"✘ Completions for node Send ([25:9, 25:48] - example.wlk) failed: Error: [Send]{c98a0e} at example.wlk:25 exhausted all cases without a match [Send]{c98a0e} at example.wlk:25 exhausted all cases without a match","stack":"Error: [Send]{c98a0e} at example.wlk:25 exhausted all cases without a match\n    at c:\\Users\\agust\\.vscode\\extensions\\uqbar.wollok-lsp-ide-0.5.3\\out\\server\\src\\server.js:38:6142\n    at D2 (c:\\Users\\agust\\.vscode\\extensions\\uqbar.wollok-lsp-ide-0.5.3\\out\\server\\src\\server.js:2384:42)\n    at Qh (c:\\Users\\agust\\.vscode\\extensions\\uqbar.wollok-lsp-ide-0.5.3\\out\\server\\src\\server.js:2384:1092)\n    at D2 (c:\\Users\\agust\\.vscode\\extensions\\uqbar.wollok-lsp-ide-0.5.3\\out\\server\\src\\server.js:2384:544)\n    at c:\\Users\\agust\\.vscode\\extensions\\uqbar.wollok-lsp-ide-0.5.3\\out\\server\\src\\server.js:2384:2988\n    at c:\\Users\\agust\\.vscode\\extensions\\uqbar.wollok-lsp-ide-0.5.3\\out\\server\\src\\server.js:2393:8440\n    at c:\\Users\\agust\\.vscode\\extensions\\uqbar.wollok-lsp-ide-0.5.3\\out\\server\\src\\server.js:37:74872\n    at Ye (c:\\Users\\agust\\.vscode\\extensions\\uqbar.wollok-lsp-ide-0.5.3\\out\\server\\src\\server.js:7:8527)\n    at qt (c:\\Users\\agust\\.vscode\\extensions\\uqbar.wollok-lsp-ide-0.5.3\\out\\server\\src\\server.js:7:6189)\n    at ot (c:\\Users\\agust\\.vscode\\extensions\\uqbar.wollok-lsp-ide-0.5.3\\out\\server\\src\\server.js:7:6378)","timestamp":"2025-09-13T13:59:51.677Z"}
{"level":"error","message":"✘ Completions for node If ([25:5, 30:6] - example.wlk) failed: Error: [If]{218c72} at example.wlk:25 exhausted all cases without a match [If]{218c72} at example.wlk:25 exhausted all cases without a match","stack":"Error: [If]{218c72} at example.wlk:25 exhausted all cases without a match\n    at c:\\Users\\agust\\.vscode\\extensions\\uqbar.wollok-lsp-ide-0.5.3\\out\\server\\src\\server.js:38:6142\n    at D2 (c:\\Users\\agust\\.vscode\\extensions\\uqbar.wollok-lsp-ide-0.5.3\\out\\server\\src\\server.js:2384:42)\n    at Qh (c:\\Users\\agust\\.vscode\\extensions\\uqbar.wollok-lsp-ide-0.5.3\\out\\server\\src\\server.js:2384:1092)\n    at D2 (c:\\Users\\agust\\.vscode\\extensions\\uqbar.wollok-lsp-ide-0.5.3\\out\\server\\src\\server.js:2384:544)\n    at Qh (c:\\Users\\agust\\.vscode\\extensions\\uqbar.wollok-lsp-ide-0.5.3\\out\\server\\src\\server.js:2384:1092)\n    at D2 (c:\\Users\\agust\\.vscode\\extensions\\uqbar.wollok-lsp-ide-0.5.3\\out\\server\\src\\server.js:2384:544)\n    at c:\\Users\\agust\\.vscode\\extensions\\uqbar.wollok-lsp-ide-0.5.3\\out\\server\\src\\server.js:2384:2988\n    at c:\\Users\\agust\\.vscode\\extensions\\uqbar.wollok-lsp-ide-0.5.3\\out\\server\\src\\server.js:2393:8440\n    at c:\\Users\\agust\\.vscode\\extensions\\uqbar.wollok-lsp-ide-0.5.3\\out\\server\\src\\server.js:37:74872\n    at Ye (c:\\Users\\agust\\.vscode\\extensions\\uqbar.wollok-lsp-ide-0.5.3\\out\\server\\src\\server.js:7:8527)","timestamp":"2025-09-13T13:59:51.677Z"}
{"level":"error","message":"✘ Completions for node Send ([25:9, 25:29] - example.wlk) failed: Error: [Send]{59ea27} at example.wlk:25 exhausted all cases without a match [Send]{59ea27} at example.wlk:25 exhausted all cases without a match","stack":"Error: [Send]{59ea27} at example.wlk:25 exhausted all cases without a match\n    at c:\\Users\\agust\\.vscode\\extensions\\uqbar.wollok-lsp-ide-0.5.3\\out\\server\\src\\server.js:38:6142\n    at D2 (c:\\Users\\agust\\.vscode\\extensions\\uqbar.wollok-lsp-ide-0.5.3\\out\\server\\src\\server.js:2384:42)\n    at c:\\Users\\agust\\.vscode\\extensions\\uqbar.wollok-lsp-ide-0.5.3\\out\\server\\src\\server.js:2384:2988\n    at c:\\Users\\agust\\.vscode\\extensions\\uqbar.wollok-lsp-ide-0.5.3\\out\\server\\src\\server.js:2393:8440\n    at c:\\Users\\agust\\.vscode\\extensions\\uqbar.wollok-lsp-ide-0.5.3\\out\\server\\src\\server.js:37:74872\n    at Ye (c:\\Users\\agust\\.vscode\\extensions\\uqbar.wollok-lsp-ide-0.5.3\\out\\server\\src\\server.js:7:8527)\n    at qt (c:\\Users\\agust\\.vscode\\extensions\\uqbar.wollok-lsp-ide-0.5.3\\out\\server\\src\\server.js:7:6189)\n    at ot (c:\\Users\\agust\\.vscode\\extensions\\uqbar.wollok-lsp-ide-0.5.3\\out\\server\\src\\server.js:7:6378)\n    at Immediate._onImmediate (c:\\Users\\agust\\.vscode\\extensions\\uqbar.wollok-lsp-ide-0.5.3\\out\\server\\src\\server.js:7:6142)\n    at process.processImmediate (node:internal/timers:485:21)","timestamp":"2025-09-13T13:59:52.417Z"}
{"level":"error","message":"✘ Completions for node Send ([25:9, 25:48] - example.wlk) failed: Error: [Send]{88b3d1} at example.wlk:25 exhausted all cases without a match [Send]{88b3d1} at example.wlk:25 exhausted all cases without a match","stack":"Error: [Send]{88b3d1} at example.wlk:25 exhausted all cases without a match\n    at c:\\Users\\agust\\.vscode\\extensions\\uqbar.wollok-lsp-ide-0.5.3\\out\\server\\src\\server.js:38:6142\n    at D2 (c:\\Users\\agust\\.vscode\\extensions\\uqbar.wollok-lsp-ide-0.5.3\\out\\server\\src\\server.js:2384:42)\n    at Qh (c:\\Users\\agust\\.vscode\\extensions\\uqbar.wollok-lsp-ide-0.5.3\\out\\server\\src\\server.js:2384:1092)\n    at D2 (c:\\Users\\agust\\.vscode\\extensions\\uqbar.wollok-lsp-ide-0.5.3\\out\\server\\src\\server.js:2384:544)\n    at c:\\Users\\agust\\.vscode\\extensions\\uqbar.wollok-lsp-ide-0.5.3\\out\\server\\src\\server.js:2384:2988\n    at c:\\Users\\agust\\.vscode\\extensions\\uqbar.wollok-lsp-ide-0.5.3\\out\\server\\src\\server.js:2393:8440\n    at c:\\Users\\agust\\.vscode\\extensions\\uqbar.wollok-lsp-ide-0.5.3\\out\\server\\src\\server.js:37:74872\n    at Ye (c:\\Users\\agust\\.vscode\\extensions\\uqbar.wollok-lsp-ide-0.5.3\\out\\server\\src\\server.js:7:8527)\n    at qt (c:\\Users\\agust\\.vscode\\extensions\\uqbar.wollok-lsp-ide-0.5.3\\out\\server\\src\\server.js:7:6189)\n    at ot (c:\\Users\\agust\\.vscode\\extensions\\uqbar.wollok-lsp-ide-0.5.3\\out\\server\\src\\server.js:7:6378)","timestamp":"2025-09-13T13:59:52.417Z"}
{"level":"error","message":"✘ Completions for node If ([25:5, 30:6] - example.wlk) failed: Error: [If]{387674} at example.wlk:25 exhausted all cases without a match [If]{387674} at example.wlk:25 exhausted all cases without a match","stack":"Error: [If]{387674} at example.wlk:25 exhausted all cases without a match\n    at c:\\Users\\agust\\.vscode\\extensions\\uqbar.wollok-lsp-ide-0.5.3\\out\\server\\src\\server.js:38:6142\n    at D2 (c:\\Users\\agust\\.vscode\\extensions\\uqbar.wollok-lsp-ide-0.5.3\\out\\server\\src\\server.js:2384:42)\n    at Qh (c:\\Users\\agust\\.vscode\\extensions\\uqbar.wollok-lsp-ide-0.5.3\\out\\server\\src\\server.js:2384:1092)\n    at D2 (c:\\Users\\agust\\.vscode\\extensions\\uqbar.wollok-lsp-ide-0.5.3\\out\\server\\src\\server.js:2384:544)\n    at Qh (c:\\Users\\agust\\.vscode\\extensions\\uqbar.wollok-lsp-ide-0.5.3\\out\\server\\src\\server.js:2384:1092)\n    at D2 (c:\\Users\\agust\\.vscode\\extensions\\uqbar.wollok-lsp-ide-0.5.3\\out\\server\\src\\server.js:2384:544)\n    at c:\\Users\\agust\\.vscode\\extensions\\uqbar.wollok-lsp-ide-0.5.3\\out\\server\\src\\server.js:2384:2988\n    at c:\\Users\\agust\\.vscode\\extensions\\uqbar.wollok-lsp-ide-0.5.3\\out\\server\\src\\server.js:2393:8440\n    at c:\\Users\\agust\\.vscode\\extensions\\uqbar.wollok-lsp-ide-0.5.3\\out\\server\\src\\server.js:37:74872\n    at Ye (c:\\Users\\agust\\.vscode\\extensions\\uqbar.wollok-lsp-ide-0.5.3\\out\\server\\src\\server.js:7:8527)","timestamp":"2025-09-13T13:59:52.417Z"}
{"level":"error","message":"✘ Completions for node Send ([25:9, 25:28] - example.wlk) failed: Error: [Send]{52eaad} at example.wlk:25 exhausted all cases without a match [Send]{52eaad} at example.wlk:25 exhausted all cases without a match","stack":"Error: [Send]{52eaad} at example.wlk:25 exhausted all cases without a match\n    at c:\\Users\\agust\\.vscode\\extensions\\uqbar.wollok-lsp-ide-0.5.3\\out\\server\\src\\server.js:38:6142\n    at D2 (c:\\Users\\agust\\.vscode\\extensions\\uqbar.wollok-lsp-ide-0.5.3\\out\\server\\src\\server.js:2384:42)\n    at c:\\Users\\agust\\.vscode\\extensions\\uqbar.wollok-lsp-ide-0.5.3\\out\\server\\src\\server.js:2384:2988\n    at c:\\Users\\agust\\.vscode\\extensions\\uqbar.wollok-lsp-ide-0.5.3\\out\\server\\src\\server.js:2393:8440\n    at c:\\Users\\agust\\.vscode\\extensions\\uqbar.wollok-lsp-ide-0.5.3\\out\\server\\src\\server.js:37:74872\n    at Ye (c:\\Users\\agust\\.vscode\\extensions\\uqbar.wollok-lsp-ide-0.5.3\\out\\server\\src\\server.js:7:8527)\n    at qt (c:\\Users\\agust\\.vscode\\extensions\\uqbar.wollok-lsp-ide-0.5.3\\out\\server\\src\\server.js:7:6189)\n    at ot (c:\\Users\\agust\\.vscode\\extensions\\uqbar.wollok-lsp-ide-0.5.3\\out\\server\\src\\server.js:7:6378)\n    at Immediate._onImmediate (c:\\Users\\agust\\.vscode\\extensions\\uqbar.wollok-lsp-ide-0.5.3\\out\\server\\src\\server.js:7:6142)\n    at process.processImmediate (node:internal/timers:485:21)","timestamp":"2025-09-13T13:59:53.559Z"}
{"level":"error","message":"✘ Completions for node Send ([25:9, 25:47] - example.wlk) failed: Error: [Send]{ad3077} at example.wlk:25 exhausted all cases without a match [Send]{ad3077} at example.wlk:25 exhausted all cases without a match","stack":"Error: [Send]{ad3077} at example.wlk:25 exhausted all cases without a match\n    at c:\\Users\\agust\\.vscode\\extensions\\uqbar.wollok-lsp-ide-0.5.3\\out\\server\\src\\server.js:38:6142\n    at D2 (c:\\Users\\agust\\.vscode\\extensions\\uqbar.wollok-lsp-ide-0.5.3\\out\\server\\src\\server.js:2384:42)\n    at Qh (c:\\Users\\agust\\.vscode\\extensions\\uqbar.wollok-lsp-ide-0.5.3\\out\\server\\src\\server.js:2384:1092)\n    at D2 (c:\\Users\\agust\\.vscode\\extensions\\uqbar.wollok-lsp-ide-0.5.3\\out\\server\\src\\server.js:2384:544)\n    at c:\\Users\\agust\\.vscode\\extensions\\uqbar.wollok-lsp-ide-0.5.3\\out\\server\\src\\server.js:2384:2988\n    at c:\\Users\\agust\\.vscode\\extensions\\uqbar.wollok-lsp-ide-0.5.3\\out\\server\\src\\server.js:2393:8440\n    at c:\\Users\\agust\\.vscode\\extensions\\uqbar.wollok-lsp-ide-0.5.3\\out\\server\\src\\server.js:37:74872\n    at Ye (c:\\Users\\agust\\.vscode\\extensions\\uqbar.wollok-lsp-ide-0.5.3\\out\\server\\src\\server.js:7:8527)\n    at qt (c:\\Users\\agust\\.vscode\\extensions\\uqbar.wollok-lsp-ide-0.5.3\\out\\server\\src\\server.js:7:6189)\n    at ot (c:\\Users\\agust\\.vscode\\extensions\\uqbar.wollok-lsp-ide-0.5.3\\out\\server\\src\\server.js:7:6378)","timestamp":"2025-09-13T13:59:53.560Z"}
{"level":"error","message":"✘ Completions for node If ([25:5, 30:6] - example.wlk) failed: Error: [If]{65b4eb} at example.wlk:25 exhausted all cases without a match [If]{65b4eb} at example.wlk:25 exhausted all cases without a match","stack":"Error: [If]{65b4eb} at example.wlk:25 exhausted all cases without a match\n    at c:\\Users\\agust\\.vscode\\extensions\\uqbar.wollok-lsp-ide-0.5.3\\out\\server\\src\\server.js:38:6142\n    at D2 (c:\\Users\\agust\\.vscode\\extensions\\uqbar.wollok-lsp-ide-0.5.3\\out\\server\\src\\server.js:2384:42)\n    at Qh (c:\\Users\\agust\\.vscode\\extensions\\uqbar.wollok-lsp-ide-0.5.3\\out\\server\\src\\server.js:2384:1092)\n    at D2 (c:\\Users\\agust\\.vscode\\extensions\\uqbar.wollok-lsp-ide-0.5.3\\out\\server\\src\\server.js:2384:544)\n    at Qh (c:\\Users\\agust\\.vscode\\extensions\\uqbar.wollok-lsp-ide-0.5.3\\out\\server\\src\\server.js:2384:1092)\n    at D2 (c:\\Users\\agust\\.vscode\\extensions\\uqbar.wollok-lsp-ide-0.5.3\\out\\server\\src\\server.js:2384:544)\n    at c:\\Users\\agust\\.vscode\\extensions\\uqbar.wollok-lsp-ide-0.5.3\\out\\server\\src\\server.js:2384:2988\n    at c:\\Users\\agust\\.vscode\\extensions\\uqbar.wollok-lsp-ide-0.5.3\\out\\server\\src\\server.js:2393:8440\n    at c:\\Users\\agust\\.vscode\\extensions\\uqbar.wollok-lsp-ide-0.5.3\\out\\server\\src\\server.js:37:74872\n    at Ye (c:\\Users\\agust\\.vscode\\extensions\\uqbar.wollok-lsp-ide-0.5.3\\out\\server\\src\\server.js:7:8527)","timestamp":"2025-09-13T13:59:53.560Z"}
{"level":"error","message":"✘ Completions for node Send ([29:21, 29:41] - example.wlk) failed: Error: [Send]{b12108} at example.wlk:29 exhausted all cases without a match [Send]{b12108} at example.wlk:29 exhausted all cases without a match","stack":"Error: [Send]{b12108} at example.wlk:29 exhausted all cases without a match\n    at c:\\Users\\agust\\.vscode\\extensions\\uqbar.wollok-lsp-ide-0.5.3\\out\\server\\src\\server.js:38:6142\n    at D2 (c:\\Users\\agust\\.vscode\\extensions\\uqbar.wollok-lsp-ide-0.5.3\\out\\server\\src\\server.js:2384:42)\n    at c:\\Users\\agust\\.vscode\\extensions\\uqbar.wollok-lsp-ide-0.5.3\\out\\server\\src\\server.js:2384:2988\n    at c:\\Users\\agust\\.vscode\\extensions\\uqbar.wollok-lsp-ide-0.5.3\\out\\server\\src\\server.js:2393:8440\n    at c:\\Users\\agust\\.vscode\\extensions\\uqbar.wollok-lsp-ide-0.5.3\\out\\server\\src\\server.js:37:74872\n    at Ye (c:\\Users\\agust\\.vscode\\extensions\\uqbar.wollok-lsp-ide-0.5.3\\out\\server\\src\\server.js:7:8527)\n    at qt (c:\\Users\\agust\\.vscode\\extensions\\uqbar.wollok-lsp-ide-0.5.3\\out\\server\\src\\server.js:7:6189)\n    at ot (c:\\Users\\agust\\.vscode\\extensions\\uqbar.wollok-lsp-ide-0.5.3\\out\\server\\src\\server.js:7:6378)\n    at Immediate._onImmediate (c:\\Users\\agust\\.vscode\\extensions\\uqbar.wollok-lsp-ide-0.5.3\\out\\server\\src\\server.js:7:6142)\n    at process.processImmediate (node:internal/timers:485:21)","timestamp":"2025-09-13T14:00:18.733Z"}
{"level":"error","message":"✘ Completions for node Send ([29:7, 29:42] - example.wlk) failed: Error: [Send]{24f67e} at example.wlk:29 exhausted all cases without a match [Send]{24f67e} at example.wlk:29 exhausted all cases without a match","stack":"Error: [Send]{24f67e} at example.wlk:29 exhausted all cases without a match\n    at c:\\Users\\agust\\.vscode\\extensions\\uqbar.wollok-lsp-ide-0.5.3\\out\\server\\src\\server.js:38:6142\n    at D2 (c:\\Users\\agust\\.vscode\\extensions\\uqbar.wollok-lsp-ide-0.5.3\\out\\server\\src\\server.js:2384:42)\n    at Qh (c:\\Users\\agust\\.vscode\\extensions\\uqbar.wollok-lsp-ide-0.5.3\\out\\server\\src\\server.js:2384:1092)\n    at D2 (c:\\Users\\agust\\.vscode\\extensions\\uqbar.wollok-lsp-ide-0.5.3\\out\\server\\src\\server.js:2384:544)\n    at c:\\Users\\agust\\.vscode\\extensions\\uqbar.wollok-lsp-ide-0.5.3\\out\\server\\src\\server.js:2384:2988\n    at c:\\Users\\agust\\.vscode\\extensions\\uqbar.wollok-lsp-ide-0.5.3\\out\\server\\src\\server.js:2393:8440\n    at c:\\Users\\agust\\.vscode\\extensions\\uqbar.wollok-lsp-ide-0.5.3\\out\\server\\src\\server.js:37:74872\n    at Ye (c:\\Users\\agust\\.vscode\\extensions\\uqbar.wollok-lsp-ide-0.5.3\\out\\server\\src\\server.js:7:8527)\n    at qt (c:\\Users\\agust\\.vscode\\extensions\\uqbar.wollok-lsp-ide-0.5.3\\out\\server\\src\\server.js:7:6189)\n    at ot (c:\\Users\\agust\\.vscode\\extensions\\uqbar.wollok-lsp-ide-0.5.3\\out\\server\\src\\server.js:7:6378)","timestamp":"2025-09-13T14:00:18.733Z"}
{"level":"error","message":"✘ Completions for node If ([25:5, 30:6] - example.wlk) failed: Error: [If]{b55ed9} at example.wlk:25 exhausted all cases without a match [If]{b55ed9} at example.wlk:25 exhausted all cases without a match","stack":"Error: [If]{b55ed9} at example.wlk:25 exhausted all cases without a match\n    at c:\\Users\\agust\\.vscode\\extensions\\uqbar.wollok-lsp-ide-0.5.3\\out\\server\\src\\server.js:38:6142\n    at D2 (c:\\Users\\agust\\.vscode\\extensions\\uqbar.wollok-lsp-ide-0.5.3\\out\\server\\src\\server.js:2384:42)\n    at Qh (c:\\Users\\agust\\.vscode\\extensions\\uqbar.wollok-lsp-ide-0.5.3\\out\\server\\src\\server.js:2384:1092)\n    at v6n (c:\\Users\\agust\\.vscode\\extensions\\uqbar.wollok-lsp-ide-0.5.3\\out\\server\\src\\server.js:2384:818)\n    at c:\\Users\\agust\\.vscode\\extensions\\uqbar.wollok-lsp-ide-0.5.3\\out\\server\\src\\server.js:38:6131\n    at D2 (c:\\Users\\agust\\.vscode\\extensions\\uqbar.wollok-lsp-ide-0.5.3\\out\\server\\src\\server.js:2384:42)\n    at Qh (c:\\Users\\agust\\.vscode\\extensions\\uqbar.wollok-lsp-ide-0.5.3\\out\\server\\src\\server.js:2384:1092)\n    at D2 (c:\\Users\\agust\\.vscode\\extensions\\uqbar.wollok-lsp-ide-0.5.3\\out\\server\\src\\server.js:2384:544)\n    at Qh (c:\\Users\\agust\\.vscode\\extensions\\uqbar.wollok-lsp-ide-0.5.3\\out\\server\\src\\server.js:2384:1092)\n    at D2 (c:\\Users\\agust\\.vscode\\extensions\\uqbar.wollok-lsp-ide-0.5.3\\out\\server\\src\\server.js:2384:544)","timestamp":"2025-09-13T14:00:18.734Z"}
{"level":"error","message":"✘ Completions for node Send ([29:21, 29:43] - example.wlk) failed: Error: [Send]{5d9455} at example.wlk:29 exhausted all cases without a match [Send]{5d9455} at example.wlk:29 exhausted all cases without a match","stack":"Error: [Send]{5d9455} at example.wlk:29 exhausted all cases without a match\n    at c:\\Users\\agust\\.vscode\\extensions\\uqbar.wollok-lsp-ide-0.5.3\\out\\server\\src\\server.js:38:6142\n    at D2 (c:\\Users\\agust\\.vscode\\extensions\\uqbar.wollok-lsp-ide-0.5.3\\out\\server\\src\\server.js:2384:42)\n    at c:\\Users\\agust\\.vscode\\extensions\\uqbar.wollok-lsp-ide-0.5.3\\out\\server\\src\\server.js:2384:2988\n    at c:\\Users\\agust\\.vscode\\extensions\\uqbar.wollok-lsp-ide-0.5.3\\out\\server\\src\\server.js:2393:8440\n    at c:\\Users\\agust\\.vscode\\extensions\\uqbar.wollok-lsp-ide-0.5.3\\out\\server\\src\\server.js:37:74872\n    at Ye (c:\\Users\\agust\\.vscode\\extensions\\uqbar.wollok-lsp-ide-0.5.3\\out\\server\\src\\server.js:7:8527)\n    at qt (c:\\Users\\agust\\.vscode\\extensions\\uqbar.wollok-lsp-ide-0.5.3\\out\\server\\src\\server.js:7:6189)\n    at ot (c:\\Users\\agust\\.vscode\\extensions\\uqbar.wollok-lsp-ide-0.5.3\\out\\server\\src\\server.js:7:6378)\n    at Immediate._onImmediate (c:\\Users\\agust\\.vscode\\extensions\\uqbar.wollok-lsp-ide-0.5.3\\out\\server\\src\\server.js:7:6142)\n    at process.processImmediate (node:internal/timers:485:21)","timestamp":"2025-09-13T14:00:18.991Z"}
{"level":"error","message":"✘ Completions for node Send ([29:7, 29:44] - example.wlk) failed: Error: [Send]{eded10} at example.wlk:29 exhausted all cases without a match [Send]{eded10} at example.wlk:29 exhausted all cases without a match","stack":"Error: [Send]{eded10} at example.wlk:29 exhausted all cases without a match\n    at c:\\Users\\agust\\.vscode\\extensions\\uqbar.wollok-lsp-ide-0.5.3\\out\\server\\src\\server.js:38:6142\n    at D2 (c:\\Users\\agust\\.vscode\\extensions\\uqbar.wollok-lsp-ide-0.5.3\\out\\server\\src\\server.js:2384:42)\n    at Qh (c:\\Users\\agust\\.vscode\\extensions\\uqbar.wollok-lsp-ide-0.5.3\\out\\server\\src\\server.js:2384:1092)\n    at D2 (c:\\Users\\agust\\.vscode\\extensions\\uqbar.wollok-lsp-ide-0.5.3\\out\\server\\src\\server.js:2384:544)\n    at c:\\Users\\agust\\.vscode\\extensions\\uqbar.wollok-lsp-ide-0.5.3\\out\\server\\src\\server.js:2384:2988\n    at c:\\Users\\agust\\.vscode\\extensions\\uqbar.wollok-lsp-ide-0.5.3\\out\\server\\src\\server.js:2393:8440\n    at c:\\Users\\agust\\.vscode\\extensions\\uqbar.wollok-lsp-ide-0.5.3\\out\\server\\src\\server.js:37:74872\n    at Ye (c:\\Users\\agust\\.vscode\\extensions\\uqbar.wollok-lsp-ide-0.5.3\\out\\server\\src\\server.js:7:8527)\n    at qt (c:\\Users\\agust\\.vscode\\extensions\\uqbar.wollok-lsp-ide-0.5.3\\out\\server\\src\\server.js:7:6189)\n    at ot (c:\\Users\\agust\\.vscode\\extensions\\uqbar.wollok-lsp-ide-0.5.3\\out\\server\\src\\server.js:7:6378)","timestamp":"2025-09-13T14:00:18.991Z"}
{"level":"error","message":"✘ Completions for node If ([25:5, 30:6] - example.wlk) failed: Error: [If]{0473c6} at example.wlk:25 exhausted all cases without a match [If]{0473c6} at example.wlk:25 exhausted all cases without a match","stack":"Error: [If]{0473c6} at example.wlk:25 exhausted all cases without a match\n    at c:\\Users\\agust\\.vscode\\extensions\\uqbar.wollok-lsp-ide-0.5.3\\out\\server\\src\\server.js:38:6142\n    at D2 (c:\\Users\\agust\\.vscode\\extensions\\uqbar.wollok-lsp-ide-0.5.3\\out\\server\\src\\server.js:2384:42)\n    at Qh (c:\\Users\\agust\\.vscode\\extensions\\uqbar.wollok-lsp-ide-0.5.3\\out\\server\\src\\server.js:2384:1092)\n    at v6n (c:\\Users\\agust\\.vscode\\extensions\\uqbar.wollok-lsp-ide-0.5.3\\out\\server\\src\\server.js:2384:818)\n    at c:\\Users\\agust\\.vscode\\extensions\\uqbar.wollok-lsp-ide-0.5.3\\out\\server\\src\\server.js:38:6131\n    at D2 (c:\\Users\\agust\\.vscode\\extensions\\uqbar.wollok-lsp-ide-0.5.3\\out\\server\\src\\server.js:2384:42)\n    at Qh (c:\\Users\\agust\\.vscode\\extensions\\uqbar.wollok-lsp-ide-0.5.3\\out\\server\\src\\server.js:2384:1092)\n    at D2 (c:\\Users\\agust\\.vscode\\extensions\\uqbar.wollok-lsp-ide-0.5.3\\out\\server\\src\\server.js:2384:544)\n    at Qh (c:\\Users\\agust\\.vscode\\extensions\\uqbar.wollok-lsp-ide-0.5.3\\out\\server\\src\\server.js:2384:1092)\n    at D2 (c:\\Users\\agust\\.vscode\\extensions\\uqbar.wollok-lsp-ide-0.5.3\\out\\server\\src\\server.js:2384:544)","timestamp":"2025-09-13T14:00:18.991Z"}
{"level":"error","message":"✘ Completions for node Send ([29:21, 29:44] - example.wlk) failed: Error: [Send]{084615} at example.wlk:29 exhausted all cases without a match [Send]{084615} at example.wlk:29 exhausted all cases without a match","stack":"Error: [Send]{084615} at example.wlk:29 exhausted all cases without a match\n    at c:\\Users\\agust\\.vscode\\extensions\\uqbar.wollok-lsp-ide-0.5.3\\out\\server\\src\\server.js:38:6142\n    at D2 (c:\\Users\\agust\\.vscode\\extensions\\uqbar.wollok-lsp-ide-0.5.3\\out\\server\\src\\server.js:2384:42)\n    at c:\\Users\\agust\\.vscode\\extensions\\uqbar.wollok-lsp-ide-0.5.3\\out\\server\\src\\server.js:2384:2988\n    at c:\\Users\\agust\\.vscode\\extensions\\uqbar.wollok-lsp-ide-0.5.3\\out\\server\\src\\server.js:2393:8440\n    at c:\\Users\\agust\\.vscode\\extensions\\uqbar.wollok-lsp-ide-0.5.3\\out\\server\\src\\server.js:37:74872\n    at Ye (c:\\Users\\agust\\.vscode\\extensions\\uqbar.wollok-lsp-ide-0.5.3\\out\\server\\src\\server.js:7:8527)\n    at qt (c:\\Users\\agust\\.vscode\\extensions\\uqbar.wollok-lsp-ide-0.5.3\\out\\server\\src\\server.js:7:6189)\n    at ot (c:\\Users\\agust\\.vscode\\extensions\\uqbar.wollok-lsp-ide-0.5.3\\out\\server\\src\\server.js:7:6378)\n    at Immediate._onImmediate (c:\\Users\\agust\\.vscode\\extensions\\uqbar.wollok-lsp-ide-0.5.3\\out\\server\\src\\server.js:7:6142)\n    at process.processImmediate (node:internal/timers:485:21)","timestamp":"2025-09-13T14:00:19.121Z"}
{"level":"error","message":"✘ Completions for node Send ([29:7, 29:45] - example.wlk) failed: Error: [Send]{cd0fc5} at example.wlk:29 exhausted all cases without a match [Send]{cd0fc5} at example.wlk:29 exhausted all cases without a match","stack":"Error: [Send]{cd0fc5} at example.wlk:29 exhausted all cases without a match\n    at c:\\Users\\agust\\.vscode\\extensions\\uqbar.wollok-lsp-ide-0.5.3\\out\\server\\src\\server.js:38:6142\n    at D2 (c:\\Users\\agust\\.vscode\\extensions\\uqbar.wollok-lsp-ide-0.5.3\\out\\server\\src\\server.js:2384:42)\n    at Qh (c:\\Users\\agust\\.vscode\\extensions\\uqbar.wollok-lsp-ide-0.5.3\\out\\server\\src\\server.js:2384:1092)\n    at D2 (c:\\Users\\agust\\.vscode\\extensions\\uqbar.wollok-lsp-ide-0.5.3\\out\\server\\src\\server.js:2384:544)\n    at c:\\Users\\agust\\.vscode\\extensions\\uqbar.wollok-lsp-ide-0.5.3\\out\\server\\src\\server.js:2384:2988\n    at c:\\Users\\agust\\.vscode\\extensions\\uqbar.wollok-lsp-ide-0.5.3\\out\\server\\src\\server.js:2393:8440\n    at c:\\Users\\agust\\.vscode\\extensions\\uqbar.wollok-lsp-ide-0.5.3\\out\\server\\src\\server.js:37:74872\n    at Ye (c:\\Users\\agust\\.vscode\\extensions\\uqbar.wollok-lsp-ide-0.5.3\\out\\server\\src\\server.js:7:8527)\n    at qt (c:\\Users\\agust\\.vscode\\extensions\\uqbar.wollok-lsp-ide-0.5.3\\out\\server\\src\\server.js:7:6189)\n    at ot (c:\\Users\\agust\\.vscode\\extensions\\uqbar.wollok-lsp-ide-0.5.3\\out\\server\\src\\server.js:7:6378)","timestamp":"2025-09-13T14:00:19.121Z"}
{"level":"error","message":"✘ Completions for node If ([25:5, 30:6] - example.wlk) failed: Error: [If]{8ce5a7} at example.wlk:25 exhausted all cases without a match [If]{8ce5a7} at example.wlk:25 exhausted all cases without a match","stack":"Error: [If]{8ce5a7} at example.wlk:25 exhausted all cases without a match\n    at c:\\Users\\agust\\.vscode\\extensions\\uqbar.wollok-lsp-ide-0.5.3\\out\\server\\src\\server.js:38:6142\n    at D2 (c:\\Users\\agust\\.vscode\\extensions\\uqbar.wollok-lsp-ide-0.5.3\\out\\server\\src\\server.js:2384:42)\n    at Qh (c:\\Users\\agust\\.vscode\\extensions\\uqbar.wollok-lsp-ide-0.5.3\\out\\server\\src\\server.js:2384:1092)\n    at v6n (c:\\Users\\agust\\.vscode\\extensions\\uqbar.wollok-lsp-ide-0.5.3\\out\\server\\src\\server.js:2384:818)\n    at c:\\Users\\agust\\.vscode\\extensions\\uqbar.wollok-lsp-ide-0.5.3\\out\\server\\src\\server.js:38:6131\n    at D2 (c:\\Users\\agust\\.vscode\\extensions\\uqbar.wollok-lsp-ide-0.5.3\\out\\server\\src\\server.js:2384:42)\n    at Qh (c:\\Users\\agust\\.vscode\\extensions\\uqbar.wollok-lsp-ide-0.5.3\\out\\server\\src\\server.js:2384:1092)\n    at D2 (c:\\Users\\agust\\.vscode\\extensions\\uqbar.wollok-lsp-ide-0.5.3\\out\\server\\src\\server.js:2384:544)\n    at Qh (c:\\Users\\agust\\.vscode\\extensions\\uqbar.wollok-lsp-ide-0.5.3\\out\\server\\src\\server.js:2384:1092)\n    at D2 (c:\\Users\\agust\\.vscode\\extensions\\uqbar.wollok-lsp-ide-0.5.3\\out\\server\\src\\server.js:2384:544)","timestamp":"2025-09-13T14:00:19.121Z"}
{"level":"error","message":"✘ Completions for node Send ([26:21, 26:52] - example.wlk) failed: Error: [Send]{39015e} at example.wlk:26 exhausted all cases without a match [Send]{39015e} at example.wlk:26 exhausted all cases without a match","stack":"Error: [Send]{39015e} at example.wlk:26 exhausted all cases without a match\n    at c:\\Users\\agust\\.vscode\\extensions\\uqbar.wollok-lsp-ide-0.5.3\\out\\server\\src\\server.js:38:6142\n    at D2 (c:\\Users\\agust\\.vscode\\extensions\\uqbar.wollok-lsp-ide-0.5.3\\out\\server\\src\\server.js:2384:42)\n    at Qh (c:\\Users\\agust\\.vscode\\extensions\\uqbar.wollok-lsp-ide-0.5.3\\out\\server\\src\\server.js:2384:1092)\n    at k6n (c:\\Users\\agust\\.vscode\\extensions\\uqbar.wollok-lsp-ide-0.5.3\\out\\server\\src\\server.js:2384:1248)\n    at c:\\Users\\agust\\.vscode\\extensions\\uqbar.wollok-lsp-ide-0.5.3\\out\\server\\src\\server.js:38:6131\n    at D2 (c:\\Users\\agust\\.vscode\\extensions\\uqbar.wollok-lsp-ide-0.5.3\\out\\server\\src\\server.js:2384:42)\n    at c:\\Users\\agust\\.vscode\\extensions\\uqbar.wollok-lsp-ide-0.5.3\\out\\server\\src\\server.js:2384:2988\n    at c:\\Users\\agust\\.vscode\\extensions\\uqbar.wollok-lsp-ide-0.5.3\\out\\server\\src\\server.js:2393:8440\n    at c:\\Users\\agust\\.vscode\\extensions\\uqbar.wollok-lsp-ide-0.5.3\\out\\server\\src\\server.js:37:74872\n    at Ye (c:\\Users\\agust\\.vscode\\extensions\\uqbar.wollok-lsp-ide-0.5.3\\out\\server\\src\\server.js:7:8527)","timestamp":"2025-09-13T14:00:44.000Z"}
{"level":"error","message":"✘ Completions for node Send ([26:7, 26:53] - example.wlk) failed: Error: [Send]{8bbb7a} at example.wlk:26 exhausted all cases without a match [Send]{8bbb7a} at example.wlk:26 exhausted all cases without a match","stack":"Error: [Send]{8bbb7a} at example.wlk:26 exhausted all cases without a match\n    at c:\\Users\\agust\\.vscode\\extensions\\uqbar.wollok-lsp-ide-0.5.3\\out\\server\\src\\server.js:38:6142\n    at D2 (c:\\Users\\agust\\.vscode\\extensions\\uqbar.wollok-lsp-ide-0.5.3\\out\\server\\src\\server.js:2384:42)\n    at Qh (c:\\Users\\agust\\.vscode\\extensions\\uqbar.wollok-lsp-ide-0.5.3\\out\\server\\src\\server.js:2384:1092)\n    at D2 (c:\\Users\\agust\\.vscode\\extensions\\uqbar.wollok-lsp-ide-0.5.3\\out\\server\\src\\server.js:2384:544)\n    at Qh (c:\\Users\\agust\\.vscode\\extensions\\uqbar.wollok-lsp-ide-0.5.3\\out\\server\\src\\server.js:2384:1092)\n    at k6n (c:\\Users\\agust\\.vscode\\extensions\\uqbar.wollok-lsp-ide-0.5.3\\out\\server\\src\\server.js:2384:1248)\n    at c:\\Users\\agust\\.vscode\\extensions\\uqbar.wollok-lsp-ide-0.5.3\\out\\server\\src\\server.js:38:6131\n    at D2 (c:\\Users\\agust\\.vscode\\extensions\\uqbar.wollok-lsp-ide-0.5.3\\out\\server\\src\\server.js:2384:42)\n    at c:\\Users\\agust\\.vscode\\extensions\\uqbar.wollok-lsp-ide-0.5.3\\out\\server\\src\\server.js:2384:2988\n    at c:\\Users\\agust\\.vscode\\extensions\\uqbar.wollok-lsp-ide-0.5.3\\out\\server\\src\\server.js:2393:8440","timestamp":"2025-09-13T14:00:44.000Z"}
{"level":"error","message":"✘ Completions for node If ([25:5, 30:6] - example.wlk) failed: Error: [If]{12936a} at example.wlk:25 exhausted all cases without a match [If]{12936a} at example.wlk:25 exhausted all cases without a match","stack":"Error: [If]{12936a} at example.wlk:25 exhausted all cases without a match\n    at c:\\Users\\agust\\.vscode\\extensions\\uqbar.wollok-lsp-ide-0.5.3\\out\\server\\src\\server.js:38:6142\n    at D2 (c:\\Users\\agust\\.vscode\\extensions\\uqbar.wollok-lsp-ide-0.5.3\\out\\server\\src\\server.js:2384:42)\n    at Qh (c:\\Users\\agust\\.vscode\\extensions\\uqbar.wollok-lsp-ide-0.5.3\\out\\server\\src\\server.js:2384:1092)\n    at v6n (c:\\Users\\agust\\.vscode\\extensions\\uqbar.wollok-lsp-ide-0.5.3\\out\\server\\src\\server.js:2384:818)\n    at c:\\Users\\agust\\.vscode\\extensions\\uqbar.wollok-lsp-ide-0.5.3\\out\\server\\src\\server.js:38:6131\n    at D2 (c:\\Users\\agust\\.vscode\\extensions\\uqbar.wollok-lsp-ide-0.5.3\\out\\server\\src\\server.js:2384:42)\n    at Qh (c:\\Users\\agust\\.vscode\\extensions\\uqbar.wollok-lsp-ide-0.5.3\\out\\server\\src\\server.js:2384:1092)\n    at D2 (c:\\Users\\agust\\.vscode\\extensions\\uqbar.wollok-lsp-ide-0.5.3\\out\\server\\src\\server.js:2384:544)\n    at Qh (c:\\Users\\agust\\.vscode\\extensions\\uqbar.wollok-lsp-ide-0.5.3\\out\\server\\src\\server.js:2384:1092)\n    at D2 (c:\\Users\\agust\\.vscode\\extensions\\uqbar.wollok-lsp-ide-0.5.3\\out\\server\\src\\server.js:2384:544)","timestamp":"2025-09-13T14:00:44.000Z"}
{"level":"error","message":"✘ Completions for node Send ([26:21, 26:52] - example.wlk) failed: Error: [Send]{2f34ba} at example.wlk:26 exhausted all cases without a match [Send]{2f34ba} at example.wlk:26 exhausted all cases without a match","stack":"Error: [Send]{2f34ba} at example.wlk:26 exhausted all cases without a match\n    at c:\\Users\\agust\\.vscode\\extensions\\uqbar.wollok-lsp-ide-0.5.3\\out\\server\\src\\server.js:38:6142\n    at D2 (c:\\Users\\agust\\.vscode\\extensions\\uqbar.wollok-lsp-ide-0.5.3\\out\\server\\src\\server.js:2384:42)\n    at Qh (c:\\Users\\agust\\.vscode\\extensions\\uqbar.wollok-lsp-ide-0.5.3\\out\\server\\src\\server.js:2384:1092)\n    at k6n (c:\\Users\\agust\\.vscode\\extensions\\uqbar.wollok-lsp-ide-0.5.3\\out\\server\\src\\server.js:2384:1248)\n    at c:\\Users\\agust\\.vscode\\extensions\\uqbar.wollok-lsp-ide-0.5.3\\out\\server\\src\\server.js:38:6131\n    at D2 (c:\\Users\\agust\\.vscode\\extensions\\uqbar.wollok-lsp-ide-0.5.3\\out\\server\\src\\server.js:2384:42)\n    at c:\\Users\\agust\\.vscode\\extensions\\uqbar.wollok-lsp-ide-0.5.3\\out\\server\\src\\server.js:2384:2988\n    at c:\\Users\\agust\\.vscode\\extensions\\uqbar.wollok-lsp-ide-0.5.3\\out\\server\\src\\server.js:2393:8440\n    at c:\\Users\\agust\\.vscode\\extensions\\uqbar.wollok-lsp-ide-0.5.3\\out\\server\\src\\server.js:37:74872\n    at Ye (c:\\Users\\agust\\.vscode\\extensions\\uqbar.wollok-lsp-ide-0.5.3\\out\\server\\src\\server.js:7:8527)","timestamp":"2025-09-13T14:01:20.401Z"}
{"level":"error","message":"✘ Completions for node Send ([26:7, 26:53] - example.wlk) failed: Error: [Send]{f281c1} at example.wlk:26 exhausted all cases without a match [Send]{f281c1} at example.wlk:26 exhausted all cases without a match","stack":"Error: [Send]{f281c1} at example.wlk:26 exhausted all cases without a match\n    at c:\\Users\\agust\\.vscode\\extensions\\uqbar.wollok-lsp-ide-0.5.3\\out\\server\\src\\server.js:38:6142\n    at D2 (c:\\Users\\agust\\.vscode\\extensions\\uqbar.wollok-lsp-ide-0.5.3\\out\\server\\src\\server.js:2384:42)\n    at Qh (c:\\Users\\agust\\.vscode\\extensions\\uqbar.wollok-lsp-ide-0.5.3\\out\\server\\src\\server.js:2384:1092)\n    at D2 (c:\\Users\\agust\\.vscode\\extensions\\uqbar.wollok-lsp-ide-0.5.3\\out\\server\\src\\server.js:2384:544)\n    at Qh (c:\\Users\\agust\\.vscode\\extensions\\uqbar.wollok-lsp-ide-0.5.3\\out\\server\\src\\server.js:2384:1092)\n    at k6n (c:\\Users\\agust\\.vscode\\extensions\\uqbar.wollok-lsp-ide-0.5.3\\out\\server\\src\\server.js:2384:1248)\n    at c:\\Users\\agust\\.vscode\\extensions\\uqbar.wollok-lsp-ide-0.5.3\\out\\server\\src\\server.js:38:6131\n    at D2 (c:\\Users\\agust\\.vscode\\extensions\\uqbar.wollok-lsp-ide-0.5.3\\out\\server\\src\\server.js:2384:42)\n    at c:\\Users\\agust\\.vscode\\extensions\\uqbar.wollok-lsp-ide-0.5.3\\out\\server\\src\\server.js:2384:2988\n    at c:\\Users\\agust\\.vscode\\extensions\\uqbar.wollok-lsp-ide-0.5.3\\out\\server\\src\\server.js:2393:8440","timestamp":"2025-09-13T14:01:20.401Z"}
{"level":"error","message":"✘ Completions for node If ([25:5, 30:6] - example.wlk) failed: Error: [If]{916a37} at example.wlk:25 exhausted all cases without a match [If]{916a37} at example.wlk:25 exhausted all cases without a match","stack":"Error: [If]{916a37} at example.wlk:25 exhausted all cases without a match\n    at c:\\Users\\agust\\.vscode\\extensions\\uqbar.wollok-lsp-ide-0.5.3\\out\\server\\src\\server.js:38:6142\n    at D2 (c:\\Users\\agust\\.vscode\\extensions\\uqbar.wollok-lsp-ide-0.5.3\\out\\server\\src\\server.js:2384:42)\n    at Qh (c:\\Users\\agust\\.vscode\\extensions\\uqbar.wollok-lsp-ide-0.5.3\\out\\server\\src\\server.js:2384:1092)\n    at v6n (c:\\Users\\agust\\.vscode\\extensions\\uqbar.wollok-lsp-ide-0.5.3\\out\\server\\src\\server.js:2384:818)\n    at c:\\Users\\agust\\.vscode\\extensions\\uqbar.wollok-lsp-ide-0.5.3\\out\\server\\src\\server.js:38:6131\n    at D2 (c:\\Users\\agust\\.vscode\\extensions\\uqbar.wollok-lsp-ide-0.5.3\\out\\server\\src\\server.js:2384:42)\n    at Qh (c:\\Users\\agust\\.vscode\\extensions\\uqbar.wollok-lsp-ide-0.5.3\\out\\server\\src\\server.js:2384:1092)\n    at D2 (c:\\Users\\agust\\.vscode\\extensions\\uqbar.wollok-lsp-ide-0.5.3\\out\\server\\src\\server.js:2384:544)\n    at Qh (c:\\Users\\agust\\.vscode\\extensions\\uqbar.wollok-lsp-ide-0.5.3\\out\\server\\src\\server.js:2384:1092)\n    at D2 (c:\\Users\\agust\\.vscode\\extensions\\uqbar.wollok-lsp-ide-0.5.3\\out\\server\\src\\server.js:2384:544)","timestamp":"2025-09-13T14:01:20.401Z"}
{"level":"error","message":"✘ Completions for node Send ([26:21, 26:54] - example.wlk) failed: Error: [Send]{0058d5} at example.wlk:26 exhausted all cases without a match [Send]{0058d5} at example.wlk:26 exhausted all cases without a match","stack":"Error: [Send]{0058d5} at example.wlk:26 exhausted all cases without a match\n    at c:\\Users\\agust\\.vscode\\extensions\\uqbar.wollok-lsp-ide-0.5.3\\out\\server\\src\\server.js:38:6142\n    at D2 (c:\\Users\\agust\\.vscode\\extensions\\uqbar.wollok-lsp-ide-0.5.3\\out\\server\\src\\server.js:2384:42)\n    at Qh (c:\\Users\\agust\\.vscode\\extensions\\uqbar.wollok-lsp-ide-0.5.3\\out\\server\\src\\server.js:2384:1092)\n    at k6n (c:\\Users\\agust\\.vscode\\extensions\\uqbar.wollok-lsp-ide-0.5.3\\out\\server\\src\\server.js:2384:1248)\n    at c:\\Users\\agust\\.vscode\\extensions\\uqbar.wollok-lsp-ide-0.5.3\\out\\server\\src\\server.js:38:6131\n    at D2 (c:\\Users\\agust\\.vscode\\extensions\\uqbar.wollok-lsp-ide-0.5.3\\out\\server\\src\\server.js:2384:42)\n    at c:\\Users\\agust\\.vscode\\extensions\\uqbar.wollok-lsp-ide-0.5.3\\out\\server\\src\\server.js:2384:2988\n    at c:\\Users\\agust\\.vscode\\extensions\\uqbar.wollok-lsp-ide-0.5.3\\out\\server\\src\\server.js:2393:8440\n    at c:\\Users\\agust\\.vscode\\extensions\\uqbar.wollok-lsp-ide-0.5.3\\out\\server\\src\\server.js:37:74872\n    at Ye (c:\\Users\\agust\\.vscode\\extensions\\uqbar.wollok-lsp-ide-0.5.3\\out\\server\\src\\server.js:7:8527)","timestamp":"2025-09-13T14:01:22.407Z"}
{"level":"error","message":"✘ Completions for node Send ([26:7, 26:55] - example.wlk) failed: Error: [Send]{f8bbf7} at example.wlk:26 exhausted all cases without a match [Send]{f8bbf7} at example.wlk:26 exhausted all cases without a match","stack":"Error: [Send]{f8bbf7} at example.wlk:26 exhausted all cases without a match\n    at c:\\Users\\agust\\.vscode\\extensions\\uqbar.wollok-lsp-ide-0.5.3\\out\\server\\src\\server.js:38:6142\n    at D2 (c:\\Users\\agust\\.vscode\\extensions\\uqbar.wollok-lsp-ide-0.5.3\\out\\server\\src\\server.js:2384:42)\n    at Qh (c:\\Users\\agust\\.vscode\\extensions\\uqbar.wollok-lsp-ide-0.5.3\\out\\server\\src\\server.js:2384:1092)\n    at D2 (c:\\Users\\agust\\.vscode\\extensions\\uqbar.wollok-lsp-ide-0.5.3\\out\\server\\src\\server.js:2384:544)\n    at Qh (c:\\Users\\agust\\.vscode\\extensions\\uqbar.wollok-lsp-ide-0.5.3\\out\\server\\src\\server.js:2384:1092)\n    at k6n (c:\\Users\\agust\\.vscode\\extensions\\uqbar.wollok-lsp-ide-0.5.3\\out\\server\\src\\server.js:2384:1248)\n    at c:\\Users\\agust\\.vscode\\extensions\\uqbar.wollok-lsp-ide-0.5.3\\out\\server\\src\\server.js:38:6131\n    at D2 (c:\\Users\\agust\\.vscode\\extensions\\uqbar.wollok-lsp-ide-0.5.3\\out\\server\\src\\server.js:2384:42)\n    at c:\\Users\\agust\\.vscode\\extensions\\uqbar.wollok-lsp-ide-0.5.3\\out\\server\\src\\server.js:2384:2988\n    at c:\\Users\\agust\\.vscode\\extensions\\uqbar.wollok-lsp-ide-0.5.3\\out\\server\\src\\server.js:2393:8440","timestamp":"2025-09-13T14:01:22.407Z"}
{"level":"error","message":"✘ Completions for node If ([25:5, 30:6] - example.wlk) failed: Error: [If]{8d6c2f} at example.wlk:25 exhausted all cases without a match [If]{8d6c2f} at example.wlk:25 exhausted all cases without a match","stack":"Error: [If]{8d6c2f} at example.wlk:25 exhausted all cases without a match\n    at c:\\Users\\agust\\.vscode\\extensions\\uqbar.wollok-lsp-ide-0.5.3\\out\\server\\src\\server.js:38:6142\n    at D2 (c:\\Users\\agust\\.vscode\\extensions\\uqbar.wollok-lsp-ide-0.5.3\\out\\server\\src\\server.js:2384:42)\n    at Qh (c:\\Users\\agust\\.vscode\\extensions\\uqbar.wollok-lsp-ide-0.5.3\\out\\server\\src\\server.js:2384:1092)\n    at v6n (c:\\Users\\agust\\.vscode\\extensions\\uqbar.wollok-lsp-ide-0.5.3\\out\\server\\src\\server.js:2384:818)\n    at c:\\Users\\agust\\.vscode\\extensions\\uqbar.wollok-lsp-ide-0.5.3\\out\\server\\src\\server.js:38:6131\n    at D2 (c:\\Users\\agust\\.vscode\\extensions\\uqbar.wollok-lsp-ide-0.5.3\\out\\server\\src\\server.js:2384:42)\n    at Qh (c:\\Users\\agust\\.vscode\\extensions\\uqbar.wollok-lsp-ide-0.5.3\\out\\server\\src\\server.js:2384:1092)\n    at D2 (c:\\Users\\agust\\.vscode\\extensions\\uqbar.wollok-lsp-ide-0.5.3\\out\\server\\src\\server.js:2384:544)\n    at Qh (c:\\Users\\agust\\.vscode\\extensions\\uqbar.wollok-lsp-ide-0.5.3\\out\\server\\src\\server.js:2384:1092)\n    at D2 (c:\\Users\\agust\\.vscode\\extensions\\uqbar.wollok-lsp-ide-0.5.3\\out\\server\\src\\server.js:2384:544)","timestamp":"2025-09-13T14:01:22.407Z"}
{"exitCode":"SIGHUP","level":"info","message":"👾 Game executed pgmProgram.pacmanGame on c:\\Users\\agust\\Desktop\\Desarrollo\\Universidad\\Programacion con Objetos 1\\pacmanbasicgame-agusalfonsoun\\pacman-13-09-25","timeElapsed":148747,"timestamp":"2025-09-13T14:01:33.875Z"}
{"level":"info","message":"🚀 Program executed \u001b[3m\u001b[34mpgmProgram.pacmanGame\u001b[39m\u001b[23m on \u001b[3m\u001b[34mc:\\Users\\agust\\Desktop\\Desarrollo\\Universidad\\Programacion con Objetos 1\\pacmanbasicgame-agusalfonsoun\\pacman-13-09-25\u001b[39m\u001b[23m","ok":true,"timeElapsed":231,"timestamp":"2025-09-13T14:01:35.021Z"}
{"exitCode":"SIGHUP","level":"info","message":"👾 Game executed pgmProgram.pacmanGame on c:\\Users\\agust\\Desktop\\Desarrollo\\Universidad\\Programacion con Objetos 1\\pacmanbasicgame-agusalfonsoun\\pacman-13-09-25","timeElapsed":18937,"timestamp":"2025-09-13T14:01:53.727Z"}
{"level":"info","message":"🚀 Program executed \u001b[3m\u001b[34mpgmProgram.pacmanGame\u001b[39m\u001b[23m on \u001b[3m\u001b[34mc:\\Users\\agust\\Desktop\\Desarrollo\\Universidad\\Programacion con Objetos 1\\pacmanbasicgame-agusalfonsoun\\pacman-13-09-25\u001b[39m\u001b[23m","ok":true,"timeElapsed":251,"timestamp":"2025-09-13T14:01:54.885Z"}
{"exitCode":"SIGHUP","level":"info","message":"👾 Game executed pgmProgram.pacmanGame on c:\\Users\\agust\\Desktop\\Desarrollo\\Universidad\\Programacion con Objetos 1\\pacmanbasicgame-agusalfonsoun\\pacman-13-09-25","timeElapsed":121113,"timestamp":"2025-09-13T14:03:55.747Z"}
{"level":"info","message":"🚀 Program executed \u001b[3m\u001b[34mpgmProgram.pacmanGame\u001b[39m\u001b[23m on \u001b[3m\u001b[34mc:\\Users\\agust\\Desktop\\Desarrollo\\Universidad\\Programacion con Objetos 1\\pacmanbasicgame-agusalfonsoun\\pacman-13-09-25\u001b[39m\u001b[23m","ok":true,"timeElapsed":250,"timestamp":"2025-09-13T14:04:45.257Z"}
{"exitCode":"SIGHUP","level":"info","message":"👾 Game executed pgmProgram.pacmanGame on c:\\Users\\agust\\Desktop\\Desarrollo\\Universidad\\Programacion con Objetos 1\\pacmanbasicgame-agusalfonsoun\\pacman-13-09-25","timeElapsed":119245,"timestamp":"2025-09-13T14:06:44.252Z"}
{"level":"info","message":"🚀 Program executed \u001b[3m\u001b[34mpgmProgram.pacmanGame\u001b[39m\u001b[23m on \u001b[3m\u001b[34mc:\\Users\\agust\\Desktop\\Desarrollo\\Universidad\\Programacion con Objetos 1\\pacmanbasicgame-agusalfonsoun\\pacman-13-09-25\u001b[39m\u001b[23m","ok":true,"timeElapsed":249,"timestamp":"2025-09-13T14:06:45.421Z"}
{"level":"error","message":"✘ Completions for node Send ([47:21, 47:41] - example.wlk) failed: Error: [Send]{fe9348} at example.wlk:47 exhausted all cases without a match [Send]{fe9348} at example.wlk:47 exhausted all cases without a match","stack":"Error: [Send]{fe9348} at example.wlk:47 exhausted all cases without a match\n    at c:\\Users\\agust\\.vscode\\extensions\\uqbar.wollok-lsp-ide-0.5.3\\out\\server\\src\\server.js:38:6142\n    at D2 (c:\\Users\\agust\\.vscode\\extensions\\uqbar.wollok-lsp-ide-0.5.3\\out\\server\\src\\server.js:2384:42)\n    at c:\\Users\\agust\\.vscode\\extensions\\uqbar.wollok-lsp-ide-0.5.3\\out\\server\\src\\server.js:2384:2988\n    at c:\\Users\\agust\\.vscode\\extensions\\uqbar.wollok-lsp-ide-0.5.3\\out\\server\\src\\server.js:2393:8440\n    at c:\\Users\\agust\\.vscode\\extensions\\uqbar.wollok-lsp-ide-0.5.3\\out\\server\\src\\server.js:37:74872\n    at Ye (c:\\Users\\agust\\.vscode\\extensions\\uqbar.wollok-lsp-ide-0.5.3\\out\\server\\src\\server.js:7:8527)\n    at qt (c:\\Users\\agust\\.vscode\\extensions\\uqbar.wollok-lsp-ide-0.5.3\\out\\server\\src\\server.js:7:6189)\n    at ot (c:\\Users\\agust\\.vscode\\extensions\\uqbar.wollok-lsp-ide-0.5.3\\out\\server\\src\\server.js:7:6378)\n    at Immediate._onImmediate (c:\\Users\\agust\\.vscode\\extensions\\uqbar.wollok-lsp-ide-0.5.3\\out\\server\\src\\server.js:7:6142)\n    at process.processImmediate (node:internal/timers:485:21)","timestamp":"2025-09-13T14:07:07.692Z"}
{"level":"error","message":"✘ Completions for node Send ([47:7, 47:42] - example.wlk) failed: Error: [Send]{2c21d8} at example.wlk:47 exhausted all cases without a match [Send]{2c21d8} at example.wlk:47 exhausted all cases without a match","stack":"Error: [Send]{2c21d8} at example.wlk:47 exhausted all cases without a match\n    at c:\\Users\\agust\\.vscode\\extensions\\uqbar.wollok-lsp-ide-0.5.3\\out\\server\\src\\server.js:38:6142\n    at D2 (c:\\Users\\agust\\.vscode\\extensions\\uqbar.wollok-lsp-ide-0.5.3\\out\\server\\src\\server.js:2384:42)\n    at Qh (c:\\Users\\agust\\.vscode\\extensions\\uqbar.wollok-lsp-ide-0.5.3\\out\\server\\src\\server.js:2384:1092)\n    at D2 (c:\\Users\\agust\\.vscode\\extensions\\uqbar.wollok-lsp-ide-0.5.3\\out\\server\\src\\server.js:2384:544)\n    at c:\\Users\\agust\\.vscode\\extensions\\uqbar.wollok-lsp-ide-0.5.3\\out\\server\\src\\server.js:2384:2988\n    at c:\\Users\\agust\\.vscode\\extensions\\uqbar.wollok-lsp-ide-0.5.3\\out\\server\\src\\server.js:2393:8440\n    at c:\\Users\\agust\\.vscode\\extensions\\uqbar.wollok-lsp-ide-0.5.3\\out\\server\\src\\server.js:37:74872\n    at Ye (c:\\Users\\agust\\.vscode\\extensions\\uqbar.wollok-lsp-ide-0.5.3\\out\\server\\src\\server.js:7:8527)\n    at qt (c:\\Users\\agust\\.vscode\\extensions\\uqbar.wollok-lsp-ide-0.5.3\\out\\server\\src\\server.js:7:6189)\n    at ot (c:\\Users\\agust\\.vscode\\extensions\\uqbar.wollok-lsp-ide-0.5.3\\out\\server\\src\\server.js:7:6378)","timestamp":"2025-09-13T14:07:07.692Z"}
{"level":"error","message":"✘ Completions for node If ([43:5, 48:6] - example.wlk) failed: Error: [If]{cb53ad} at example.wlk:43 exhausted all cases without a match [If]{cb53ad} at example.wlk:43 exhausted all cases without a match","stack":"Error: [If]{cb53ad} at example.wlk:43 exhausted all cases without a match\n    at c:\\Users\\agust\\.vscode\\extensions\\uqbar.wollok-lsp-ide-0.5.3\\out\\server\\src\\server.js:38:6142\n    at D2 (c:\\Users\\agust\\.vscode\\extensions\\uqbar.wollok-lsp-ide-0.5.3\\out\\server\\src\\server.js:2384:42)\n    at Qh (c:\\Users\\agust\\.vscode\\extensions\\uqbar.wollok-lsp-ide-0.5.3\\out\\server\\src\\server.js:2384:1092)\n    at v6n (c:\\Users\\agust\\.vscode\\extensions\\uqbar.wollok-lsp-ide-0.5.3\\out\\server\\src\\server.js:2384:818)\n    at c:\\Users\\agust\\.vscode\\extensions\\uqbar.wollok-lsp-ide-0.5.3\\out\\server\\src\\server.js:38:6131\n    at D2 (c:\\Users\\agust\\.vscode\\extensions\\uqbar.wollok-lsp-ide-0.5.3\\out\\server\\src\\server.js:2384:42)\n    at Qh (c:\\Users\\agust\\.vscode\\extensions\\uqbar.wollok-lsp-ide-0.5.3\\out\\server\\src\\server.js:2384:1092)\n    at D2 (c:\\Users\\agust\\.vscode\\extensions\\uqbar.wollok-lsp-ide-0.5.3\\out\\server\\src\\server.js:2384:544)\n    at Qh (c:\\Users\\agust\\.vscode\\extensions\\uqbar.wollok-lsp-ide-0.5.3\\out\\server\\src\\server.js:2384:1092)\n    at D2 (c:\\Users\\agust\\.vscode\\extensions\\uqbar.wollok-lsp-ide-0.5.3\\out\\server\\src\\server.js:2384:544)","timestamp":"2025-09-13T14:07:07.692Z"}
{"level":"error","message":"✘ Completions for node Send ([47:21, 47:43] - example.wlk) failed: Error: [Send]{7ac4dd} at example.wlk:47 exhausted all cases without a match [Send]{7ac4dd} at example.wlk:47 exhausted all cases without a match","stack":"Error: [Send]{7ac4dd} at example.wlk:47 exhausted all cases without a match\n    at c:\\Users\\agust\\.vscode\\extensions\\uqbar.wollok-lsp-ide-0.5.3\\out\\server\\src\\server.js:38:6142\n    at D2 (c:\\Users\\agust\\.vscode\\extensions\\uqbar.wollok-lsp-ide-0.5.3\\out\\server\\src\\server.js:2384:42)\n    at c:\\Users\\agust\\.vscode\\extensions\\uqbar.wollok-lsp-ide-0.5.3\\out\\server\\src\\server.js:2384:2988\n    at c:\\Users\\agust\\.vscode\\extensions\\uqbar.wollok-lsp-ide-0.5.3\\out\\server\\src\\server.js:2393:8440\n    at c:\\Users\\agust\\.vscode\\extensions\\uqbar.wollok-lsp-ide-0.5.3\\out\\server\\src\\server.js:37:74872\n    at Ye (c:\\Users\\agust\\.vscode\\extensions\\uqbar.wollok-lsp-ide-0.5.3\\out\\server\\src\\server.js:7:8527)\n    at qt (c:\\Users\\agust\\.vscode\\extensions\\uqbar.wollok-lsp-ide-0.5.3\\out\\server\\src\\server.js:7:6189)\n    at ot (c:\\Users\\agust\\.vscode\\extensions\\uqbar.wollok-lsp-ide-0.5.3\\out\\server\\src\\server.js:7:6378)\n    at Immediate._onImmediate (c:\\Users\\agust\\.vscode\\extensions\\uqbar.wollok-lsp-ide-0.5.3\\out\\server\\src\\server.js:7:6142)\n    at process.processImmediate (node:internal/timers:485:21)","timestamp":"2025-09-13T14:07:08.215Z"}
{"level":"error","message":"✘ Completions for node Send ([47:7, 47:44] - example.wlk) failed: Error: [Send]{ad08b1} at example.wlk:47 exhausted all cases without a match [Send]{ad08b1} at example.wlk:47 exhausted all cases without a match","stack":"Error: [Send]{ad08b1} at example.wlk:47 exhausted all cases without a match\n    at c:\\Users\\agust\\.vscode\\extensions\\uqbar.wollok-lsp-ide-0.5.3\\out\\server\\src\\server.js:38:6142\n    at D2 (c:\\Users\\agust\\.vscode\\extensions\\uqbar.wollok-lsp-ide-0.5.3\\out\\server\\src\\server.js:2384:42)\n    at Qh (c:\\Users\\agust\\.vscode\\extensions\\uqbar.wollok-lsp-ide-0.5.3\\out\\server\\src\\server.js:2384:1092)\n    at D2 (c:\\Users\\agust\\.vscode\\extensions\\uqbar.wollok-lsp-ide-0.5.3\\out\\server\\src\\server.js:2384:544)\n    at c:\\Users\\agust\\.vscode\\extensions\\uqbar.wollok-lsp-ide-0.5.3\\out\\server\\src\\server.js:2384:2988\n    at c:\\Users\\agust\\.vscode\\extensions\\uqbar.wollok-lsp-ide-0.5.3\\out\\server\\src\\server.js:2393:8440\n    at c:\\Users\\agust\\.vscode\\extensions\\uqbar.wollok-lsp-ide-0.5.3\\out\\server\\src\\server.js:37:74872\n    at Ye (c:\\Users\\agust\\.vscode\\extensions\\uqbar.wollok-lsp-ide-0.5.3\\out\\server\\src\\server.js:7:8527)\n    at qt (c:\\Users\\agust\\.vscode\\extensions\\uqbar.wollok-lsp-ide-0.5.3\\out\\server\\src\\server.js:7:6189)\n    at ot (c:\\Users\\agust\\.vscode\\extensions\\uqbar.wollok-lsp-ide-0.5.3\\out\\server\\src\\server.js:7:6378)","timestamp":"2025-09-13T14:07:08.215Z"}
{"level":"error","message":"✘ Completions for node If ([43:5, 48:6] - example.wlk) failed: Error: [If]{502239} at example.wlk:43 exhausted all cases without a match [If]{502239} at example.wlk:43 exhausted all cases without a match","stack":"Error: [If]{502239} at example.wlk:43 exhausted all cases without a match\n    at c:\\Users\\agust\\.vscode\\extensions\\uqbar.wollok-lsp-ide-0.5.3\\out\\server\\src\\server.js:38:6142\n    at D2 (c:\\Users\\agust\\.vscode\\extensions\\uqbar.wollok-lsp-ide-0.5.3\\out\\server\\src\\server.js:2384:42)\n    at Qh (c:\\Users\\agust\\.vscode\\extensions\\uqbar.wollok-lsp-ide-0.5.3\\out\\server\\src\\server.js:2384:1092)\n    at v6n (c:\\Users\\agust\\.vscode\\extensions\\uqbar.wollok-lsp-ide-0.5.3\\out\\server\\src\\server.js:2384:818)\n    at c:\\Users\\agust\\.vscode\\extensions\\uqbar.wollok-lsp-ide-0.5.3\\out\\server\\src\\server.js:38:6131\n    at D2 (c:\\Users\\agust\\.vscode\\extensions\\uqbar.wollok-lsp-ide-0.5.3\\out\\server\\src\\server.js:2384:42)\n    at Qh (c:\\Users\\agust\\.vscode\\extensions\\uqbar.wollok-lsp-ide-0.5.3\\out\\server\\src\\server.js:2384:1092)\n    at D2 (c:\\Users\\agust\\.vscode\\extensions\\uqbar.wollok-lsp-ide-0.5.3\\out\\server\\src\\server.js:2384:544)\n    at Qh (c:\\Users\\agust\\.vscode\\extensions\\uqbar.wollok-lsp-ide-0.5.3\\out\\server\\src\\server.js:2384:1092)\n    at D2 (c:\\Users\\agust\\.vscode\\extensions\\uqbar.wollok-lsp-ide-0.5.3\\out\\server\\src\\server.js:2384:544)","timestamp":"2025-09-13T14:07:08.216Z"}
{"level":"error","message":"✘ Completions for node Send ([47:21, 47:44] - example.wlk) failed: Error: [Send]{92c3d8} at example.wlk:47 exhausted all cases without a match [Send]{92c3d8} at example.wlk:47 exhausted all cases without a match","stack":"Error: [Send]{92c3d8} at example.wlk:47 exhausted all cases without a match\n    at c:\\Users\\agust\\.vscode\\extensions\\uqbar.wollok-lsp-ide-0.5.3\\out\\server\\src\\server.js:38:6142\n    at D2 (c:\\Users\\agust\\.vscode\\extensions\\uqbar.wollok-lsp-ide-0.5.3\\out\\server\\src\\server.js:2384:42)\n    at c:\\Users\\agust\\.vscode\\extensions\\uqbar.wollok-lsp-ide-0.5.3\\out\\server\\src\\server.js:2384:2988\n    at c:\\Users\\agust\\.vscode\\extensions\\uqbar.wollok-lsp-ide-0.5.3\\out\\server\\src\\server.js:2393:8440\n    at c:\\Users\\agust\\.vscode\\extensions\\uqbar.wollok-lsp-ide-0.5.3\\out\\server\\src\\server.js:37:74872\n    at Ye (c:\\Users\\agust\\.vscode\\extensions\\uqbar.wollok-lsp-ide-0.5.3\\out\\server\\src\\server.js:7:8527)\n    at qt (c:\\Users\\agust\\.vscode\\extensions\\uqbar.wollok-lsp-ide-0.5.3\\out\\server\\src\\server.js:7:6189)\n    at ot (c:\\Users\\agust\\.vscode\\extensions\\uqbar.wollok-lsp-ide-0.5.3\\out\\server\\src\\server.js:7:6378)\n    at Immediate._onImmediate (c:\\Users\\agust\\.vscode\\extensions\\uqbar.wollok-lsp-ide-0.5.3\\out\\server\\src\\server.js:7:6142)\n    at process.processImmediate (node:internal/timers:485:21)","timestamp":"2025-09-13T14:07:08.526Z"}
{"level":"error","message":"✘ Completions for node Send ([47:7, 47:45] - example.wlk) failed: Error: [Send]{272d51} at example.wlk:47 exhausted all cases without a match [Send]{272d51} at example.wlk:47 exhausted all cases without a match","stack":"Error: [Send]{272d51} at example.wlk:47 exhausted all cases without a match\n    at c:\\Users\\agust\\.vscode\\extensions\\uqbar.wollok-lsp-ide-0.5.3\\out\\server\\src\\server.js:38:6142\n    at D2 (c:\\Users\\agust\\.vscode\\extensions\\uqbar.wollok-lsp-ide-0.5.3\\out\\server\\src\\server.js:2384:42)\n    at Qh (c:\\Users\\agust\\.vscode\\extensions\\uqbar.wollok-lsp-ide-0.5.3\\out\\server\\src\\server.js:2384:1092)\n    at D2 (c:\\Users\\agust\\.vscode\\extensions\\uqbar.wollok-lsp-ide-0.5.3\\out\\server\\src\\server.js:2384:544)\n    at c:\\Users\\agust\\.vscode\\extensions\\uqbar.wollok-lsp-ide-0.5.3\\out\\server\\src\\server.js:2384:2988\n    at c:\\Users\\agust\\.vscode\\extensions\\uqbar.wollok-lsp-ide-0.5.3\\out\\server\\src\\server.js:2393:8440\n    at c:\\Users\\agust\\.vscode\\extensions\\uqbar.wollok-lsp-ide-0.5.3\\out\\server\\src\\server.js:37:74872\n    at Ye (c:\\Users\\agust\\.vscode\\extensions\\uqbar.wollok-lsp-ide-0.5.3\\out\\server\\src\\server.js:7:8527)\n    at qt (c:\\Users\\agust\\.vscode\\extensions\\uqbar.wollok-lsp-ide-0.5.3\\out\\server\\src\\server.js:7:6189)\n    at ot (c:\\Users\\agust\\.vscode\\extensions\\uqbar.wollok-lsp-ide-0.5.3\\out\\server\\src\\server.js:7:6378)","timestamp":"2025-09-13T14:07:08.526Z"}
{"level":"error","message":"✘ Completions for node If ([43:5, 48:6] - example.wlk) failed: Error: [If]{6a6cc3} at example.wlk:43 exhausted all cases without a match [If]{6a6cc3} at example.wlk:43 exhausted all cases without a match","stack":"Error: [If]{6a6cc3} at example.wlk:43 exhausted all cases without a match\n    at c:\\Users\\agust\\.vscode\\extensions\\uqbar.wollok-lsp-ide-0.5.3\\out\\server\\src\\server.js:38:6142\n    at D2 (c:\\Users\\agust\\.vscode\\extensions\\uqbar.wollok-lsp-ide-0.5.3\\out\\server\\src\\server.js:2384:42)\n    at Qh (c:\\Users\\agust\\.vscode\\extensions\\uqbar.wollok-lsp-ide-0.5.3\\out\\server\\src\\server.js:2384:1092)\n    at v6n (c:\\Users\\agust\\.vscode\\extensions\\uqbar.wollok-lsp-ide-0.5.3\\out\\server\\src\\server.js:2384:818)\n    at c:\\Users\\agust\\.vscode\\extensions\\uqbar.wollok-lsp-ide-0.5.3\\out\\server\\src\\server.js:38:6131\n    at D2 (c:\\Users\\agust\\.vscode\\extensions\\uqbar.wollok-lsp-ide-0.5.3\\out\\server\\src\\server.js:2384:42)\n    at Qh (c:\\Users\\agust\\.vscode\\extensions\\uqbar.wollok-lsp-ide-0.5.3\\out\\server\\src\\server.js:2384:1092)\n    at D2 (c:\\Users\\agust\\.vscode\\extensions\\uqbar.wollok-lsp-ide-0.5.3\\out\\server\\src\\server.js:2384:544)\n    at Qh (c:\\Users\\agust\\.vscode\\extensions\\uqbar.wollok-lsp-ide-0.5.3\\out\\server\\src\\server.js:2384:1092)\n    at D2 (c:\\Users\\agust\\.vscode\\extensions\\uqbar.wollok-lsp-ide-0.5.3\\out\\server\\src\\server.js:2384:544)","timestamp":"2025-09-13T14:07:08.526Z"}
{"level":"error","message":"✘ Completions for node Send ([47:21, 47:45] - example.wlk) failed: Error: [Send]{b9a44c} at example.wlk:47 exhausted all cases without a match [Send]{b9a44c} at example.wlk:47 exhausted all cases without a match","stack":"Error: [Send]{b9a44c} at example.wlk:47 exhausted all cases without a match\n    at c:\\Users\\agust\\.vscode\\extensions\\uqbar.wollok-lsp-ide-0.5.3\\out\\server\\src\\server.js:38:6142\n    at D2 (c:\\Users\\agust\\.vscode\\extensions\\uqbar.wollok-lsp-ide-0.5.3\\out\\server\\src\\server.js:2384:42)\n    at c:\\Users\\agust\\.vscode\\extensions\\uqbar.wollok-lsp-ide-0.5.3\\out\\server\\src\\server.js:2384:2988\n    at c:\\Users\\agust\\.vscode\\extensions\\uqbar.wollok-lsp-ide-0.5.3\\out\\server\\src\\server.js:2393:8440\n    at c:\\Users\\agust\\.vscode\\extensions\\uqbar.wollok-lsp-ide-0.5.3\\out\\server\\src\\server.js:37:74872\n    at Ye (c:\\Users\\agust\\.vscode\\extensions\\uqbar.wollok-lsp-ide-0.5.3\\out\\server\\src\\server.js:7:8527)\n    at qt (c:\\Users\\agust\\.vscode\\extensions\\uqbar.wollok-lsp-ide-0.5.3\\out\\server\\src\\server.js:7:6189)\n    at ot (c:\\Users\\agust\\.vscode\\extensions\\uqbar.wollok-lsp-ide-0.5.3\\out\\server\\src\\server.js:7:6378)\n    at Immediate._onImmediate (c:\\Users\\agust\\.vscode\\extensions\\uqbar.wollok-lsp-ide-0.5.3\\out\\server\\src\\server.js:7:6142)\n    at process.processImmediate (node:internal/timers:485:21)","timestamp":"2025-09-13T14:07:09.221Z"}
{"level":"error","message":"✘ Completions for node Send ([47:7, 47:46] - example.wlk) failed: Error: [Send]{a2d842} at example.wlk:47 exhausted all cases without a match [Send]{a2d842} at example.wlk:47 exhausted all cases without a match","stack":"Error: [Send]{a2d842} at example.wlk:47 exhausted all cases without a match\n    at c:\\Users\\agust\\.vscode\\extensions\\uqbar.wollok-lsp-ide-0.5.3\\out\\server\\src\\server.js:38:6142\n    at D2 (c:\\Users\\agust\\.vscode\\extensions\\uqbar.wollok-lsp-ide-0.5.3\\out\\server\\src\\server.js:2384:42)\n    at Qh (c:\\Users\\agust\\.vscode\\extensions\\uqbar.wollok-lsp-ide-0.5.3\\out\\server\\src\\server.js:2384:1092)\n    at D2 (c:\\Users\\agust\\.vscode\\extensions\\uqbar.wollok-lsp-ide-0.5.3\\out\\server\\src\\server.js:2384:544)\n    at c:\\Users\\agust\\.vscode\\extensions\\uqbar.wollok-lsp-ide-0.5.3\\out\\server\\src\\server.js:2384:2988\n    at c:\\Users\\agust\\.vscode\\extensions\\uqbar.wollok-lsp-ide-0.5.3\\out\\server\\src\\server.js:2393:8440\n    at c:\\Users\\agust\\.vscode\\extensions\\uqbar.wollok-lsp-ide-0.5.3\\out\\server\\src\\server.js:37:74872\n    at Ye (c:\\Users\\agust\\.vscode\\extensions\\uqbar.wollok-lsp-ide-0.5.3\\out\\server\\src\\server.js:7:8527)\n    at qt (c:\\Users\\agust\\.vscode\\extensions\\uqbar.wollok-lsp-ide-0.5.3\\out\\server\\src\\server.js:7:6189)\n    at ot (c:\\Users\\agust\\.vscode\\extensions\\uqbar.wollok-lsp-ide-0.5.3\\out\\server\\src\\server.js:7:6378)","timestamp":"2025-09-13T14:07:09.221Z"}
{"level":"error","message":"✘ Completions for node If ([43:5, 48:6] - example.wlk) failed: Error: [If]{35f09f} at example.wlk:43 exhausted all cases without a match [If]{35f09f} at example.wlk:43 exhausted all cases without a match","stack":"Error: [If]{35f09f} at example.wlk:43 exhausted all cases without a match\n    at c:\\Users\\agust\\.vscode\\extensions\\uqbar.wollok-lsp-ide-0.5.3\\out\\server\\src\\server.js:38:6142\n    at D2 (c:\\Users\\agust\\.vscode\\extensions\\uqbar.wollok-lsp-ide-0.5.3\\out\\server\\src\\server.js:2384:42)\n    at Qh (c:\\Users\\agust\\.vscode\\extensions\\uqbar.wollok-lsp-ide-0.5.3\\out\\server\\src\\server.js:2384:1092)\n    at v6n (c:\\Users\\agust\\.vscode\\extensions\\uqbar.wollok-lsp-ide-0.5.3\\out\\server\\src\\server.js:2384:818)\n    at c:\\Users\\agust\\.vscode\\extensions\\uqbar.wollok-lsp-ide-0.5.3\\out\\server\\src\\server.js:38:6131\n    at D2 (c:\\Users\\agust\\.vscode\\extensions\\uqbar.wollok-lsp-ide-0.5.3\\out\\server\\src\\server.js:2384:42)\n    at Qh (c:\\Users\\agust\\.vscode\\extensions\\uqbar.wollok-lsp-ide-0.5.3\\out\\server\\src\\server.js:2384:1092)\n    at D2 (c:\\Users\\agust\\.vscode\\extensions\\uqbar.wollok-lsp-ide-0.5.3\\out\\server\\src\\server.js:2384:544)\n    at Qh (c:\\Users\\agust\\.vscode\\extensions\\uqbar.wollok-lsp-ide-0.5.3\\out\\server\\src\\server.js:2384:1092)\n    at D2 (c:\\Users\\agust\\.vscode\\extensions\\uqbar.wollok-lsp-ide-0.5.3\\out\\server\\src\\server.js:2384:544)","timestamp":"2025-09-13T14:07:09.221Z"}
{"level":"error","message":"✘ Completions for node Send ([29:21, 29:41] - example.wlk) failed: Error: [Send]{2620b8} at example.wlk:29 exhausted all cases without a match [Send]{2620b8} at example.wlk:29 exhausted all cases without a match","stack":"Error: [Send]{2620b8} at example.wlk:29 exhausted all cases without a match\n    at c:\\Users\\agust\\.vscode\\extensions\\uqbar.wollok-lsp-ide-0.5.3\\out\\server\\src\\server.js:38:6142\n    at D2 (c:\\Users\\agust\\.vscode\\extensions\\uqbar.wollok-lsp-ide-0.5.3\\out\\server\\src\\server.js:2384:42)\n    at c:\\Users\\agust\\.vscode\\extensions\\uqbar.wollok-lsp-ide-0.5.3\\out\\server\\src\\server.js:2384:2988\n    at c:\\Users\\agust\\.vscode\\extensions\\uqbar.wollok-lsp-ide-0.5.3\\out\\server\\src\\server.js:2393:8440\n    at c:\\Users\\agust\\.vscode\\extensions\\uqbar.wollok-lsp-ide-0.5.3\\out\\server\\src\\server.js:37:74872\n    at Ye (c:\\Users\\agust\\.vscode\\extensions\\uqbar.wollok-lsp-ide-0.5.3\\out\\server\\src\\server.js:7:8527)\n    at qt (c:\\Users\\agust\\.vscode\\extensions\\uqbar.wollok-lsp-ide-0.5.3\\out\\server\\src\\server.js:7:6189)\n    at ot (c:\\Users\\agust\\.vscode\\extensions\\uqbar.wollok-lsp-ide-0.5.3\\out\\server\\src\\server.js:7:6378)\n    at Immediate._onImmediate (c:\\Users\\agust\\.vscode\\extensions\\uqbar.wollok-lsp-ide-0.5.3\\out\\server\\src\\server.js:7:6142)\n    at process.processImmediate (node:internal/timers:485:21)","timestamp":"2025-09-13T14:07:20.505Z"}
{"level":"error","message":"✘ Completions for node Send ([29:7, 29:42] - example.wlk) failed: Error: [Send]{1a339c} at example.wlk:29 exhausted all cases without a match [Send]{1a339c} at example.wlk:29 exhausted all cases without a match","stack":"Error: [Send]{1a339c} at example.wlk:29 exhausted all cases without a match\n    at c:\\Users\\agust\\.vscode\\extensions\\uqbar.wollok-lsp-ide-0.5.3\\out\\server\\src\\server.js:38:6142\n    at D2 (c:\\Users\\agust\\.vscode\\extensions\\uqbar.wollok-lsp-ide-0.5.3\\out\\server\\src\\server.js:2384:42)\n    at Qh (c:\\Users\\agust\\.vscode\\extensions\\uqbar.wollok-lsp-ide-0.5.3\\out\\server\\src\\server.js:2384:1092)\n    at D2 (c:\\Users\\agust\\.vscode\\extensions\\uqbar.wollok-lsp-ide-0.5.3\\out\\server\\src\\server.js:2384:544)\n    at c:\\Users\\agust\\.vscode\\extensions\\uqbar.wollok-lsp-ide-0.5.3\\out\\server\\src\\server.js:2384:2988\n    at c:\\Users\\agust\\.vscode\\extensions\\uqbar.wollok-lsp-ide-0.5.3\\out\\server\\src\\server.js:2393:8440\n    at c:\\Users\\agust\\.vscode\\extensions\\uqbar.wollok-lsp-ide-0.5.3\\out\\server\\src\\server.js:37:74872\n    at Ye (c:\\Users\\agust\\.vscode\\extensions\\uqbar.wollok-lsp-ide-0.5.3\\out\\server\\src\\server.js:7:8527)\n    at qt (c:\\Users\\agust\\.vscode\\extensions\\uqbar.wollok-lsp-ide-0.5.3\\out\\server\\src\\server.js:7:6189)\n    at ot (c:\\Users\\agust\\.vscode\\extensions\\uqbar.wollok-lsp-ide-0.5.3\\out\\server\\src\\server.js:7:6378)","timestamp":"2025-09-13T14:07:20.505Z"}
{"level":"error","message":"✘ Completions for node If ([25:5, 30:6] - example.wlk) failed: Error: [If]{b05600} at example.wlk:25 exhausted all cases without a match [If]{b05600} at example.wlk:25 exhausted all cases without a match","stack":"Error: [If]{b05600} at example.wlk:25 exhausted all cases without a match\n    at c:\\Users\\agust\\.vscode\\extensions\\uqbar.wollok-lsp-ide-0.5.3\\out\\server\\src\\server.js:38:6142\n    at D2 (c:\\Users\\agust\\.vscode\\extensions\\uqbar.wollok-lsp-ide-0.5.3\\out\\server\\src\\server.js:2384:42)\n    at Qh (c:\\Users\\agust\\.vscode\\extensions\\uqbar.wollok-lsp-ide-0.5.3\\out\\server\\src\\server.js:2384:1092)\n    at v6n (c:\\Users\\agust\\.vscode\\extensions\\uqbar.wollok-lsp-ide-0.5.3\\out\\server\\src\\server.js:2384:818)\n    at c:\\Users\\agust\\.vscode\\extensions\\uqbar.wollok-lsp-ide-0.5.3\\out\\server\\src\\server.js:38:6131\n    at D2 (c:\\Users\\agust\\.vscode\\extensions\\uqbar.wollok-lsp-ide-0.5.3\\out\\server\\src\\server.js:2384:42)\n    at Qh (c:\\Users\\agust\\.vscode\\extensions\\uqbar.wollok-lsp-ide-0.5.3\\out\\server\\src\\server.js:2384:1092)\n    at D2 (c:\\Users\\agust\\.vscode\\extensions\\uqbar.wollok-lsp-ide-0.5.3\\out\\server\\src\\server.js:2384:544)\n    at Qh (c:\\Users\\agust\\.vscode\\extensions\\uqbar.wollok-lsp-ide-0.5.3\\out\\server\\src\\server.js:2384:1092)\n    at D2 (c:\\Users\\agust\\.vscode\\extensions\\uqbar.wollok-lsp-ide-0.5.3\\out\\server\\src\\server.js:2384:544)","timestamp":"2025-09-13T14:07:20.505Z"}
{"level":"error","message":"✘ Completions for node Send ([29:21, 29:42] - example.wlk) failed: Error: [Send]{fb002d} at example.wlk:29 exhausted all cases without a match [Send]{fb002d} at example.wlk:29 exhausted all cases without a match","stack":"Error: [Send]{fb002d} at example.wlk:29 exhausted all cases without a match\n    at c:\\Users\\agust\\.vscode\\extensions\\uqbar.wollok-lsp-ide-0.5.3\\out\\server\\src\\server.js:38:6142\n    at D2 (c:\\Users\\agust\\.vscode\\extensions\\uqbar.wollok-lsp-ide-0.5.3\\out\\server\\src\\server.js:2384:42)\n    at c:\\Users\\agust\\.vscode\\extensions\\uqbar.wollok-lsp-ide-0.5.3\\out\\server\\src\\server.js:2384:2988\n    at c:\\Users\\agust\\.vscode\\extensions\\uqbar.wollok-lsp-ide-0.5.3\\out\\server\\src\\server.js:2393:8440\n    at c:\\Users\\agust\\.vscode\\extensions\\uqbar.wollok-lsp-ide-0.5.3\\out\\server\\src\\server.js:37:74872\n    at Ye (c:\\Users\\agust\\.vscode\\extensions\\uqbar.wollok-lsp-ide-0.5.3\\out\\server\\src\\server.js:7:8527)\n    at qt (c:\\Users\\agust\\.vscode\\extensions\\uqbar.wollok-lsp-ide-0.5.3\\out\\server\\src\\server.js:7:6189)\n    at ot (c:\\Users\\agust\\.vscode\\extensions\\uqbar.wollok-lsp-ide-0.5.3\\out\\server\\src\\server.js:7:6378)\n    at Immediate._onImmediate (c:\\Users\\agust\\.vscode\\extensions\\uqbar.wollok-lsp-ide-0.5.3\\out\\server\\src\\server.js:7:6142)\n    at process.processImmediate (node:internal/timers:485:21)","timestamp":"2025-09-13T14:07:20.655Z"}
{"level":"error","message":"✘ Completions for node Send ([29:7, 29:43] - example.wlk) failed: Error: [Send]{835f52} at example.wlk:29 exhausted all cases without a match [Send]{835f52} at example.wlk:29 exhausted all cases without a match","stack":"Error: [Send]{835f52} at example.wlk:29 exhausted all cases without a match\n    at c:\\Users\\agust\\.vscode\\extensions\\uqbar.wollok-lsp-ide-0.5.3\\out\\server\\src\\server.js:38:6142\n    at D2 (c:\\Users\\agust\\.vscode\\extensions\\uqbar.wollok-lsp-ide-0.5.3\\out\\server\\src\\server.js:2384:42)\n    at Qh (c:\\Users\\agust\\.vscode\\extensions\\uqbar.wollok-lsp-ide-0.5.3\\out\\server\\src\\server.js:2384:1092)\n    at D2 (c:\\Users\\agust\\.vscode\\extensions\\uqbar.wollok-lsp-ide-0.5.3\\out\\server\\src\\server.js:2384:544)\n    at c:\\Users\\agust\\.vscode\\extensions\\uqbar.wollok-lsp-ide-0.5.3\\out\\server\\src\\server.js:2384:2988\n    at c:\\Users\\agust\\.vscode\\extensions\\uqbar.wollok-lsp-ide-0.5.3\\out\\server\\src\\server.js:2393:8440\n    at c:\\Users\\agust\\.vscode\\extensions\\uqbar.wollok-lsp-ide-0.5.3\\out\\server\\src\\server.js:37:74872\n    at Ye (c:\\Users\\agust\\.vscode\\extensions\\uqbar.wollok-lsp-ide-0.5.3\\out\\server\\src\\server.js:7:8527)\n    at qt (c:\\Users\\agust\\.vscode\\extensions\\uqbar.wollok-lsp-ide-0.5.3\\out\\server\\src\\server.js:7:6189)\n    at ot (c:\\Users\\agust\\.vscode\\extensions\\uqbar.wollok-lsp-ide-0.5.3\\out\\server\\src\\server.js:7:6378)","timestamp":"2025-09-13T14:07:20.655Z"}
{"level":"error","message":"✘ Completions for node If ([25:5, 30:6] - example.wlk) failed: Error: [If]{ae552d} at example.wlk:25 exhausted all cases without a match [If]{ae552d} at example.wlk:25 exhausted all cases without a match","stack":"Error: [If]{ae552d} at example.wlk:25 exhausted all cases without a match\n    at c:\\Users\\agust\\.vscode\\extensions\\uqbar.wollok-lsp-ide-0.5.3\\out\\server\\src\\server.js:38:6142\n    at D2 (c:\\Users\\agust\\.vscode\\extensions\\uqbar.wollok-lsp-ide-0.5.3\\out\\server\\src\\server.js:2384:42)\n    at Qh (c:\\Users\\agust\\.vscode\\extensions\\uqbar.wollok-lsp-ide-0.5.3\\out\\server\\src\\server.js:2384:1092)\n    at v6n (c:\\Users\\agust\\.vscode\\extensions\\uqbar.wollok-lsp-ide-0.5.3\\out\\server\\src\\server.js:2384:818)\n    at c:\\Users\\agust\\.vscode\\extensions\\uqbar.wollok-lsp-ide-0.5.3\\out\\server\\src\\server.js:38:6131\n    at D2 (c:\\Users\\agust\\.vscode\\extensions\\uqbar.wollok-lsp-ide-0.5.3\\out\\server\\src\\server.js:2384:42)\n    at Qh (c:\\Users\\agust\\.vscode\\extensions\\uqbar.wollok-lsp-ide-0.5.3\\out\\server\\src\\server.js:2384:1092)\n    at D2 (c:\\Users\\agust\\.vscode\\extensions\\uqbar.wollok-lsp-ide-0.5.3\\out\\server\\src\\server.js:2384:544)\n    at Qh (c:\\Users\\agust\\.vscode\\extensions\\uqbar.wollok-lsp-ide-0.5.3\\out\\server\\src\\server.js:2384:1092)\n    at D2 (c:\\Users\\agust\\.vscode\\extensions\\uqbar.wollok-lsp-ide-0.5.3\\out\\server\\src\\server.js:2384:544)","timestamp":"2025-09-13T14:07:20.655Z"}
{"level":"error","message":"✘ Completions for node Send ([29:21, 29:43] - example.wlk) failed: Error: [Send]{0aa171} at example.wlk:29 exhausted all cases without a match [Send]{0aa171} at example.wlk:29 exhausted all cases without a match","stack":"Error: [Send]{0aa171} at example.wlk:29 exhausted all cases without a match\n    at c:\\Users\\agust\\.vscode\\extensions\\uqbar.wollok-lsp-ide-0.5.3\\out\\server\\src\\server.js:38:6142\n    at D2 (c:\\Users\\agust\\.vscode\\extensions\\uqbar.wollok-lsp-ide-0.5.3\\out\\server\\src\\server.js:2384:42)\n    at c:\\Users\\agust\\.vscode\\extensions\\uqbar.wollok-lsp-ide-0.5.3\\out\\server\\src\\server.js:2384:2988\n    at c:\\Users\\agust\\.vscode\\extensions\\uqbar.wollok-lsp-ide-0.5.3\\out\\server\\src\\server.js:2393:8440\n    at c:\\Users\\agust\\.vscode\\extensions\\uqbar.wollok-lsp-ide-0.5.3\\out\\server\\src\\server.js:37:74872\n    at Ye (c:\\Users\\agust\\.vscode\\extensions\\uqbar.wollok-lsp-ide-0.5.3\\out\\server\\src\\server.js:7:8527)\n    at qt (c:\\Users\\agust\\.vscode\\extensions\\uqbar.wollok-lsp-ide-0.5.3\\out\\server\\src\\server.js:7:6189)\n    at ot (c:\\Users\\agust\\.vscode\\extensions\\uqbar.wollok-lsp-ide-0.5.3\\out\\server\\src\\server.js:7:6378)\n    at Immediate._onImmediate (c:\\Users\\agust\\.vscode\\extensions\\uqbar.wollok-lsp-ide-0.5.3\\out\\server\\src\\server.js:7:6142)\n    at process.processImmediate (node:internal/timers:485:21)","timestamp":"2025-09-13T14:07:20.783Z"}
{"level":"error","message":"✘ Completions for node Send ([29:7, 29:44] - example.wlk) failed: Error: [Send]{929ec5} at example.wlk:29 exhausted all cases without a match [Send]{929ec5} at example.wlk:29 exhausted all cases without a match","stack":"Error: [Send]{929ec5} at example.wlk:29 exhausted all cases without a match\n    at c:\\Users\\agust\\.vscode\\extensions\\uqbar.wollok-lsp-ide-0.5.3\\out\\server\\src\\server.js:38:6142\n    at D2 (c:\\Users\\agust\\.vscode\\extensions\\uqbar.wollok-lsp-ide-0.5.3\\out\\server\\src\\server.js:2384:42)\n    at Qh (c:\\Users\\agust\\.vscode\\extensions\\uqbar.wollok-lsp-ide-0.5.3\\out\\server\\src\\server.js:2384:1092)\n    at D2 (c:\\Users\\agust\\.vscode\\extensions\\uqbar.wollok-lsp-ide-0.5.3\\out\\server\\src\\server.js:2384:544)\n    at c:\\Users\\agust\\.vscode\\extensions\\uqbar.wollok-lsp-ide-0.5.3\\out\\server\\src\\server.js:2384:2988\n    at c:\\Users\\agust\\.vscode\\extensions\\uqbar.wollok-lsp-ide-0.5.3\\out\\server\\src\\server.js:2393:8440\n    at c:\\Users\\agust\\.vscode\\extensions\\uqbar.wollok-lsp-ide-0.5.3\\out\\server\\src\\server.js:37:74872\n    at Ye (c:\\Users\\agust\\.vscode\\extensions\\uqbar.wollok-lsp-ide-0.5.3\\out\\server\\src\\server.js:7:8527)\n    at qt (c:\\Users\\agust\\.vscode\\extensions\\uqbar.wollok-lsp-ide-0.5.3\\out\\server\\src\\server.js:7:6189)\n    at ot (c:\\Users\\agust\\.vscode\\extensions\\uqbar.wollok-lsp-ide-0.5.3\\out\\server\\src\\server.js:7:6378)","timestamp":"2025-09-13T14:07:20.783Z"}
{"level":"error","message":"✘ Completions for node If ([25:5, 30:6] - example.wlk) failed: Error: [If]{0db4c5} at example.wlk:25 exhausted all cases without a match [If]{0db4c5} at example.wlk:25 exhausted all cases without a match","stack":"Error: [If]{0db4c5} at example.wlk:25 exhausted all cases without a match\n    at c:\\Users\\agust\\.vscode\\extensions\\uqbar.wollok-lsp-ide-0.5.3\\out\\server\\src\\server.js:38:6142\n    at D2 (c:\\Users\\agust\\.vscode\\extensions\\uqbar.wollok-lsp-ide-0.5.3\\out\\server\\src\\server.js:2384:42)\n    at Qh (c:\\Users\\agust\\.vscode\\extensions\\uqbar.wollok-lsp-ide-0.5.3\\out\\server\\src\\server.js:2384:1092)\n    at v6n (c:\\Users\\agust\\.vscode\\extensions\\uqbar.wollok-lsp-ide-0.5.3\\out\\server\\src\\server.js:2384:818)\n    at c:\\Users\\agust\\.vscode\\extensions\\uqbar.wollok-lsp-ide-0.5.3\\out\\server\\src\\server.js:38:6131\n    at D2 (c:\\Users\\agust\\.vscode\\extensions\\uqbar.wollok-lsp-ide-0.5.3\\out\\server\\src\\server.js:2384:42)\n    at Qh (c:\\Users\\agust\\.vscode\\extensions\\uqbar.wollok-lsp-ide-0.5.3\\out\\server\\src\\server.js:2384:1092)\n    at D2 (c:\\Users\\agust\\.vscode\\extensions\\uqbar.wollok-lsp-ide-0.5.3\\out\\server\\src\\server.js:2384:544)\n    at Qh (c:\\Users\\agust\\.vscode\\extensions\\uqbar.wollok-lsp-ide-0.5.3\\out\\server\\src\\server.js:2384:1092)\n    at D2 (c:\\Users\\agust\\.vscode\\extensions\\uqbar.wollok-lsp-ide-0.5.3\\out\\server\\src\\server.js:2384:544)","timestamp":"2025-09-13T14:07:20.783Z"}
{"level":"error","message":"✘ Completions for node Send ([29:21, 29:44] - example.wlk) failed: Error: [Send]{557191} at example.wlk:29 exhausted all cases without a match [Send]{557191} at example.wlk:29 exhausted all cases without a match","stack":"Error: [Send]{557191} at example.wlk:29 exhausted all cases without a match\n    at c:\\Users\\agust\\.vscode\\extensions\\uqbar.wollok-lsp-ide-0.5.3\\out\\server\\src\\server.js:38:6142\n    at D2 (c:\\Users\\agust\\.vscode\\extensions\\uqbar.wollok-lsp-ide-0.5.3\\out\\server\\src\\server.js:2384:42)\n    at c:\\Users\\agust\\.vscode\\extensions\\uqbar.wollok-lsp-ide-0.5.3\\out\\server\\src\\server.js:2384:2988\n    at c:\\Users\\agust\\.vscode\\extensions\\uqbar.wollok-lsp-ide-0.5.3\\out\\server\\src\\server.js:2393:8440\n    at c:\\Users\\agust\\.vscode\\extensions\\uqbar.wollok-lsp-ide-0.5.3\\out\\server\\src\\server.js:37:74872\n    at Ye (c:\\Users\\agust\\.vscode\\extensions\\uqbar.wollok-lsp-ide-0.5.3\\out\\server\\src\\server.js:7:8527)\n    at qt (c:\\Users\\agust\\.vscode\\extensions\\uqbar.wollok-lsp-ide-0.5.3\\out\\server\\src\\server.js:7:6189)\n    at ot (c:\\Users\\agust\\.vscode\\extensions\\uqbar.wollok-lsp-ide-0.5.3\\out\\server\\src\\server.js:7:6378)\n    at Immediate._onImmediate (c:\\Users\\agust\\.vscode\\extensions\\uqbar.wollok-lsp-ide-0.5.3\\out\\server\\src\\server.js:7:6142)\n    at process.processImmediate (node:internal/timers:485:21)","timestamp":"2025-09-13T14:07:20.924Z"}
{"level":"error","message":"✘ Completions for node Send ([29:7, 29:45] - example.wlk) failed: Error: [Send]{41f7a7} at example.wlk:29 exhausted all cases without a match [Send]{41f7a7} at example.wlk:29 exhausted all cases without a match","stack":"Error: [Send]{41f7a7} at example.wlk:29 exhausted all cases without a match\n    at c:\\Users\\agust\\.vscode\\extensions\\uqbar.wollok-lsp-ide-0.5.3\\out\\server\\src\\server.js:38:6142\n    at D2 (c:\\Users\\agust\\.vscode\\extensions\\uqbar.wollok-lsp-ide-0.5.3\\out\\server\\src\\server.js:2384:42)\n    at Qh (c:\\Users\\agust\\.vscode\\extensions\\uqbar.wollok-lsp-ide-0.5.3\\out\\server\\src\\server.js:2384:1092)\n    at D2 (c:\\Users\\agust\\.vscode\\extensions\\uqbar.wollok-lsp-ide-0.5.3\\out\\server\\src\\server.js:2384:544)\n    at c:\\Users\\agust\\.vscode\\extensions\\uqbar.wollok-lsp-ide-0.5.3\\out\\server\\src\\server.js:2384:2988\n    at c:\\Users\\agust\\.vscode\\extensions\\uqbar.wollok-lsp-ide-0.5.3\\out\\server\\src\\server.js:2393:8440\n    at c:\\Users\\agust\\.vscode\\extensions\\uqbar.wollok-lsp-ide-0.5.3\\out\\server\\src\\server.js:37:74872\n    at Ye (c:\\Users\\agust\\.vscode\\extensions\\uqbar.wollok-lsp-ide-0.5.3\\out\\server\\src\\server.js:7:8527)\n    at qt (c:\\Users\\agust\\.vscode\\extensions\\uqbar.wollok-lsp-ide-0.5.3\\out\\server\\src\\server.js:7:6189)\n    at ot (c:\\Users\\agust\\.vscode\\extensions\\uqbar.wollok-lsp-ide-0.5.3\\out\\server\\src\\server.js:7:6378)","timestamp":"2025-09-13T14:07:20.924Z"}
{"level":"error","message":"✘ Completions for node If ([25:5, 30:6] - example.wlk) failed: Error: [If]{027ab3} at example.wlk:25 exhausted all cases without a match [If]{027ab3} at example.wlk:25 exhausted all cases without a match","stack":"Error: [If]{027ab3} at example.wlk:25 exhausted all cases without a match\n    at c:\\Users\\agust\\.vscode\\extensions\\uqbar.wollok-lsp-ide-0.5.3\\out\\server\\src\\server.js:38:6142\n    at D2 (c:\\Users\\agust\\.vscode\\extensions\\uqbar.wollok-lsp-ide-0.5.3\\out\\server\\src\\server.js:2384:42)\n    at Qh (c:\\Users\\agust\\.vscode\\extensions\\uqbar.wollok-lsp-ide-0.5.3\\out\\server\\src\\server.js:2384:1092)\n    at v6n (c:\\Users\\agust\\.vscode\\extensions\\uqbar.wollok-lsp-ide-0.5.3\\out\\server\\src\\server.js:2384:818)\n    at c:\\Users\\agust\\.vscode\\extensions\\uqbar.wollok-lsp-ide-0.5.3\\out\\server\\src\\server.js:38:6131\n    at D2 (c:\\Users\\agust\\.vscode\\extensions\\uqbar.wollok-lsp-ide-0.5.3\\out\\server\\src\\server.js:2384:42)\n    at Qh (c:\\Users\\agust\\.vscode\\extensions\\uqbar.wollok-lsp-ide-0.5.3\\out\\server\\src\\server.js:2384:1092)\n    at D2 (c:\\Users\\agust\\.vscode\\extensions\\uqbar.wollok-lsp-ide-0.5.3\\out\\server\\src\\server.js:2384:544)\n    at Qh (c:\\Users\\agust\\.vscode\\extensions\\uqbar.wollok-lsp-ide-0.5.3\\out\\server\\src\\server.js:2384:1092)\n    at D2 (c:\\Users\\agust\\.vscode\\extensions\\uqbar.wollok-lsp-ide-0.5.3\\out\\server\\src\\server.js:2384:544)","timestamp":"2025-09-13T14:07:20.924Z"}
{"exitCode":"SIGHUP","level":"info","message":"👾 Game executed pgmProgram.pacmanGame on c:\\Users\\agust\\Desktop\\Desarrollo\\Universidad\\Programacion con Objetos 1\\pacmanbasicgame-agusalfonsoun\\pacman-13-09-25","timeElapsed":58313,"timestamp":"2025-09-13T14:07:43.483Z"}
{"level":"info","message":"🚀 Program executed \u001b[3m\u001b[34mpgmProgram.pacmanGame\u001b[39m\u001b[23m on \u001b[3m\u001b[34mc:\\Users\\agust\\Desktop\\Desarrollo\\Universidad\\Programacion con Objetos 1\\pacmanbasicgame-agusalfonsoun\\pacman-13-09-25\u001b[39m\u001b[23m","ok":true,"timeElapsed":237,"timestamp":"2025-09-13T14:07:44.663Z"}
{"exitCode":"SIGHUP","level":"info","message":"👾 Game executed pgmProgram.pacmanGame on c:\\Users\\agust\\Desktop\\Desarrollo\\Universidad\\Programacion con Objetos 1\\pacmanbasicgame-agusalfonsoun\\pacman-13-09-25","timeElapsed":98383,"timestamp":"2025-09-13T14:09:22.808Z"}
{"level":"info","message":"🚀 Program executed \u001b[3m\u001b[34mpgmProgram.pacmanGame\u001b[39m\u001b[23m on \u001b[3m\u001b[34mc:\\Users\\agust\\Desktop\\Desarrollo\\Universidad\\Programacion con Objetos 1\\pacmanbasicgame-agusalfonsoun\\pacman-13-09-25\u001b[39m\u001b[23m","ok":true,"timeElapsed":264,"timestamp":"2025-09-13T14:09:24.184Z"}
{"level":"info","message":"⌛ Validating pgmProgram.wpgm","timeElapsed":107,"timestamp":"2025-09-13T14:09:32.611Z"}
{"exitCode":"SIGHUP","level":"info","message":"👾 Game executed pgmProgram.pacmanGame on c:\\Users\\agust\\Desktop\\Desarrollo\\Universidad\\Programacion con Objetos 1\\pacmanbasicgame-agusalfonsoun\\pacman-13-09-25","timeElapsed":12627,"timestamp":"2025-09-13T14:09:36.547Z"}
{"level":"info","message":"🚀 Program executed \u001b[3m\u001b[34mpgmProgram.pacmanGame\u001b[39m\u001b[23m on \u001b[3m\u001b[34mc:\\Users\\agust\\Desktop\\Desarrollo\\Universidad\\Programacion con Objetos 1\\pacmanbasicgame-agusalfonsoun\\pacman-13-09-25\u001b[39m\u001b[23m","ok":true,"timeElapsed":244,"timestamp":"2025-09-13T14:09:37.870Z"}
{"exitCode":0,"level":"info","message":"👾 Game executed pgmProgram.pacmanGame on c:\\Users\\agust\\Desktop\\Desarrollo\\Universidad\\Programacion con Objetos 1\\pacmanbasicgame-agusalfonsoun\\pacman-13-09-25","timeElapsed":16452,"timestamp":"2025-09-13T14:09:54.078Z"}
{"level":"info","message":"🚀 Program executed \u001b[3m\u001b[34mpgmProgram.pacmanGame\u001b[39m\u001b[23m on \u001b[3m\u001b[34mc:\\Users\\agust\\Desktop\\Desarrollo\\Universidad\\Programacion con Objetos 1\\pacmanbasicgame-agusalfonsoun\\pacman-13-09-25\u001b[39m\u001b[23m","ok":true,"timeElapsed":246,"timestamp":"2025-09-13T14:10:07.518Z"}
{"level":"error","message":"✘ Completions for node Send ([26:3, 39:32] - pgmProgram.wpgm) failed: Error: [Send]{8524b5} at pgmProgram.wpgm:26 exhausted all cases without a match [Send]{8524b5} at pgmProgram.wpgm:26 exhausted all cases without a match","stack":"Error: [Send]{8524b5} at pgmProgram.wpgm:26 exhausted all cases without a match\n    at c:\\Users\\agust\\.vscode\\extensions\\uqbar.wollok-lsp-ide-0.5.3\\out\\server\\src\\server.js:38:6142\n    at D2 (c:\\Users\\agust\\.vscode\\extensions\\uqbar.wollok-lsp-ide-0.5.3\\out\\server\\src\\server.js:2384:42)\n    at Qh (c:\\Users\\agust\\.vscode\\extensions\\uqbar.wollok-lsp-ide-0.5.3\\out\\server\\src\\server.js:2384:1092)\n    at k6n (c:\\Users\\agust\\.vscode\\extensions\\uqbar.wollok-lsp-ide-0.5.3\\out\\server\\src\\server.js:2384:1248)\n    at c:\\Users\\agust\\.vscode\\extensions\\uqbar.wollok-lsp-ide-0.5.3\\out\\server\\src\\server.js:38:6131\n    at D2 (c:\\Users\\agust\\.vscode\\extensions\\uqbar.wollok-lsp-ide-0.5.3\\out\\server\\src\\server.js:2384:42)\n    at c:\\Users\\agust\\.vscode\\extensions\\uqbar.wollok-lsp-ide-0.5.3\\out\\server\\src\\server.js:2384:2988\n    at c:\\Users\\agust\\.vscode\\extensions\\uqbar.wollok-lsp-ide-0.5.3\\out\\server\\src\\server.js:2393:8440\n    at c:\\Users\\agust\\.vscode\\extensions\\uqbar.wollok-lsp-ide-0.5.3\\out\\server\\src\\server.js:37:74872\n    at Ye (c:\\Users\\agust\\.vscode\\extensions\\uqbar.wollok-lsp-ide-0.5.3\\out\\server\\src\\server.js:7:8527)","timestamp":"2025-09-13T14:30:10.204Z"}
{"level":"error","message":"✘ Completions for node Send ([26:3, 39:34] - pgmProgram.wpgm) failed: Error: [Send]{536501} at pgmProgram.wpgm:26 exhausted all cases without a match [Send]{536501} at pgmProgram.wpgm:26 exhausted all cases without a match","stack":"Error: [Send]{536501} at pgmProgram.wpgm:26 exhausted all cases without a match\n    at c:\\Users\\agust\\.vscode\\extensions\\uqbar.wollok-lsp-ide-0.5.3\\out\\server\\src\\server.js:38:6142\n    at D2 (c:\\Users\\agust\\.vscode\\extensions\\uqbar.wollok-lsp-ide-0.5.3\\out\\server\\src\\server.js:2384:42)\n    at Qh (c:\\Users\\agust\\.vscode\\extensions\\uqbar.wollok-lsp-ide-0.5.3\\out\\server\\src\\server.js:2384:1092)\n    at k6n (c:\\Users\\agust\\.vscode\\extensions\\uqbar.wollok-lsp-ide-0.5.3\\out\\server\\src\\server.js:2384:1248)\n    at c:\\Users\\agust\\.vscode\\extensions\\uqbar.wollok-lsp-ide-0.5.3\\out\\server\\src\\server.js:38:6131\n    at D2 (c:\\Users\\agust\\.vscode\\extensions\\uqbar.wollok-lsp-ide-0.5.3\\out\\server\\src\\server.js:2384:42)\n    at c:\\Users\\agust\\.vscode\\extensions\\uqbar.wollok-lsp-ide-0.5.3\\out\\server\\src\\server.js:2384:2988\n    at c:\\Users\\agust\\.vscode\\extensions\\uqbar.wollok-lsp-ide-0.5.3\\out\\server\\src\\server.js:2393:8440\n    at c:\\Users\\agust\\.vscode\\extensions\\uqbar.wollok-lsp-ide-0.5.3\\out\\server\\src\\server.js:37:74872\n    at Ye (c:\\Users\\agust\\.vscode\\extensions\\uqbar.wollok-lsp-ide-0.5.3\\out\\server\\src\\server.js:7:8527)","timestamp":"2025-09-13T14:30:10.436Z"}
{"level":"error","message":"✘ Completions for node Send ([26:3, 39:36] - pgmProgram.wpgm) failed: Error: [Send]{d513bb} at pgmProgram.wpgm:26 exhausted all cases without a match [Send]{d513bb} at pgmProgram.wpgm:26 exhausted all cases without a match","stack":"Error: [Send]{d513bb} at pgmProgram.wpgm:26 exhausted all cases without a match\n    at c:\\Users\\agust\\.vscode\\extensions\\uqbar.wollok-lsp-ide-0.5.3\\out\\server\\src\\server.js:38:6142\n    at D2 (c:\\Users\\agust\\.vscode\\extensions\\uqbar.wollok-lsp-ide-0.5.3\\out\\server\\src\\server.js:2384:42)\n    at Qh (c:\\Users\\agust\\.vscode\\extensions\\uqbar.wollok-lsp-ide-0.5.3\\out\\server\\src\\server.js:2384:1092)\n    at k6n (c:\\Users\\agust\\.vscode\\extensions\\uqbar.wollok-lsp-ide-0.5.3\\out\\server\\src\\server.js:2384:1248)\n    at c:\\Users\\agust\\.vscode\\extensions\\uqbar.wollok-lsp-ide-0.5.3\\out\\server\\src\\server.js:38:6131\n    at D2 (c:\\Users\\agust\\.vscode\\extensions\\uqbar.wollok-lsp-ide-0.5.3\\out\\server\\src\\server.js:2384:42)\n    at c:\\Users\\agust\\.vscode\\extensions\\uqbar.wollok-lsp-ide-0.5.3\\out\\server\\src\\server.js:2384:2988\n    at c:\\Users\\agust\\.vscode\\extensions\\uqbar.wollok-lsp-ide-0.5.3\\out\\server\\src\\server.js:2393:8440\n    at c:\\Users\\agust\\.vscode\\extensions\\uqbar.wollok-lsp-ide-0.5.3\\out\\server\\src\\server.js:37:74872\n    at Ye (c:\\Users\\agust\\.vscode\\extensions\\uqbar.wollok-lsp-ide-0.5.3\\out\\server\\src\\server.js:7:8527)","timestamp":"2025-09-13T14:30:10.688Z"}
{"level":"error","message":"✘ Completions for node Send ([26:3, 39:38] - pgmProgram.wpgm) failed: Error: [Send]{dbceea} at pgmProgram.wpgm:26 exhausted all cases without a match [Send]{dbceea} at pgmProgram.wpgm:26 exhausted all cases without a match","stack":"Error: [Send]{dbceea} at pgmProgram.wpgm:26 exhausted all cases without a match\n    at c:\\Users\\agust\\.vscode\\extensions\\uqbar.wollok-lsp-ide-0.5.3\\out\\server\\src\\server.js:38:6142\n    at D2 (c:\\Users\\agust\\.vscode\\extensions\\uqbar.wollok-lsp-ide-0.5.3\\out\\server\\src\\server.js:2384:42)\n    at Qh (c:\\Users\\agust\\.vscode\\extensions\\uqbar.wollok-lsp-ide-0.5.3\\out\\server\\src\\server.js:2384:1092)\n    at k6n (c:\\Users\\agust\\.vscode\\extensions\\uqbar.wollok-lsp-ide-0.5.3\\out\\server\\src\\server.js:2384:1248)\n    at c:\\Users\\agust\\.vscode\\extensions\\uqbar.wollok-lsp-ide-0.5.3\\out\\server\\src\\server.js:38:6131\n    at D2 (c:\\Users\\agust\\.vscode\\extensions\\uqbar.wollok-lsp-ide-0.5.3\\out\\server\\src\\server.js:2384:42)\n    at c:\\Users\\agust\\.vscode\\extensions\\uqbar.wollok-lsp-ide-0.5.3\\out\\server\\src\\server.js:2384:2988\n    at c:\\Users\\agust\\.vscode\\extensions\\uqbar.wollok-lsp-ide-0.5.3\\out\\server\\src\\server.js:2393:8440\n    at c:\\Users\\agust\\.vscode\\extensions\\uqbar.wollok-lsp-ide-0.5.3\\out\\server\\src\\server.js:37:74872\n    at Ye (c:\\Users\\agust\\.vscode\\extensions\\uqbar.wollok-lsp-ide-0.5.3\\out\\server\\src\\server.js:7:8527)","timestamp":"2025-09-13T14:30:10.927Z"}
{"level":"error","message":"✘ Completions for node Send ([26:3, 39:38] - pgmProgram.wpgm) failed: Error: [Send]{751ef3} at pgmProgram.wpgm:26 exhausted all cases without a match [Send]{751ef3} at pgmProgram.wpgm:26 exhausted all cases without a match","stack":"Error: [Send]{751ef3} at pgmProgram.wpgm:26 exhausted all cases without a match\n    at c:\\Users\\agust\\.vscode\\extensions\\uqbar.wollok-lsp-ide-0.5.3\\out\\server\\src\\server.js:38:6142\n    at D2 (c:\\Users\\agust\\.vscode\\extensions\\uqbar.wollok-lsp-ide-0.5.3\\out\\server\\src\\server.js:2384:42)\n    at Qh (c:\\Users\\agust\\.vscode\\extensions\\uqbar.wollok-lsp-ide-0.5.3\\out\\server\\src\\server.js:2384:1092)\n    at k6n (c:\\Users\\agust\\.vscode\\extensions\\uqbar.wollok-lsp-ide-0.5.3\\out\\server\\src\\server.js:2384:1248)\n    at c:\\Users\\agust\\.vscode\\extensions\\uqbar.wollok-lsp-ide-0.5.3\\out\\server\\src\\server.js:38:6131\n    at D2 (c:\\Users\\agust\\.vscode\\extensions\\uqbar.wollok-lsp-ide-0.5.3\\out\\server\\src\\server.js:2384:42)\n    at c:\\Users\\agust\\.vscode\\extensions\\uqbar.wollok-lsp-ide-0.5.3\\out\\server\\src\\server.js:2384:2988\n    at c:\\Users\\agust\\.vscode\\extensions\\uqbar.wollok-lsp-ide-0.5.3\\out\\server\\src\\server.js:2393:8440\n    at c:\\Users\\agust\\.vscode\\extensions\\uqbar.wollok-lsp-ide-0.5.3\\out\\server\\src\\server.js:37:74872\n    at Ye (c:\\Users\\agust\\.vscode\\extensions\\uqbar.wollok-lsp-ide-0.5.3\\out\\server\\src\\server.js:7:8527)","timestamp":"2025-09-13T14:30:13.631Z"}
{"level":"error","message":"✘ Completions for node Send ([26:3, 39:38] - pgmProgram.wpgm) failed: Error: [Send]{f7b596} at pgmProgram.wpgm:26 exhausted all cases without a match [Send]{f7b596} at pgmProgram.wpgm:26 exhausted all cases without a match","stack":"Error: [Send]{f7b596} at pgmProgram.wpgm:26 exhausted all cases without a match\n    at c:\\Users\\agust\\.vscode\\extensions\\uqbar.wollok-lsp-ide-0.5.3\\out\\server\\src\\server.js:38:6142\n    at D2 (c:\\Users\\agust\\.vscode\\extensions\\uqbar.wollok-lsp-ide-0.5.3\\out\\server\\src\\server.js:2384:42)\n    at Qh (c:\\Users\\agust\\.vscode\\extensions\\uqbar.wollok-lsp-ide-0.5.3\\out\\server\\src\\server.js:2384:1092)\n    at k6n (c:\\Users\\agust\\.vscode\\extensions\\uqbar.wollok-lsp-ide-0.5.3\\out\\server\\src\\server.js:2384:1248)\n    at c:\\Users\\agust\\.vscode\\extensions\\uqbar.wollok-lsp-ide-0.5.3\\out\\server\\src\\server.js:38:6131\n    at D2 (c:\\Users\\agust\\.vscode\\extensions\\uqbar.wollok-lsp-ide-0.5.3\\out\\server\\src\\server.js:2384:42)\n    at c:\\Users\\agust\\.vscode\\extensions\\uqbar.wollok-lsp-ide-0.5.3\\out\\server\\src\\server.js:2384:2988\n    at c:\\Users\\agust\\.vscode\\extensions\\uqbar.wollok-lsp-ide-0.5.3\\out\\server\\src\\server.js:2393:8440\n    at c:\\Users\\agust\\.vscode\\extensions\\uqbar.wollok-lsp-ide-0.5.3\\out\\server\\src\\server.js:37:74872\n    at Ye (c:\\Users\\agust\\.vscode\\extensions\\uqbar.wollok-lsp-ide-0.5.3\\out\\server\\src\\server.js:7:8527)","timestamp":"2025-09-13T14:30:14.513Z"}
{"level":"error","message":"✘ Completions for node Send ([26:3, 39:40] - pgmProgram.wpgm) failed: Error: [Send]{19281a} at pgmProgram.wpgm:26 exhausted all cases without a match [Send]{19281a} at pgmProgram.wpgm:26 exhausted all cases without a match","stack":"Error: [Send]{19281a} at pgmProgram.wpgm:26 exhausted all cases without a match\n    at c:\\Users\\agust\\.vscode\\extensions\\uqbar.wollok-lsp-ide-0.5.3\\out\\server\\src\\server.js:38:6142\n    at D2 (c:\\Users\\agust\\.vscode\\extensions\\uqbar.wollok-lsp-ide-0.5.3\\out\\server\\src\\server.js:2384:42)\n    at Qh (c:\\Users\\agust\\.vscode\\extensions\\uqbar.wollok-lsp-ide-0.5.3\\out\\server\\src\\server.js:2384:1092)\n    at k6n (c:\\Users\\agust\\.vscode\\extensions\\uqbar.wollok-lsp-ide-0.5.3\\out\\server\\src\\server.js:2384:1248)\n    at c:\\Users\\agust\\.vscode\\extensions\\uqbar.wollok-lsp-ide-0.5.3\\out\\server\\src\\server.js:38:6131\n    at D2 (c:\\Users\\agust\\.vscode\\extensions\\uqbar.wollok-lsp-ide-0.5.3\\out\\server\\src\\server.js:2384:42)\n    at c:\\Users\\agust\\.vscode\\extensions\\uqbar.wollok-lsp-ide-0.5.3\\out\\server\\src\\server.js:2384:2988\n    at c:\\Users\\agust\\.vscode\\extensions\\uqbar.wollok-lsp-ide-0.5.3\\out\\server\\src\\server.js:2393:8440\n    at c:\\Users\\agust\\.vscode\\extensions\\uqbar.wollok-lsp-ide-0.5.3\\out\\server\\src\\server.js:37:74872\n    at Ye (c:\\Users\\agust\\.vscode\\extensions\\uqbar.wollok-lsp-ide-0.5.3\\out\\server\\src\\server.js:7:8527)","timestamp":"2025-09-13T14:30:14.922Z"}
{"level":"error","message":"✘ Completions for node Send ([26:3, 39:41] - pgmProgram.wpgm) failed: Error: [Send]{c93ace} at pgmProgram.wpgm:26 exhausted all cases without a match [Send]{c93ace} at pgmProgram.wpgm:26 exhausted all cases without a match","stack":"Error: [Send]{c93ace} at pgmProgram.wpgm:26 exhausted all cases without a match\n    at c:\\Users\\agust\\.vscode\\extensions\\uqbar.wollok-lsp-ide-0.5.3\\out\\server\\src\\server.js:38:6142\n    at D2 (c:\\Users\\agust\\.vscode\\extensions\\uqbar.wollok-lsp-ide-0.5.3\\out\\server\\src\\server.js:2384:42)\n    at Qh (c:\\Users\\agust\\.vscode\\extensions\\uqbar.wollok-lsp-ide-0.5.3\\out\\server\\src\\server.js:2384:1092)\n    at k6n (c:\\Users\\agust\\.vscode\\extensions\\uqbar.wollok-lsp-ide-0.5.3\\out\\server\\src\\server.js:2384:1248)\n    at c:\\Users\\agust\\.vscode\\extensions\\uqbar.wollok-lsp-ide-0.5.3\\out\\server\\src\\server.js:38:6131\n    at D2 (c:\\Users\\agust\\.vscode\\extensions\\uqbar.wollok-lsp-ide-0.5.3\\out\\server\\src\\server.js:2384:42)\n    at c:\\Users\\agust\\.vscode\\extensions\\uqbar.wollok-lsp-ide-0.5.3\\out\\server\\src\\server.js:2384:2988\n    at c:\\Users\\agust\\.vscode\\extensions\\uqbar.wollok-lsp-ide-0.5.3\\out\\server\\src\\server.js:2393:8440\n    at c:\\Users\\agust\\.vscode\\extensions\\uqbar.wollok-lsp-ide-0.5.3\\out\\server\\src\\server.js:37:74872\n    at Ye (c:\\Users\\agust\\.vscode\\extensions\\uqbar.wollok-lsp-ide-0.5.3\\out\\server\\src\\server.js:7:8527)","timestamp":"2025-09-13T14:30:15.092Z"}
{"level":"error","message":"✘ Completions for node Send ([26:3, 39:42] - pgmProgram.wpgm) failed: Error: [Send]{ad810b} at pgmProgram.wpgm:26 exhausted all cases without a match [Send]{ad810b} at pgmProgram.wpgm:26 exhausted all cases without a match","stack":"Error: [Send]{ad810b} at pgmProgram.wpgm:26 exhausted all cases without a match\n    at c:\\Users\\agust\\.vscode\\extensions\\uqbar.wollok-lsp-ide-0.5.3\\out\\server\\src\\server.js:38:6142\n    at D2 (c:\\Users\\agust\\.vscode\\extensions\\uqbar.wollok-lsp-ide-0.5.3\\out\\server\\src\\server.js:2384:42)\n    at Qh (c:\\Users\\agust\\.vscode\\extensions\\uqbar.wollok-lsp-ide-0.5.3\\out\\server\\src\\server.js:2384:1092)\n    at k6n (c:\\Users\\agust\\.vscode\\extensions\\uqbar.wollok-lsp-ide-0.5.3\\out\\server\\src\\server.js:2384:1248)\n    at c:\\Users\\agust\\.vscode\\extensions\\uqbar.wollok-lsp-ide-0.5.3\\out\\server\\src\\server.js:38:6131\n    at D2 (c:\\Users\\agust\\.vscode\\extensions\\uqbar.wollok-lsp-ide-0.5.3\\out\\server\\src\\server.js:2384:42)\n    at c:\\Users\\agust\\.vscode\\extensions\\uqbar.wollok-lsp-ide-0.5.3\\out\\server\\src\\server.js:2384:2988\n    at c:\\Users\\agust\\.vscode\\extensions\\uqbar.wollok-lsp-ide-0.5.3\\out\\server\\src\\server.js:2393:8440\n    at c:\\Users\\agust\\.vscode\\extensions\\uqbar.wollok-lsp-ide-0.5.3\\out\\server\\src\\server.js:37:74872\n    at Ye (c:\\Users\\agust\\.vscode\\extensions\\uqbar.wollok-lsp-ide-0.5.3\\out\\server\\src\\server.js:7:8527)","timestamp":"2025-09-13T14:30:15.278Z"}
{"level":"error","message":"✘ Completions for node Send ([26:3, 39:43] - pgmProgram.wpgm) failed: Error: [Send]{1275bc} at pgmProgram.wpgm:26 exhausted all cases without a match [Send]{1275bc} at pgmProgram.wpgm:26 exhausted all cases without a match","stack":"Error: [Send]{1275bc} at pgmProgram.wpgm:26 exhausted all cases without a match\n    at c:\\Users\\agust\\.vscode\\extensions\\uqbar.wollok-lsp-ide-0.5.3\\out\\server\\src\\server.js:38:6142\n    at D2 (c:\\Users\\agust\\.vscode\\extensions\\uqbar.wollok-lsp-ide-0.5.3\\out\\server\\src\\server.js:2384:42)\n    at Qh (c:\\Users\\agust\\.vscode\\extensions\\uqbar.wollok-lsp-ide-0.5.3\\out\\server\\src\\server.js:2384:1092)\n    at k6n (c:\\Users\\agust\\.vscode\\extensions\\uqbar.wollok-lsp-ide-0.5.3\\out\\server\\src\\server.js:2384:1248)\n    at c:\\Users\\agust\\.vscode\\extensions\\uqbar.wollok-lsp-ide-0.5.3\\out\\server\\src\\server.js:38:6131\n    at D2 (c:\\Users\\agust\\.vscode\\extensions\\uqbar.wollok-lsp-ide-0.5.3\\out\\server\\src\\server.js:2384:42)\n    at c:\\Users\\agust\\.vscode\\extensions\\uqbar.wollok-lsp-ide-0.5.3\\out\\server\\src\\server.js:2384:2988\n    at c:\\Users\\agust\\.vscode\\extensions\\uqbar.wollok-lsp-ide-0.5.3\\out\\server\\src\\server.js:2393:8440\n    at c:\\Users\\agust\\.vscode\\extensions\\uqbar.wollok-lsp-ide-0.5.3\\out\\server\\src\\server.js:37:74872\n    at Ye (c:\\Users\\agust\\.vscode\\extensions\\uqbar.wollok-lsp-ide-0.5.3\\out\\server\\src\\server.js:7:8527)","timestamp":"2025-09-13T14:30:15.441Z"}
{"level":"error","message":"✘ Completions for node Return (undefined - pgmProgram.wpgm) failed: Error: [Return]{f8b85b} at pgmProgram.wpgm:-- exhausted all cases without a match [Return]{f8b85b} at pgmProgram.wpgm:-- exhausted all cases without a match","stack":"Error: [Return]{f8b85b} at pgmProgram.wpgm:-- exhausted all cases without a match\n    at c:\\Users\\agust\\.vscode\\extensions\\uqbar.wollok-lsp-ide-0.5.3\\out\\server\\src\\server.js:38:6142\n    at D2 (c:\\Users\\agust\\.vscode\\extensions\\uqbar.wollok-lsp-ide-0.5.3\\out\\server\\src\\server.js:2384:42)\n    at Qh (c:\\Users\\agust\\.vscode\\extensions\\uqbar.wollok-lsp-ide-0.5.3\\out\\server\\src\\server.js:2384:1092)\n    at k6n (c:\\Users\\agust\\.vscode\\extensions\\uqbar.wollok-lsp-ide-0.5.3\\out\\server\\src\\server.js:2384:1248)\n    at c:\\Users\\agust\\.vscode\\extensions\\uqbar.wollok-lsp-ide-0.5.3\\out\\server\\src\\server.js:38:6131\n    at D2 (c:\\Users\\agust\\.vscode\\extensions\\uqbar.wollok-lsp-ide-0.5.3\\out\\server\\src\\server.js:2384:42)\n    at c:\\Users\\agust\\.vscode\\extensions\\uqbar.wollok-lsp-ide-0.5.3\\out\\server\\src\\server.js:2384:2988\n    at c:\\Users\\agust\\.vscode\\extensions\\uqbar.wollok-lsp-ide-0.5.3\\out\\server\\src\\server.js:2393:8440\n    at c:\\Users\\agust\\.vscode\\extensions\\uqbar.wollok-lsp-ide-0.5.3\\out\\server\\src\\server.js:37:74872\n    at Ye (c:\\Users\\agust\\.vscode\\extensions\\uqbar.wollok-lsp-ide-0.5.3\\out\\server\\src\\server.js:7:8527)","timestamp":"2025-09-13T14:30:22.972Z"}
{"level":"error","message":"✘ Completions for node Return (undefined - pgmProgram.wpgm) failed: Error: [Return]{61cfe7} at pgmProgram.wpgm:-- exhausted all cases without a match [Return]{61cfe7} at pgmProgram.wpgm:-- exhausted all cases without a match","stack":"Error: [Return]{61cfe7} at pgmProgram.wpgm:-- exhausted all cases without a match\n    at c:\\Users\\agust\\.vscode\\extensions\\uqbar.wollok-lsp-ide-0.5.3\\out\\server\\src\\server.js:38:6142\n    at D2 (c:\\Users\\agust\\.vscode\\extensions\\uqbar.wollok-lsp-ide-0.5.3\\out\\server\\src\\server.js:2384:42)\n    at Qh (c:\\Users\\agust\\.vscode\\extensions\\uqbar.wollok-lsp-ide-0.5.3\\out\\server\\src\\server.js:2384:1092)\n    at k6n (c:\\Users\\agust\\.vscode\\extensions\\uqbar.wollok-lsp-ide-0.5.3\\out\\server\\src\\server.js:2384:1248)\n    at c:\\Users\\agust\\.vscode\\extensions\\uqbar.wollok-lsp-ide-0.5.3\\out\\server\\src\\server.js:38:6131\n    at D2 (c:\\Users\\agust\\.vscode\\extensions\\uqbar.wollok-lsp-ide-0.5.3\\out\\server\\src\\server.js:2384:42)\n    at c:\\Users\\agust\\.vscode\\extensions\\uqbar.wollok-lsp-ide-0.5.3\\out\\server\\src\\server.js:2384:2988\n    at c:\\Users\\agust\\.vscode\\extensions\\uqbar.wollok-lsp-ide-0.5.3\\out\\server\\src\\server.js:2393:8440\n    at c:\\Users\\agust\\.vscode\\extensions\\uqbar.wollok-lsp-ide-0.5.3\\out\\server\\src\\server.js:37:74872\n    at Ye (c:\\Users\\agust\\.vscode\\extensions\\uqbar.wollok-lsp-ide-0.5.3\\out\\server\\src\\server.js:7:8527)","timestamp":"2025-09-13T14:30:23.344Z"}
{"level":"error","message":"✘ Completions for node Return (undefined - pgmProgram.wpgm) failed: Error: [Return]{47c21f} at pgmProgram.wpgm:-- exhausted all cases without a match [Return]{47c21f} at pgmProgram.wpgm:-- exhausted all cases without a match","stack":"Error: [Return]{47c21f} at pgmProgram.wpgm:-- exhausted all cases without a match\n    at c:\\Users\\agust\\.vscode\\extensions\\uqbar.wollok-lsp-ide-0.5.3\\out\\server\\src\\server.js:38:6142\n    at D2 (c:\\Users\\agust\\.vscode\\extensions\\uqbar.wollok-lsp-ide-0.5.3\\out\\server\\src\\server.js:2384:42)\n    at Qh (c:\\Users\\agust\\.vscode\\extensions\\uqbar.wollok-lsp-ide-0.5.3\\out\\server\\src\\server.js:2384:1092)\n    at k6n (c:\\Users\\agust\\.vscode\\extensions\\uqbar.wollok-lsp-ide-0.5.3\\out\\server\\src\\server.js:2384:1248)\n    at c:\\Users\\agust\\.vscode\\extensions\\uqbar.wollok-lsp-ide-0.5.3\\out\\server\\src\\server.js:38:6131\n    at D2 (c:\\Users\\agust\\.vscode\\extensions\\uqbar.wollok-lsp-ide-0.5.3\\out\\server\\src\\server.js:2384:42)\n    at c:\\Users\\agust\\.vscode\\extensions\\uqbar.wollok-lsp-ide-0.5.3\\out\\server\\src\\server.js:2384:2988\n    at c:\\Users\\agust\\.vscode\\extensions\\uqbar.wollok-lsp-ide-0.5.3\\out\\server\\src\\server.js:2393:8440\n    at c:\\Users\\agust\\.vscode\\extensions\\uqbar.wollok-lsp-ide-0.5.3\\out\\server\\src\\server.js:37:74872\n    at Ye (c:\\Users\\agust\\.vscode\\extensions\\uqbar.wollok-lsp-ide-0.5.3\\out\\server\\src\\server.js:7:8527)","timestamp":"2025-09-13T14:30:24.174Z"}
{"level":"error","message":"✘ Completions for node Return (undefined - pgmProgram.wpgm) failed: Error: [Return]{e02271} at pgmProgram.wpgm:-- exhausted all cases without a match [Return]{e02271} at pgmProgram.wpgm:-- exhausted all cases without a match","stack":"Error: [Return]{e02271} at pgmProgram.wpgm:-- exhausted all cases without a match\n    at c:\\Users\\agust\\.vscode\\extensions\\uqbar.wollok-lsp-ide-0.5.3\\out\\server\\src\\server.js:38:6142\n    at D2 (c:\\Users\\agust\\.vscode\\extensions\\uqbar.wollok-lsp-ide-0.5.3\\out\\server\\src\\server.js:2384:42)\n    at Qh (c:\\Users\\agust\\.vscode\\extensions\\uqbar.wollok-lsp-ide-0.5.3\\out\\server\\src\\server.js:2384:1092)\n    at k6n (c:\\Users\\agust\\.vscode\\extensions\\uqbar.wollok-lsp-ide-0.5.3\\out\\server\\src\\server.js:2384:1248)\n    at c:\\Users\\agust\\.vscode\\extensions\\uqbar.wollok-lsp-ide-0.5.3\\out\\server\\src\\server.js:38:6131\n    at D2 (c:\\Users\\agust\\.vscode\\extensions\\uqbar.wollok-lsp-ide-0.5.3\\out\\server\\src\\server.js:2384:42)\n    at c:\\Users\\agust\\.vscode\\extensions\\uqbar.wollok-lsp-ide-0.5.3\\out\\server\\src\\server.js:2384:2988\n    at c:\\Users\\agust\\.vscode\\extensions\\uqbar.wollok-lsp-ide-0.5.3\\out\\server\\src\\server.js:2393:8440\n    at c:\\Users\\agust\\.vscode\\extensions\\uqbar.wollok-lsp-ide-0.5.3\\out\\server\\src\\server.js:37:74872\n    at Ye (c:\\Users\\agust\\.vscode\\extensions\\uqbar.wollok-lsp-ide-0.5.3\\out\\server\\src\\server.js:7:8527)","timestamp":"2025-09-13T14:30:24.415Z"}
{"level":"error","message":"✘ Completions for node Return (undefined - pgmProgram.wpgm) failed: Error: [Return]{0bf81f} at pgmProgram.wpgm:-- exhausted all cases without a match [Return]{0bf81f} at pgmProgram.wpgm:-- exhausted all cases without a match","stack":"Error: [Return]{0bf81f} at pgmProgram.wpgm:-- exhausted all cases without a match\n    at c:\\Users\\agust\\.vscode\\extensions\\uqbar.wollok-lsp-ide-0.5.3\\out\\server\\src\\server.js:38:6142\n    at D2 (c:\\Users\\agust\\.vscode\\extensions\\uqbar.wollok-lsp-ide-0.5.3\\out\\server\\src\\server.js:2384:42)\n    at Qh (c:\\Users\\agust\\.vscode\\extensions\\uqbar.wollok-lsp-ide-0.5.3\\out\\server\\src\\server.js:2384:1092)\n    at k6n (c:\\Users\\agust\\.vscode\\extensions\\uqbar.wollok-lsp-ide-0.5.3\\out\\server\\src\\server.js:2384:1248)\n    at c:\\Users\\agust\\.vscode\\extensions\\uqbar.wollok-lsp-ide-0.5.3\\out\\server\\src\\server.js:38:6131\n    at D2 (c:\\Users\\agust\\.vscode\\extensions\\uqbar.wollok-lsp-ide-0.5.3\\out\\server\\src\\server.js:2384:42)\n    at c:\\Users\\agust\\.vscode\\extensions\\uqbar.wollok-lsp-ide-0.5.3\\out\\server\\src\\server.js:2384:2988\n    at c:\\Users\\agust\\.vscode\\extensions\\uqbar.wollok-lsp-ide-0.5.3\\out\\server\\src\\server.js:2393:8440\n    at c:\\Users\\agust\\.vscode\\extensions\\uqbar.wollok-lsp-ide-0.5.3\\out\\server\\src\\server.js:37:74872\n    at Ye (c:\\Users\\agust\\.vscode\\extensions\\uqbar.wollok-lsp-ide-0.5.3\\out\\server\\src\\server.js:7:8527)","timestamp":"2025-09-13T14:30:27.170Z"}
{"level":"error","message":"✘ Completions for node Return (undefined - pgmProgram.wpgm) failed: Error: [Return]{a352b6} at pgmProgram.wpgm:-- exhausted all cases without a match [Return]{a352b6} at pgmProgram.wpgm:-- exhausted all cases without a match","stack":"Error: [Return]{a352b6} at pgmProgram.wpgm:-- exhausted all cases without a match\n    at c:\\Users\\agust\\.vscode\\extensions\\uqbar.wollok-lsp-ide-0.5.3\\out\\server\\src\\server.js:38:6142\n    at D2 (c:\\Users\\agust\\.vscode\\extensions\\uqbar.wollok-lsp-ide-0.5.3\\out\\server\\src\\server.js:2384:42)\n    at Qh (c:\\Users\\agust\\.vscode\\extensions\\uqbar.wollok-lsp-ide-0.5.3\\out\\server\\src\\server.js:2384:1092)\n    at k6n (c:\\Users\\agust\\.vscode\\extensions\\uqbar.wollok-lsp-ide-0.5.3\\out\\server\\src\\server.js:2384:1248)\n    at c:\\Users\\agust\\.vscode\\extensions\\uqbar.wollok-lsp-ide-0.5.3\\out\\server\\src\\server.js:38:6131\n    at D2 (c:\\Users\\agust\\.vscode\\extensions\\uqbar.wollok-lsp-ide-0.5.3\\out\\server\\src\\server.js:2384:42)\n    at c:\\Users\\agust\\.vscode\\extensions\\uqbar.wollok-lsp-ide-0.5.3\\out\\server\\src\\server.js:2384:2988\n    at c:\\Users\\agust\\.vscode\\extensions\\uqbar.wollok-lsp-ide-0.5.3\\out\\server\\src\\server.js:2393:8440\n    at c:\\Users\\agust\\.vscode\\extensions\\uqbar.wollok-lsp-ide-0.5.3\\out\\server\\src\\server.js:37:74872\n    at Ye (c:\\Users\\agust\\.vscode\\extensions\\uqbar.wollok-lsp-ide-0.5.3\\out\\server\\src\\server.js:7:8527)","timestamp":"2025-09-13T14:30:29.439Z"}
{"level":"error","message":"✘ Completions for node Send ([40:18, 40:39] - pgmProgram.wpgm) failed: Error: [Send]{4e2dd4} at pgmProgram.wpgm:40 exhausted all cases without a match [Send]{4e2dd4} at pgmProgram.wpgm:40 exhausted all cases without a match","stack":"Error: [Send]{4e2dd4} at pgmProgram.wpgm:40 exhausted all cases without a match\n    at c:\\Users\\agust\\.vscode\\extensions\\uqbar.wollok-lsp-ide-0.5.3\\out\\server\\src\\server.js:38:6142\n    at D2 (c:\\Users\\agust\\.vscode\\extensions\\uqbar.wollok-lsp-ide-0.5.3\\out\\server\\src\\server.js:2384:42)\n    at Qh (c:\\Users\\agust\\.vscode\\extensions\\uqbar.wollok-lsp-ide-0.5.3\\out\\server\\src\\server.js:2384:1092)\n    at k6n (c:\\Users\\agust\\.vscode\\extensions\\uqbar.wollok-lsp-ide-0.5.3\\out\\server\\src\\server.js:2384:1248)\n    at c:\\Users\\agust\\.vscode\\extensions\\uqbar.wollok-lsp-ide-0.5.3\\out\\server\\src\\server.js:38:6131\n    at D2 (c:\\Users\\agust\\.vscode\\extensions\\uqbar.wollok-lsp-ide-0.5.3\\out\\server\\src\\server.js:2384:42)\n    at c:\\Users\\agust\\.vscode\\extensions\\uqbar.wollok-lsp-ide-0.5.3\\out\\server\\src\\server.js:2384:2988\n    at c:\\Users\\agust\\.vscode\\extensions\\uqbar.wollok-lsp-ide-0.5.3\\out\\server\\src\\server.js:2393:8440\n    at c:\\Users\\agust\\.vscode\\extensions\\uqbar.wollok-lsp-ide-0.5.3\\out\\server\\src\\server.js:37:74872\n    at Ye (c:\\Users\\agust\\.vscode\\extensions\\uqbar.wollok-lsp-ide-0.5.3\\out\\server\\src\\server.js:7:8527)","timestamp":"2025-09-13T14:30:33.489Z"}
{"level":"error","message":"✘ Completions for node Return (undefined - pgmProgram.wpgm) failed: Error: [Return]{269809} at pgmProgram.wpgm:-- exhausted all cases without a match [Return]{269809} at pgmProgram.wpgm:-- exhausted all cases without a match","stack":"Error: [Return]{269809} at pgmProgram.wpgm:-- exhausted all cases without a match\n    at c:\\Users\\agust\\.vscode\\extensions\\uqbar.wollok-lsp-ide-0.5.3\\out\\server\\src\\server.js:38:6142\n    at D2 (c:\\Users\\agust\\.vscode\\extensions\\uqbar.wollok-lsp-ide-0.5.3\\out\\server\\src\\server.js:2384:42)\n    at Qh (c:\\Users\\agust\\.vscode\\extensions\\uqbar.wollok-lsp-ide-0.5.3\\out\\server\\src\\server.js:2384:1092)\n    at D2 (c:\\Users\\agust\\.vscode\\extensions\\uqbar.wollok-lsp-ide-0.5.3\\out\\server\\src\\server.js:2384:544)\n    at Qh (c:\\Users\\agust\\.vscode\\extensions\\uqbar.wollok-lsp-ide-0.5.3\\out\\server\\src\\server.js:2384:1092)\n    at k6n (c:\\Users\\agust\\.vscode\\extensions\\uqbar.wollok-lsp-ide-0.5.3\\out\\server\\src\\server.js:2384:1248)\n    at c:\\Users\\agust\\.vscode\\extensions\\uqbar.wollok-lsp-ide-0.5.3\\out\\server\\src\\server.js:38:6131\n    at D2 (c:\\Users\\agust\\.vscode\\extensions\\uqbar.wollok-lsp-ide-0.5.3\\out\\server\\src\\server.js:2384:42)\n    at c:\\Users\\agust\\.vscode\\extensions\\uqbar.wollok-lsp-ide-0.5.3\\out\\server\\src\\server.js:2384:2988\n    at c:\\Users\\agust\\.vscode\\extensions\\uqbar.wollok-lsp-ide-0.5.3\\out\\server\\src\\server.js:2393:8440","timestamp":"2025-09-13T14:30:33.489Z"}
{"errors":{"errors":[null,["/*\r","rivales.forEach { rival => \r","game.addVisual(rival)\r","game.whenCollideDo(rival, { personaje =>\r","personaje.perderVida()\r","game.say(pacman, \"Ups! Perdí una vida\")\r","if (personaje.juegoTerminado()) {\r","game.say(pacman, \"Se me terminaron las vidas!!!\")\r","game.onTick(5000, \"gameEnd\", { game.stop() })\r","}\r","})\r"]]},"level":"error","message":"✘ Failed to get type description: Error: {\n  \"errors\": [\n    null,\n    [\n      \"/*\\r\",\n      \"rivales.forEach { rival => \\r\",\n      \"game.addVisual(rival)\\r\",\n      \"game.whenCollideDo(rival, { personaje =>\\r\",\n      \"personaje.perderVida()\\r\",\n      \"game.say(pacman, \\\"Ups! Perdí una vida\\\")\\r\",\n      \"if (personaje.juegoTerminado()) {\\r\",\n      \"game.say(pacman, \\\"Se me terminaron las vidas!!!\\\")\\r\",\n      \"game.onTick(5000, \\\"gameEnd\\\", { game.stop() })\\r\",\n      \"}\\r\",\n      \"})\\r\"\n    ]\n  ]\n} {\n  \"errors\": [\n    null,\n    [\n      \"/*\\r\",\n      \"rivales.forEach { rival => \\r\",\n      \"game.addVisual(rival)\\r\",\n      \"game.whenCollideDo(rival, { personaje =>\\r\",\n      \"personaje.perderVida()\\r\",\n      \"game.say(pacman, \\\"Ups! Perdí una vida\\\")\\r\",\n      \"if (personaje.juegoTerminado()) {\\r\",\n      \"game.say(pacman, \\\"Se me terminaron las vidas!!!\\\")\\r\",\n      \"game.onTick(5000, \\\"gameEnd\\\", { game.stop() })\\r\",\n      \"}\\r\",\n      \"})\\r\"\n    ]\n  ]\n}","stack":"Error: {\n  \"errors\": [\n    null,\n    [\n      \"/*\\r\",\n      \"rivales.forEach { rival => \\r\",\n      \"game.addVisual(rival)\\r\",\n      \"game.whenCollideDo(rival, { personaje =>\\r\",\n      \"personaje.perderVida()\\r\",\n      \"game.say(pacman, \\\"Ups! Perdí una vida\\\")\\r\",\n      \"if (personaje.juegoTerminado()) {\\r\",\n      \"game.say(pacman, \\\"Se me terminaron las vidas!!!\\\")\\r\",\n      \"game.onTick(5000, \\\"gameEnd\\\", { game.stop() })\\r\",\n      \"}\\r\",\n      \"})\\r\"\n    ]\n  ]\n}\n    at aS (c:\\Users\\agust\\.vscode\\extensions\\uqbar.wollok-lsp-ide-0.5.3\\out\\server\\src\\server.js:64:34609)\n    at K1 (c:\\Users\\agust\\.vscode\\extensions\\uqbar.wollok-lsp-ide-0.5.3\\out\\server\\src\\server.js:64:34682)\n    at c:\\Users\\agust\\.vscode\\extensions\\uqbar.wollok-lsp-ide-0.5.3\\out\\server\\src\\server.js:64:37949\n    at o.g1 (c:\\Users\\agust\\.vscode\\extensions\\uqbar.wollok-lsp-ide-0.5.3\\out\\server\\src\\server.js:57:58803)\n    at c:\\Users\\agust\\.vscode\\extensions\\uqbar.wollok-lsp-ide-0.5.3\\out\\server\\src\\server.js:64:37918\n    at c:\\Users\\agust\\.vscode\\extensions\\uqbar.wollok-lsp-ide-0.5.3\\out\\server\\src\\server.js:57:56843\n    at Dfn (c:\\Users\\agust\\.vscode\\extensions\\uqbar.wollok-lsp-ide-0.5.3\\out\\server\\src\\server.js:68:11324)\n    at c:\\Users\\agust\\.vscode\\extensions\\uqbar.wollok-lsp-ide-0.5.3\\out\\server\\src\\server.js:68:3629\n    at r4 (c:\\Users\\agust\\.vscode\\extensions\\uqbar.wollok-lsp-ide-0.5.3\\out\\server\\src\\server.js:68:9866)\n    at c:\\Users\\agust\\.vscode\\extensions\\uqbar.wollok-lsp-ide-0.5.3\\out\\server\\src\\server.js:68:9628","timestamp":"2025-09-13T14:31:44.797Z"}
{"errors":{"errors":[null,["/*\r","rivales.forEach { rival => \r","game.addVisual(rival)\r","game.whenCollideDo(rival, { personaje =>\r","personaje.perderVida()\r","game.say(pacman, \"Ups! Perdí una vida\")\r","if (personaje.juegoTerminado()) {\r","game.say(pacman, \"Se me terminaron las vidas!!!\")\r","game.onTick(5000, \"gameEnd\", { game.stop() })\r","}\r","})\r"]]},"level":"error","message":"✘ Failed to get type description: Error: {\n  \"errors\": [\n    null,\n    [\n      \"/*\\r\",\n      \"rivales.forEach { rival => \\r\",\n      \"game.addVisual(rival)\\r\",\n      \"game.whenCollideDo(rival, { personaje =>\\r\",\n      \"personaje.perderVida()\\r\",\n      \"game.say(pacman, \\\"Ups! Perdí una vida\\\")\\r\",\n      \"if (personaje.juegoTerminado()) {\\r\",\n      \"game.say(pacman, \\\"Se me terminaron las vidas!!!\\\")\\r\",\n      \"game.onTick(5000, \\\"gameEnd\\\", { game.stop() })\\r\",\n      \"}\\r\",\n      \"})\\r\"\n    ]\n  ]\n} {\n  \"errors\": [\n    null,\n    [\n      \"/*\\r\",\n      \"rivales.forEach { rival => \\r\",\n      \"game.addVisual(rival)\\r\",\n      \"game.whenCollideDo(rival, { personaje =>\\r\",\n      \"personaje.perderVida()\\r\",\n      \"game.say(pacman, \\\"Ups! Perdí una vida\\\")\\r\",\n      \"if (personaje.juegoTerminado()) {\\r\",\n      \"game.say(pacman, \\\"Se me terminaron las vidas!!!\\\")\\r\",\n      \"game.onTick(5000, \\\"gameEnd\\\", { game.stop() })\\r\",\n      \"}\\r\",\n      \"})\\r\"\n    ]\n  ]\n}","stack":"Error: {\n  \"errors\": [\n    null,\n    [\n      \"/*\\r\",\n      \"rivales.forEach { rival => \\r\",\n      \"game.addVisual(rival)\\r\",\n      \"game.whenCollideDo(rival, { personaje =>\\r\",\n      \"personaje.perderVida()\\r\",\n      \"game.say(pacman, \\\"Ups! Perdí una vida\\\")\\r\",\n      \"if (personaje.juegoTerminado()) {\\r\",\n      \"game.say(pacman, \\\"Se me terminaron las vidas!!!\\\")\\r\",\n      \"game.onTick(5000, \\\"gameEnd\\\", { game.stop() })\\r\",\n      \"}\\r\",\n      \"})\\r\"\n    ]\n  ]\n}\n    at aS (c:\\Users\\agust\\.vscode\\extensions\\uqbar.wollok-lsp-ide-0.5.3\\out\\server\\src\\server.js:64:34609)\n    at K1 (c:\\Users\\agust\\.vscode\\extensions\\uqbar.wollok-lsp-ide-0.5.3\\out\\server\\src\\server.js:64:34682)\n    at c:\\Users\\agust\\.vscode\\extensions\\uqbar.wollok-lsp-ide-0.5.3\\out\\server\\src\\server.js:64:37949\n    at o.g1 (c:\\Users\\agust\\.vscode\\extensions\\uqbar.wollok-lsp-ide-0.5.3\\out\\server\\src\\server.js:57:58803)\n    at c:\\Users\\agust\\.vscode\\extensions\\uqbar.wollok-lsp-ide-0.5.3\\out\\server\\src\\server.js:64:37918\n    at c:\\Users\\agust\\.vscode\\extensions\\uqbar.wollok-lsp-ide-0.5.3\\out\\server\\src\\server.js:57:56843\n    at Dfn (c:\\Users\\agust\\.vscode\\extensions\\uqbar.wollok-lsp-ide-0.5.3\\out\\server\\src\\server.js:68:11324)\n    at c:\\Users\\agust\\.vscode\\extensions\\uqbar.wollok-lsp-ide-0.5.3\\out\\server\\src\\server.js:68:3629\n    at r4 (c:\\Users\\agust\\.vscode\\extensions\\uqbar.wollok-lsp-ide-0.5.3\\out\\server\\src\\server.js:68:9866)\n    at c:\\Users\\agust\\.vscode\\extensions\\uqbar.wollok-lsp-ide-0.5.3\\out\\server\\src\\server.js:68:9628","timestamp":"2025-09-13T14:31:45.991Z"}
{"exitCode":"SIGHUP","level":"info","message":"👾 Game executed pgmProgram.pacmanGame on c:\\Users\\agust\\Desktop\\Desarrollo\\Universidad\\Programacion con Objetos 1\\pacmanbasicgame-agusalfonsoun\\pacman-13-09-25","timeElapsed":1299556,"timestamp":"2025-09-13T14:31:46.828Z"}
{"level":"info","message":"🚀 Program executed \u001b[3m\u001b[34mpgmProgram.pacmanGame\u001b[39m\u001b[23m on \u001b[3m\u001b[34mc:\\Users\\agust\\Desktop\\Desarrollo\\Universidad\\Programacion con Objetos 1\\pacmanbasicgame-agusalfonsoun\\pacman-13-09-25\u001b[39m\u001b[23m","ok":true,"timeElapsed":251,"timestamp":"2025-09-13T14:31:48.160Z"}
{"errors":{"errors":[null,["/*\r","rivales.forEach { rival => \r","game.addVisual(rival)\r","game.whenCollideDo(rival, { personaje =>\r","personaje.perderVida()\r","game.say(pacman, \"Ups! Perdí una vida\")\r","if (personaje.juegoTerminado()) {\r","game.say(pacman, \"Se me terminaron las vidas!!!\")\r","game.onTick(5000, \"gameEnd\", { game.stop() })\r","}\r","})\r"]]},"level":"error","message":"✘ Failed to get type description: Error: {\n  \"errors\": [\n    null,\n    [\n      \"/*\\r\",\n      \"rivales.forEach { rival => \\r\",\n      \"game.addVisual(rival)\\r\",\n      \"game.whenCollideDo(rival, { personaje =>\\r\",\n      \"personaje.perderVida()\\r\",\n      \"game.say(pacman, \\\"Ups! Perdí una vida\\\")\\r\",\n      \"if (personaje.juegoTerminado()) {\\r\",\n      \"game.say(pacman, \\\"Se me terminaron las vidas!!!\\\")\\r\",\n      \"game.onTick(5000, \\\"gameEnd\\\", { game.stop() })\\r\",\n      \"}\\r\",\n      \"})\\r\"\n    ]\n  ]\n} {\n  \"errors\": [\n    null,\n    [\n      \"/*\\r\",\n      \"rivales.forEach { rival => \\r\",\n      \"game.addVisual(rival)\\r\",\n      \"game.whenCollideDo(rival, { personaje =>\\r\",\n      \"personaje.perderVida()\\r\",\n      \"game.say(pacman, \\\"Ups! Perdí una vida\\\")\\r\",\n      \"if (personaje.juegoTerminado()) {\\r\",\n      \"game.say(pacman, \\\"Se me terminaron las vidas!!!\\\")\\r\",\n      \"game.onTick(5000, \\\"gameEnd\\\", { game.stop() })\\r\",\n      \"}\\r\",\n      \"})\\r\"\n    ]\n  ]\n}","stack":"Error: {\n  \"errors\": [\n    null,\n    [\n      \"/*\\r\",\n      \"rivales.forEach { rival => \\r\",\n      \"game.addVisual(rival)\\r\",\n      \"game.whenCollideDo(rival, { personaje =>\\r\",\n      \"personaje.perderVida()\\r\",\n      \"game.say(pacman, \\\"Ups! Perdí una vida\\\")\\r\",\n      \"if (personaje.juegoTerminado()) {\\r\",\n      \"game.say(pacman, \\\"Se me terminaron las vidas!!!\\\")\\r\",\n      \"game.onTick(5000, \\\"gameEnd\\\", { game.stop() })\\r\",\n      \"}\\r\",\n      \"})\\r\"\n    ]\n  ]\n}\n    at aS (c:\\Users\\agust\\.vscode\\extensions\\uqbar.wollok-lsp-ide-0.5.3\\out\\server\\src\\server.js:64:34609)\n    at K1 (c:\\Users\\agust\\.vscode\\extensions\\uqbar.wollok-lsp-ide-0.5.3\\out\\server\\src\\server.js:64:34682)\n    at c:\\Users\\agust\\.vscode\\extensions\\uqbar.wollok-lsp-ide-0.5.3\\out\\server\\src\\server.js:64:37949\n    at o.g1 (c:\\Users\\agust\\.vscode\\extensions\\uqbar.wollok-lsp-ide-0.5.3\\out\\server\\src\\server.js:57:58803)\n    at c:\\Users\\agust\\.vscode\\extensions\\uqbar.wollok-lsp-ide-0.5.3\\out\\server\\src\\server.js:64:37918\n    at c:\\Users\\agust\\.vscode\\extensions\\uqbar.wollok-lsp-ide-0.5.3\\out\\server\\src\\server.js:57:56843\n    at Dfn (c:\\Users\\agust\\.vscode\\extensions\\uqbar.wollok-lsp-ide-0.5.3\\out\\server\\src\\server.js:68:11324)\n    at c:\\Users\\agust\\.vscode\\extensions\\uqbar.wollok-lsp-ide-0.5.3\\out\\server\\src\\server.js:68:3629\n    at r4 (c:\\Users\\agust\\.vscode\\extensions\\uqbar.wollok-lsp-ide-0.5.3\\out\\server\\src\\server.js:68:9866)\n    at c:\\Users\\agust\\.vscode\\extensions\\uqbar.wollok-lsp-ide-0.5.3\\out\\server\\src\\server.js:68:9628","timestamp":"2025-09-13T14:32:05.296Z"}
{"errors":{"errors":[null,["/*\r","rivales.forEach { rival => \r","game.addVisual(rival)\r","game.whenCollideDo(rival, { personaje =>\r","personaje.perderVida()\r","game.say(pacman, \"Ups! Perdí una vida\")\r","if (personaje.juegoTerminado()) {\r","game.say(pacman, \"Se me terminaron las vidas!!!\")\r","game.onTick(5000, \"gameEnd\", { game.stop() })\r","}\r","})\r"]]},"level":"error","message":"✘ Failed to get type description: Error: {\n  \"errors\": [\n    null,\n    [\n      \"/*\\r\",\n      \"rivales.forEach { rival => \\r\",\n      \"game.addVisual(rival)\\r\",\n      \"game.whenCollideDo(rival, { personaje =>\\r\",\n      \"personaje.perderVida()\\r\",\n      \"game.say(pacman, \\\"Ups! Perdí una vida\\\")\\r\",\n      \"if (personaje.juegoTerminado()) {\\r\",\n      \"game.say(pacman, \\\"Se me terminaron las vidas!!!\\\")\\r\",\n      \"game.onTick(5000, \\\"gameEnd\\\", { game.stop() })\\r\",\n      \"}\\r\",\n      \"})\\r\"\n    ]\n  ]\n} {\n  \"errors\": [\n    null,\n    [\n      \"/*\\r\",\n      \"rivales.forEach { rival => \\r\",\n      \"game.addVisual(rival)\\r\",\n      \"game.whenCollideDo(rival, { personaje =>\\r\",\n      \"personaje.perderVida()\\r\",\n      \"game.say(pacman, \\\"Ups! Perdí una vida\\\")\\r\",\n      \"if (personaje.juegoTerminado()) {\\r\",\n      \"game.say(pacman, \\\"Se me terminaron las vidas!!!\\\")\\r\",\n      \"game.onTick(5000, \\\"gameEnd\\\", { game.stop() })\\r\",\n      \"}\\r\",\n      \"})\\r\"\n    ]\n  ]\n}","stack":"Error: {\n  \"errors\": [\n    null,\n    [\n      \"/*\\r\",\n      \"rivales.forEach { rival => \\r\",\n      \"game.addVisual(rival)\\r\",\n      \"game.whenCollideDo(rival, { personaje =>\\r\",\n      \"personaje.perderVida()\\r\",\n      \"game.say(pacman, \\\"Ups! Perdí una vida\\\")\\r\",\n      \"if (personaje.juegoTerminado()) {\\r\",\n      \"game.say(pacman, \\\"Se me terminaron las vidas!!!\\\")\\r\",\n      \"game.onTick(5000, \\\"gameEnd\\\", { game.stop() })\\r\",\n      \"}\\r\",\n      \"})\\r\"\n    ]\n  ]\n}\n    at aS (c:\\Users\\agust\\.vscode\\extensions\\uqbar.wollok-lsp-ide-0.5.3\\out\\server\\src\\server.js:64:34609)\n    at K1 (c:\\Users\\agust\\.vscode\\extensions\\uqbar.wollok-lsp-ide-0.5.3\\out\\server\\src\\server.js:64:34682)\n    at c:\\Users\\agust\\.vscode\\extensions\\uqbar.wollok-lsp-ide-0.5.3\\out\\server\\src\\server.js:64:37949\n    at o.g1 (c:\\Users\\agust\\.vscode\\extensions\\uqbar.wollok-lsp-ide-0.5.3\\out\\server\\src\\server.js:57:58803)\n    at c:\\Users\\agust\\.vscode\\extensions\\uqbar.wollok-lsp-ide-0.5.3\\out\\server\\src\\server.js:64:37918\n    at c:\\Users\\agust\\.vscode\\extensions\\uqbar.wollok-lsp-ide-0.5.3\\out\\server\\src\\server.js:57:56843\n    at Dfn (c:\\Users\\agust\\.vscode\\extensions\\uqbar.wollok-lsp-ide-0.5.3\\out\\server\\src\\server.js:68:11324)\n    at c:\\Users\\agust\\.vscode\\extensions\\uqbar.wollok-lsp-ide-0.5.3\\out\\server\\src\\server.js:68:3629\n    at r4 (c:\\Users\\agust\\.vscode\\extensions\\uqbar.wollok-lsp-ide-0.5.3\\out\\server\\src\\server.js:68:9866)\n    at c:\\Users\\agust\\.vscode\\extensions\\uqbar.wollok-lsp-ide-0.5.3\\out\\server\\src\\server.js:68:9628","timestamp":"2025-09-13T14:32:06.514Z"}
{"errors":{"errors":[null,["/*\r","rivales.forEach { rival => \r","game.addVisual(rival)\r","game.whenCollideDo(rival, { personaje =>\r","personaje.perderVida()\r","game.say(pacman, \"Ups! Perdí una vida\")\r","if (personaje.juegoTerminado()) {\r","game.say(pacman, \"Se me terminaron las vidas!!!\")\r","game.onTick(5000, \"gameEnd\", { game.stop() })\r","}\r","})\r"]]},"level":"error","message":"✘ Failed to get type description: Error: {\n  \"errors\": [\n    null,\n    [\n      \"/*\\r\",\n      \"rivales.forEach { rival => \\r\",\n      \"game.addVisual(rival)\\r\",\n      \"game.whenCollideDo(rival, { personaje =>\\r\",\n      \"personaje.perderVida()\\r\",\n      \"game.say(pacman, \\\"Ups! Perdí una vida\\\")\\r\",\n      \"if (personaje.juegoTerminado()) {\\r\",\n      \"game.say(pacman, \\\"Se me terminaron las vidas!!!\\\")\\r\",\n      \"game.onTick(5000, \\\"gameEnd\\\", { game.stop() })\\r\",\n      \"}\\r\",\n      \"})\\r\"\n    ]\n  ]\n} {\n  \"errors\": [\n    null,\n    [\n      \"/*\\r\",\n      \"rivales.forEach { rival => \\r\",\n      \"game.addVisual(rival)\\r\",\n      \"game.whenCollideDo(rival, { personaje =>\\r\",\n      \"personaje.perderVida()\\r\",\n      \"game.say(pacman, \\\"Ups! Perdí una vida\\\")\\r\",\n      \"if (personaje.juegoTerminado()) {\\r\",\n      \"game.say(pacman, \\\"Se me terminaron las vidas!!!\\\")\\r\",\n      \"game.onTick(5000, \\\"gameEnd\\\", { game.stop() })\\r\",\n      \"}\\r\",\n      \"})\\r\"\n    ]\n  ]\n}","stack":"Error: {\n  \"errors\": [\n    null,\n    [\n      \"/*\\r\",\n      \"rivales.forEach { rival => \\r\",\n      \"game.addVisual(rival)\\r\",\n      \"game.whenCollideDo(rival, { personaje =>\\r\",\n      \"personaje.perderVida()\\r\",\n      \"game.say(pacman, \\\"Ups! Perdí una vida\\\")\\r\",\n      \"if (personaje.juegoTerminado()) {\\r\",\n      \"game.say(pacman, \\\"Se me terminaron las vidas!!!\\\")\\r\",\n      \"game.onTick(5000, \\\"gameEnd\\\", { game.stop() })\\r\",\n      \"}\\r\",\n      \"})\\r\"\n    ]\n  ]\n}\n    at aS (c:\\Users\\agust\\.vscode\\extensions\\uqbar.wollok-lsp-ide-0.5.3\\out\\server\\src\\server.js:64:34609)\n    at K1 (c:\\Users\\agust\\.vscode\\extensions\\uqbar.wollok-lsp-ide-0.5.3\\out\\server\\src\\server.js:64:34682)\n    at c:\\Users\\agust\\.vscode\\extensions\\uqbar.wollok-lsp-ide-0.5.3\\out\\server\\src\\server.js:64:37949\n    at o.g1 (c:\\Users\\agust\\.vscode\\extensions\\uqbar.wollok-lsp-ide-0.5.3\\out\\server\\src\\server.js:57:58803)\n    at c:\\Users\\agust\\.vscode\\extensions\\uqbar.wollok-lsp-ide-0.5.3\\out\\server\\src\\server.js:64:37918\n    at c:\\Users\\agust\\.vscode\\extensions\\uqbar.wollok-lsp-ide-0.5.3\\out\\server\\src\\server.js:57:56843\n    at Dfn (c:\\Users\\agust\\.vscode\\extensions\\uqbar.wollok-lsp-ide-0.5.3\\out\\server\\src\\server.js:68:11324)\n    at c:\\Users\\agust\\.vscode\\extensions\\uqbar.wollok-lsp-ide-0.5.3\\out\\server\\src\\server.js:68:3629\n    at r4 (c:\\Users\\agust\\.vscode\\extensions\\uqbar.wollok-lsp-ide-0.5.3\\out\\server\\src\\server.js:68:9866)\n    at c:\\Users\\agust\\.vscode\\extensions\\uqbar.wollok-lsp-ide-0.5.3\\out\\server\\src\\server.js:68:9628","timestamp":"2025-09-13T14:32:08.152Z"}
{"errors":{"errors":[null,["/*\r","rivales.forEach { rival => \r","game.addVisual(rival)\r","game.whenCollideDo(rival, { personaje =>\r","personaje.perderVida()\r","game.say(pacman, \"Ups! Perdí una vida\")\r","if (personaje.juegoTerminado()) {\r","game.say(pacman, \"Se me terminaron las vidas!!!\")\r","game.onTick(5000, \"gameEnd\", { game.stop() })\r","}\r","})\r"]]},"level":"error","message":"✘ Failed to get type description: Error: {\n  \"errors\": [\n    null,\n    [\n      \"/*\\r\",\n      \"rivales.forEach { rival => \\r\",\n      \"game.addVisual(rival)\\r\",\n      \"game.whenCollideDo(rival, { personaje =>\\r\",\n      \"personaje.perderVida()\\r\",\n      \"game.say(pacman, \\\"Ups! Perdí una vida\\\")\\r\",\n      \"if (personaje.juegoTerminado()) {\\r\",\n      \"game.say(pacman, \\\"Se me terminaron las vidas!!!\\\")\\r\",\n      \"game.onTick(5000, \\\"gameEnd\\\", { game.stop() })\\r\",\n      \"}\\r\",\n      \"})\\r\"\n    ]\n  ]\n} {\n  \"errors\": [\n    null,\n    [\n      \"/*\\r\",\n      \"rivales.forEach { rival => \\r\",\n      \"game.addVisual(rival)\\r\",\n      \"game.whenCollideDo(rival, { personaje =>\\r\",\n      \"personaje.perderVida()\\r\",\n      \"game.say(pacman, \\\"Ups! Perdí una vida\\\")\\r\",\n      \"if (personaje.juegoTerminado()) {\\r\",\n      \"game.say(pacman, \\\"Se me terminaron las vidas!!!\\\")\\r\",\n      \"game.onTick(5000, \\\"gameEnd\\\", { game.stop() })\\r\",\n      \"}\\r\",\n      \"})\\r\"\n    ]\n  ]\n}","stack":"Error: {\n  \"errors\": [\n    null,\n    [\n      \"/*\\r\",\n      \"rivales.forEach { rival => \\r\",\n      \"game.addVisual(rival)\\r\",\n      \"game.whenCollideDo(rival, { personaje =>\\r\",\n      \"personaje.perderVida()\\r\",\n      \"game.say(pacman, \\\"Ups! Perdí una vida\\\")\\r\",\n      \"if (personaje.juegoTerminado()) {\\r\",\n      \"game.say(pacman, \\\"Se me terminaron las vidas!!!\\\")\\r\",\n      \"game.onTick(5000, \\\"gameEnd\\\", { game.stop() })\\r\",\n      \"}\\r\",\n      \"})\\r\"\n    ]\n  ]\n}\n    at aS (c:\\Users\\agust\\.vscode\\extensions\\uqbar.wollok-lsp-ide-0.5.3\\out\\server\\src\\server.js:64:34609)\n    at K1 (c:\\Users\\agust\\.vscode\\extensions\\uqbar.wollok-lsp-ide-0.5.3\\out\\server\\src\\server.js:64:34682)\n    at c:\\Users\\agust\\.vscode\\extensions\\uqbar.wollok-lsp-ide-0.5.3\\out\\server\\src\\server.js:64:37949\n    at o.g1 (c:\\Users\\agust\\.vscode\\extensions\\uqbar.wollok-lsp-ide-0.5.3\\out\\server\\src\\server.js:57:58803)\n    at c:\\Users\\agust\\.vscode\\extensions\\uqbar.wollok-lsp-ide-0.5.3\\out\\server\\src\\server.js:64:37918\n    at c:\\Users\\agust\\.vscode\\extensions\\uqbar.wollok-lsp-ide-0.5.3\\out\\server\\src\\server.js:57:56843\n    at Dfn (c:\\Users\\agust\\.vscode\\extensions\\uqbar.wollok-lsp-ide-0.5.3\\out\\server\\src\\server.js:68:11324)\n    at c:\\Users\\agust\\.vscode\\extensions\\uqbar.wollok-lsp-ide-0.5.3\\out\\server\\src\\server.js:68:3629\n    at r4 (c:\\Users\\agust\\.vscode\\extensions\\uqbar.wollok-lsp-ide-0.5.3\\out\\server\\src\\server.js:68:9866)\n    at c:\\Users\\agust\\.vscode\\extensions\\uqbar.wollok-lsp-ide-0.5.3\\out\\server\\src\\server.js:68:9628","timestamp":"2025-09-13T14:32:21.040Z"}
{"exitCode":"SIGHUP","level":"info","message":"👾 Game executed pgmProgram.pacmanGame on c:\\Users\\agust\\Desktop\\Desarrollo\\Universidad\\Programacion con Objetos 1\\pacmanbasicgame-agusalfonsoun\\pacman-13-09-25","timeElapsed":34160,"timestamp":"2025-09-13T14:32:22.068Z"}
{"errors":{"errors":[null,["/*\r","rivales.forEach { rival => \r","game.addVisual(rival)\r","game.whenCollideDo(rival, { personaje =>\r","personaje.perderVida()\r","game.say(pacman, \"Ups! Perdí una vida\")\r","if (personaje.juegoTerminado()) {\r","game.say(pacman, \"Se me terminaron las vidas!!!\")\r","game.onTick(5000, \"gameEnd\", { game.stop() })\r","}\r","})\r"]]},"level":"error","message":"✘ Failed to get type description: Error: {\n  \"errors\": [\n    null,\n    [\n      \"/*\\r\",\n      \"rivales.forEach { rival => \\r\",\n      \"game.addVisual(rival)\\r\",\n      \"game.whenCollideDo(rival, { personaje =>\\r\",\n      \"personaje.perderVida()\\r\",\n      \"game.say(pacman, \\\"Ups! Perdí una vida\\\")\\r\",\n      \"if (personaje.juegoTerminado()) {\\r\",\n      \"game.say(pacman, \\\"Se me terminaron las vidas!!!\\\")\\r\",\n      \"game.onTick(5000, \\\"gameEnd\\\", { game.stop() })\\r\",\n      \"}\\r\",\n      \"})\\r\"\n    ]\n  ]\n} {\n  \"errors\": [\n    null,\n    [\n      \"/*\\r\",\n      \"rivales.forEach { rival => \\r\",\n      \"game.addVisual(rival)\\r\",\n      \"game.whenCollideDo(rival, { personaje =>\\r\",\n      \"personaje.perderVida()\\r\",\n      \"game.say(pacman, \\\"Ups! Perdí una vida\\\")\\r\",\n      \"if (personaje.juegoTerminado()) {\\r\",\n      \"game.say(pacman, \\\"Se me terminaron las vidas!!!\\\")\\r\",\n      \"game.onTick(5000, \\\"gameEnd\\\", { game.stop() })\\r\",\n      \"}\\r\",\n      \"})\\r\"\n    ]\n  ]\n}","stack":"Error: {\n  \"errors\": [\n    null,\n    [\n      \"/*\\r\",\n      \"rivales.forEach { rival => \\r\",\n      \"game.addVisual(rival)\\r\",\n      \"game.whenCollideDo(rival, { personaje =>\\r\",\n      \"personaje.perderVida()\\r\",\n      \"game.say(pacman, \\\"Ups! Perdí una vida\\\")\\r\",\n      \"if (personaje.juegoTerminado()) {\\r\",\n      \"game.say(pacman, \\\"Se me terminaron las vidas!!!\\\")\\r\",\n      \"game.onTick(5000, \\\"gameEnd\\\", { game.stop() })\\r\",\n      \"}\\r\",\n      \"})\\r\"\n    ]\n  ]\n}\n    at aS (c:\\Users\\agust\\.vscode\\extensions\\uqbar.wollok-lsp-ide-0.5.3\\out\\server\\src\\server.js:64:34609)\n    at K1 (c:\\Users\\agust\\.vscode\\extensions\\uqbar.wollok-lsp-ide-0.5.3\\out\\server\\src\\server.js:64:34682)\n    at c:\\Users\\agust\\.vscode\\extensions\\uqbar.wollok-lsp-ide-0.5.3\\out\\server\\src\\server.js:64:37949\n    at o.g1 (c:\\Users\\agust\\.vscode\\extensions\\uqbar.wollok-lsp-ide-0.5.3\\out\\server\\src\\server.js:57:58803)\n    at c:\\Users\\agust\\.vscode\\extensions\\uqbar.wollok-lsp-ide-0.5.3\\out\\server\\src\\server.js:64:37918\n    at c:\\Users\\agust\\.vscode\\extensions\\uqbar.wollok-lsp-ide-0.5.3\\out\\server\\src\\server.js:57:56843\n    at Dfn (c:\\Users\\agust\\.vscode\\extensions\\uqbar.wollok-lsp-ide-0.5.3\\out\\server\\src\\server.js:68:11324)\n    at c:\\Users\\agust\\.vscode\\extensions\\uqbar.wollok-lsp-ide-0.5.3\\out\\server\\src\\server.js:68:3629\n    at r4 (c:\\Users\\agust\\.vscode\\extensions\\uqbar.wollok-lsp-ide-0.5.3\\out\\server\\src\\server.js:68:9866)\n    at c:\\Users\\agust\\.vscode\\extensions\\uqbar.wollok-lsp-ide-0.5.3\\out\\server\\src\\server.js:68:9628","timestamp":"2025-09-13T14:32:22.529Z"}
{"level":"info","message":"🚀 Program executed \u001b[3m\u001b[34mpgmProgram.pacmanGame\u001b[39m\u001b[23m on \u001b[3m\u001b[34mc:\\Users\\agust\\Desktop\\Desarrollo\\Universidad\\Programacion con Objetos 1\\pacmanbasicgame-agusalfonsoun\\pacman-13-09-25\u001b[39m\u001b[23m","ok":true,"timeElapsed":255,"timestamp":"2025-09-13T14:32:23.404Z"}
{"errors":{"errors":[null,["/*\r","rivales.forEach { rival => \r","game.addVisual(rival)\r","game.whenCollideDo(rival, { personaje =>\r","personaje.perderVida()\r","game.say(pacman, \"Ups! Perdí una vida\")\r","if (personaje.juegoTerminado()) {\r","game.say(pacman, \"Se me terminaron las vidas!!!\")\r","game.onTick(5000, \"gameEnd\", { game.stop() })\r","}\r","})\r"]]},"level":"error","message":"✘ Failed to get type description: Error: {\n  \"errors\": [\n    null,\n    [\n      \"/*\\r\",\n      \"rivales.forEach { rival => \\r\",\n      \"game.addVisual(rival)\\r\",\n      \"game.whenCollideDo(rival, { personaje =>\\r\",\n      \"personaje.perderVida()\\r\",\n      \"game.say(pacman, \\\"Ups! Perdí una vida\\\")\\r\",\n      \"if (personaje.juegoTerminado()) {\\r\",\n      \"game.say(pacman, \\\"Se me terminaron las vidas!!!\\\")\\r\",\n      \"game.onTick(5000, \\\"gameEnd\\\", { game.stop() })\\r\",\n      \"}\\r\",\n      \"})\\r\"\n    ]\n  ]\n} {\n  \"errors\": [\n    null,\n    [\n      \"/*\\r\",\n      \"rivales.forEach { rival => \\r\",\n      \"game.addVisual(rival)\\r\",\n      \"game.whenCollideDo(rival, { personaje =>\\r\",\n      \"personaje.perderVida()\\r\",\n      \"game.say(pacman, \\\"Ups! Perdí una vida\\\")\\r\",\n      \"if (personaje.juegoTerminado()) {\\r\",\n      \"game.say(pacman, \\\"Se me terminaron las vidas!!!\\\")\\r\",\n      \"game.onTick(5000, \\\"gameEnd\\\", { game.stop() })\\r\",\n      \"}\\r\",\n      \"})\\r\"\n    ]\n  ]\n}","stack":"Error: {\n  \"errors\": [\n    null,\n    [\n      \"/*\\r\",\n      \"rivales.forEach { rival => \\r\",\n      \"game.addVisual(rival)\\r\",\n      \"game.whenCollideDo(rival, { personaje =>\\r\",\n      \"personaje.perderVida()\\r\",\n      \"game.say(pacman, \\\"Ups! Perdí una vida\\\")\\r\",\n      \"if (personaje.juegoTerminado()) {\\r\",\n      \"game.say(pacman, \\\"Se me terminaron las vidas!!!\\\")\\r\",\n      \"game.onTick(5000, \\\"gameEnd\\\", { game.stop() })\\r\",\n      \"}\\r\",\n      \"})\\r\"\n    ]\n  ]\n}\n    at aS (c:\\Users\\agust\\.vscode\\extensions\\uqbar.wollok-lsp-ide-0.5.3\\out\\server\\src\\server.js:64:34609)\n    at K1 (c:\\Users\\agust\\.vscode\\extensions\\uqbar.wollok-lsp-ide-0.5.3\\out\\server\\src\\server.js:64:34682)\n    at c:\\Users\\agust\\.vscode\\extensions\\uqbar.wollok-lsp-ide-0.5.3\\out\\server\\src\\server.js:64:37949\n    at o.g1 (c:\\Users\\agust\\.vscode\\extensions\\uqbar.wollok-lsp-ide-0.5.3\\out\\server\\src\\server.js:57:58803)\n    at c:\\Users\\agust\\.vscode\\extensions\\uqbar.wollok-lsp-ide-0.5.3\\out\\server\\src\\server.js:64:37918\n    at c:\\Users\\agust\\.vscode\\extensions\\uqbar.wollok-lsp-ide-0.5.3\\out\\server\\src\\server.js:57:56843\n    at Dfn (c:\\Users\\agust\\.vscode\\extensions\\uqbar.wollok-lsp-ide-0.5.3\\out\\server\\src\\server.js:68:11324)\n    at c:\\Users\\agust\\.vscode\\extensions\\uqbar.wollok-lsp-ide-0.5.3\\out\\server\\src\\server.js:68:3629\n    at r4 (c:\\Users\\agust\\.vscode\\extensions\\uqbar.wollok-lsp-ide-0.5.3\\out\\server\\src\\server.js:68:9866)\n    at c:\\Users\\agust\\.vscode\\extensions\\uqbar.wollok-lsp-ide-0.5.3\\out\\server\\src\\server.js:68:9628","timestamp":"2025-09-13T14:32:41.506Z"}
{"errors":{"errors":[null,["/*\r","rivales.forEach { rival => \r","game.addVisual(rival)\r","game.whenCollideDo(rival, { personaje =>\r","personaje.perderVida()\r","game.say(pacman, \"Ups! Perdí una vida\")\r","if (personaje.juegoTerminado()) {\r","game.say(pacman, \"Se me terminaron las vidas!!!\")\r","game.onTick(5000, \"gameEnd\", { game.stop() })\r","}\r","})\r"]]},"level":"error","message":"✘ Failed to get type description: Error: {\n  \"errors\": [\n    null,\n    [\n      \"/*\\r\",\n      \"rivales.forEach { rival => \\r\",\n      \"game.addVisual(rival)\\r\",\n      \"game.whenCollideDo(rival, { personaje =>\\r\",\n      \"personaje.perderVida()\\r\",\n      \"game.say(pacman, \\\"Ups! Perdí una vida\\\")\\r\",\n      \"if (personaje.juegoTerminado()) {\\r\",\n      \"game.say(pacman, \\\"Se me terminaron las vidas!!!\\\")\\r\",\n      \"game.onTick(5000, \\\"gameEnd\\\", { game.stop() })\\r\",\n      \"}\\r\",\n      \"})\\r\"\n    ]\n  ]\n} {\n  \"errors\": [\n    null,\n    [\n      \"/*\\r\",\n      \"rivales.forEach { rival => \\r\",\n      \"game.addVisual(rival)\\r\",\n      \"game.whenCollideDo(rival, { personaje =>\\r\",\n      \"personaje.perderVida()\\r\",\n      \"game.say(pacman, \\\"Ups! Perdí una vida\\\")\\r\",\n      \"if (personaje.juegoTerminado()) {\\r\",\n      \"game.say(pacman, \\\"Se me terminaron las vidas!!!\\\")\\r\",\n      \"game.onTick(5000, \\\"gameEnd\\\", { game.stop() })\\r\",\n      \"}\\r\",\n      \"})\\r\"\n    ]\n  ]\n}","stack":"Error: {\n  \"errors\": [\n    null,\n    [\n      \"/*\\r\",\n      \"rivales.forEach { rival => \\r\",\n      \"game.addVisual(rival)\\r\",\n      \"game.whenCollideDo(rival, { personaje =>\\r\",\n      \"personaje.perderVida()\\r\",\n      \"game.say(pacman, \\\"Ups! Perdí una vida\\\")\\r\",\n      \"if (personaje.juegoTerminado()) {\\r\",\n      \"game.say(pacman, \\\"Se me terminaron las vidas!!!\\\")\\r\",\n      \"game.onTick(5000, \\\"gameEnd\\\", { game.stop() })\\r\",\n      \"}\\r\",\n      \"})\\r\"\n    ]\n  ]\n}\n    at aS (c:\\Users\\agust\\.vscode\\extensions\\uqbar.wollok-lsp-ide-0.5.3\\out\\server\\src\\server.js:64:34609)\n    at K1 (c:\\Users\\agust\\.vscode\\extensions\\uqbar.wollok-lsp-ide-0.5.3\\out\\server\\src\\server.js:64:34682)\n    at c:\\Users\\agust\\.vscode\\extensions\\uqbar.wollok-lsp-ide-0.5.3\\out\\server\\src\\server.js:64:37949\n    at o.g1 (c:\\Users\\agust\\.vscode\\extensions\\uqbar.wollok-lsp-ide-0.5.3\\out\\server\\src\\server.js:57:58803)\n    at c:\\Users\\agust\\.vscode\\extensions\\uqbar.wollok-lsp-ide-0.5.3\\out\\server\\src\\server.js:64:37918\n    at c:\\Users\\agust\\.vscode\\extensions\\uqbar.wollok-lsp-ide-0.5.3\\out\\server\\src\\server.js:57:56843\n    at Dfn (c:\\Users\\agust\\.vscode\\extensions\\uqbar.wollok-lsp-ide-0.5.3\\out\\server\\src\\server.js:68:11324)\n    at c:\\Users\\agust\\.vscode\\extensions\\uqbar.wollok-lsp-ide-0.5.3\\out\\server\\src\\server.js:68:3629\n    at r4 (c:\\Users\\agust\\.vscode\\extensions\\uqbar.wollok-lsp-ide-0.5.3\\out\\server\\src\\server.js:68:9866)\n    at c:\\Users\\agust\\.vscode\\extensions\\uqbar.wollok-lsp-ide-0.5.3\\out\\server\\src\\server.js:68:9628","timestamp":"2025-09-13T14:32:43.524Z"}
{"errors":{"errors":[null,["/*\r","rivales.forEach { rival => \r","game.addVisual(rival)\r","game.whenCollideDo(rival, { personaje =>\r","personaje.perderVida()\r","game.say(pacman, \"Ups! Perdí una vida\")\r","if (personaje.juegoTerminado()) {\r","game.say(pacman, \"Se me terminaron las vidas!!!\")\r","game.onTick(5000, \"gameEnd\", { game.stop() })\r","}\r","})\r"]]},"level":"error","message":"✘ Failed to get type description: Error: {\n  \"errors\": [\n    null,\n    [\n      \"/*\\r\",\n      \"rivales.forEach { rival => \\r\",\n      \"game.addVisual(rival)\\r\",\n      \"game.whenCollideDo(rival, { personaje =>\\r\",\n      \"personaje.perderVida()\\r\",\n      \"game.say(pacman, \\\"Ups! Perdí una vida\\\")\\r\",\n      \"if (personaje.juegoTerminado()) {\\r\",\n      \"game.say(pacman, \\\"Se me terminaron las vidas!!!\\\")\\r\",\n      \"game.onTick(5000, \\\"gameEnd\\\", { game.stop() })\\r\",\n      \"}\\r\",\n      \"})\\r\"\n    ]\n  ]\n} {\n  \"errors\": [\n    null,\n    [\n      \"/*\\r\",\n      \"rivales.forEach { rival => \\r\",\n      \"game.addVisual(rival)\\r\",\n      \"game.whenCollideDo(rival, { personaje =>\\r\",\n      \"personaje.perderVida()\\r\",\n      \"game.say(pacman, \\\"Ups! Perdí una vida\\\")\\r\",\n      \"if (personaje.juegoTerminado()) {\\r\",\n      \"game.say(pacman, \\\"Se me terminaron las vidas!!!\\\")\\r\",\n      \"game.onTick(5000, \\\"gameEnd\\\", { game.stop() })\\r\",\n      \"}\\r\",\n      \"})\\r\"\n    ]\n  ]\n}","stack":"Error: {\n  \"errors\": [\n    null,\n    [\n      \"/*\\r\",\n      \"rivales.forEach { rival => \\r\",\n      \"game.addVisual(rival)\\r\",\n      \"game.whenCollideDo(rival, { personaje =>\\r\",\n      \"personaje.perderVida()\\r\",\n      \"game.say(pacman, \\\"Ups! Perdí una vida\\\")\\r\",\n      \"if (personaje.juegoTerminado()) {\\r\",\n      \"game.say(pacman, \\\"Se me terminaron las vidas!!!\\\")\\r\",\n      \"game.onTick(5000, \\\"gameEnd\\\", { game.stop() })\\r\",\n      \"}\\r\",\n      \"})\\r\"\n    ]\n  ]\n}\n    at aS (c:\\Users\\agust\\.vscode\\extensions\\uqbar.wollok-lsp-ide-0.5.3\\out\\server\\src\\server.js:64:34609)\n    at K1 (c:\\Users\\agust\\.vscode\\extensions\\uqbar.wollok-lsp-ide-0.5.3\\out\\server\\src\\server.js:64:34682)\n    at c:\\Users\\agust\\.vscode\\extensions\\uqbar.wollok-lsp-ide-0.5.3\\out\\server\\src\\server.js:64:37949\n    at o.g1 (c:\\Users\\agust\\.vscode\\extensions\\uqbar.wollok-lsp-ide-0.5.3\\out\\server\\src\\server.js:57:58803)\n    at c:\\Users\\agust\\.vscode\\extensions\\uqbar.wollok-lsp-ide-0.5.3\\out\\server\\src\\server.js:64:37918\n    at c:\\Users\\agust\\.vscode\\extensions\\uqbar.wollok-lsp-ide-0.5.3\\out\\server\\src\\server.js:57:56843\n    at Dfn (c:\\Users\\agust\\.vscode\\extensions\\uqbar.wollok-lsp-ide-0.5.3\\out\\server\\src\\server.js:68:11324)\n    at c:\\Users\\agust\\.vscode\\extensions\\uqbar.wollok-lsp-ide-0.5.3\\out\\server\\src\\server.js:68:3629\n    at r4 (c:\\Users\\agust\\.vscode\\extensions\\uqbar.wollok-lsp-ide-0.5.3\\out\\server\\src\\server.js:68:9866)\n    at c:\\Users\\agust\\.vscode\\extensions\\uqbar.wollok-lsp-ide-0.5.3\\out\\server\\src\\server.js:68:9628","timestamp":"2025-09-13T14:32:43.825Z"}
{"errors":{"errors":[null,["/*\r","rivales.forEach { rival => \r","game.addVisual(rival)\r","game.whenCollideDo(rival, { personaje =>\r","personaje.perderVida()\r","game.say(pacman, \"Ups! Perdí una vida\")\r","if (personaje.juegoTerminado()) {\r","game.say(pacman, \"Se me terminaron las vidas!!!\")\r","game.onTick(5000, \"gameEnd\", { game.stop() })\r","}\r","})\r"]]},"level":"error","message":"✘ Failed to get type description: Error: {\n  \"errors\": [\n    null,\n    [\n      \"/*\\r\",\n      \"rivales.forEach { rival => \\r\",\n      \"game.addVisual(rival)\\r\",\n      \"game.whenCollideDo(rival, { personaje =>\\r\",\n      \"personaje.perderVida()\\r\",\n      \"game.say(pacman, \\\"Ups! Perdí una vida\\\")\\r\",\n      \"if (personaje.juegoTerminado()) {\\r\",\n      \"game.say(pacman, \\\"Se me terminaron las vidas!!!\\\")\\r\",\n      \"game.onTick(5000, \\\"gameEnd\\\", { game.stop() })\\r\",\n      \"}\\r\",\n      \"})\\r\"\n    ]\n  ]\n} {\n  \"errors\": [\n    null,\n    [\n      \"/*\\r\",\n      \"rivales.forEach { rival => \\r\",\n      \"game.addVisual(rival)\\r\",\n      \"game.whenCollideDo(rival, { personaje =>\\r\",\n      \"personaje.perderVida()\\r\",\n      \"game.say(pacman, \\\"Ups! Perdí una vida\\\")\\r\",\n      \"if (personaje.juegoTerminado()) {\\r\",\n      \"game.say(pacman, \\\"Se me terminaron las vidas!!!\\\")\\r\",\n      \"game.onTick(5000, \\\"gameEnd\\\", { game.stop() })\\r\",\n      \"}\\r\",\n      \"})\\r\"\n    ]\n  ]\n}","stack":"Error: {\n  \"errors\": [\n    null,\n    [\n      \"/*\\r\",\n      \"rivales.forEach { rival => \\r\",\n      \"game.addVisual(rival)\\r\",\n      \"game.whenCollideDo(rival, { personaje =>\\r\",\n      \"personaje.perderVida()\\r\",\n      \"game.say(pacman, \\\"Ups! Perdí una vida\\\")\\r\",\n      \"if (personaje.juegoTerminado()) {\\r\",\n      \"game.say(pacman, \\\"Se me terminaron las vidas!!!\\\")\\r\",\n      \"game.onTick(5000, \\\"gameEnd\\\", { game.stop() })\\r\",\n      \"}\\r\",\n      \"})\\r\"\n    ]\n  ]\n}\n    at aS (c:\\Users\\agust\\.vscode\\extensions\\uqbar.wollok-lsp-ide-0.5.3\\out\\server\\src\\server.js:64:34609)\n    at K1 (c:\\Users\\agust\\.vscode\\extensions\\uqbar.wollok-lsp-ide-0.5.3\\out\\server\\src\\server.js:64:34682)\n    at c:\\Users\\agust\\.vscode\\extensions\\uqbar.wollok-lsp-ide-0.5.3\\out\\server\\src\\server.js:64:37949\n    at o.g1 (c:\\Users\\agust\\.vscode\\extensions\\uqbar.wollok-lsp-ide-0.5.3\\out\\server\\src\\server.js:57:58803)\n    at c:\\Users\\agust\\.vscode\\extensions\\uqbar.wollok-lsp-ide-0.5.3\\out\\server\\src\\server.js:64:37918\n    at c:\\Users\\agust\\.vscode\\extensions\\uqbar.wollok-lsp-ide-0.5.3\\out\\server\\src\\server.js:57:56843\n    at Dfn (c:\\Users\\agust\\.vscode\\extensions\\uqbar.wollok-lsp-ide-0.5.3\\out\\server\\src\\server.js:68:11324)\n    at c:\\Users\\agust\\.vscode\\extensions\\uqbar.wollok-lsp-ide-0.5.3\\out\\server\\src\\server.js:68:3629\n    at r4 (c:\\Users\\agust\\.vscode\\extensions\\uqbar.wollok-lsp-ide-0.5.3\\out\\server\\src\\server.js:68:9866)\n    at c:\\Users\\agust\\.vscode\\extensions\\uqbar.wollok-lsp-ide-0.5.3\\out\\server\\src\\server.js:68:9628","timestamp":"2025-09-13T14:32:44.096Z"}
{"errors":{"errors":[null,["/*\r","rivales.forEach { rival => \r","game.addVisual(rival)\r","game.whenCollideDo(rival, { personaje =>\r","personaje.perderVida()\r","game.say(pacman, \"Ups! Perdí una vida\")\r","if (personaje.juegoTerminado()) {\r","game.say(pacman, \"Se me terminaron las vidas!!!\")\r","game.onTick(5000, \"gameEnd\", { game.stop() })\r","}\r","})\r"]]},"level":"error","message":"✘ Failed to get type description: Error: {\n  \"errors\": [\n    null,\n    [\n      \"/*\\r\",\n      \"rivales.forEach { rival => \\r\",\n      \"game.addVisual(rival)\\r\",\n      \"game.whenCollideDo(rival, { personaje =>\\r\",\n      \"personaje.perderVida()\\r\",\n      \"game.say(pacman, \\\"Ups! Perdí una vida\\\")\\r\",\n      \"if (personaje.juegoTerminado()) {\\r\",\n      \"game.say(pacman, \\\"Se me terminaron las vidas!!!\\\")\\r\",\n      \"game.onTick(5000, \\\"gameEnd\\\", { game.stop() })\\r\",\n      \"}\\r\",\n      \"})\\r\"\n    ]\n  ]\n} {\n  \"errors\": [\n    null,\n    [\n      \"/*\\r\",\n      \"rivales.forEach { rival => \\r\",\n      \"game.addVisual(rival)\\r\",\n      \"game.whenCollideDo(rival, { personaje =>\\r\",\n      \"personaje.perderVida()\\r\",\n      \"game.say(pacman, \\\"Ups! Perdí una vida\\\")\\r\",\n      \"if (personaje.juegoTerminado()) {\\r\",\n      \"game.say(pacman, \\\"Se me terminaron las vidas!!!\\\")\\r\",\n      \"game.onTick(5000, \\\"gameEnd\\\", { game.stop() })\\r\",\n      \"}\\r\",\n      \"})\\r\"\n    ]\n  ]\n}","stack":"Error: {\n  \"errors\": [\n    null,\n    [\n      \"/*\\r\",\n      \"rivales.forEach { rival => \\r\",\n      \"game.addVisual(rival)\\r\",\n      \"game.whenCollideDo(rival, { personaje =>\\r\",\n      \"personaje.perderVida()\\r\",\n      \"game.say(pacman, \\\"Ups! Perdí una vida\\\")\\r\",\n      \"if (personaje.juegoTerminado()) {\\r\",\n      \"game.say(pacman, \\\"Se me terminaron las vidas!!!\\\")\\r\",\n      \"game.onTick(5000, \\\"gameEnd\\\", { game.stop() })\\r\",\n      \"}\\r\",\n      \"})\\r\"\n    ]\n  ]\n}\n    at aS (c:\\Users\\agust\\.vscode\\extensions\\uqbar.wollok-lsp-ide-0.5.3\\out\\server\\src\\server.js:64:34609)\n    at K1 (c:\\Users\\agust\\.vscode\\extensions\\uqbar.wollok-lsp-ide-0.5.3\\out\\server\\src\\server.js:64:34682)\n    at c:\\Users\\agust\\.vscode\\extensions\\uqbar.wollok-lsp-ide-0.5.3\\out\\server\\src\\server.js:64:37949\n    at o.g1 (c:\\Users\\agust\\.vscode\\extensions\\uqbar.wollok-lsp-ide-0.5.3\\out\\server\\src\\server.js:57:58803)\n    at c:\\Users\\agust\\.vscode\\extensions\\uqbar.wollok-lsp-ide-0.5.3\\out\\server\\src\\server.js:64:37918\n    at c:\\Users\\agust\\.vscode\\extensions\\uqbar.wollok-lsp-ide-0.5.3\\out\\server\\src\\server.js:57:56843\n    at Dfn (c:\\Users\\agust\\.vscode\\extensions\\uqbar.wollok-lsp-ide-0.5.3\\out\\server\\src\\server.js:68:11324)\n    at c:\\Users\\agust\\.vscode\\extensions\\uqbar.wollok-lsp-ide-0.5.3\\out\\server\\src\\server.js:68:3629\n    at r4 (c:\\Users\\agust\\.vscode\\extensions\\uqbar.wollok-lsp-ide-0.5.3\\out\\server\\src\\server.js:68:9866)\n    at c:\\Users\\agust\\.vscode\\extensions\\uqbar.wollok-lsp-ide-0.5.3\\out\\server\\src\\server.js:68:9628","timestamp":"2025-09-13T14:32:44.414Z"}
{"errors":{"errors":[null,["/*\r","rivales.forEach { rival => \r","game.addVisual(rival)\r","game.whenCollideDo(rival, { personaje =>\r","personaje.perderVida()\r","game.say(pacman, \"Ups! Perdí una vida\")\r","if (personaje.juegoTerminado()) {\r","game.say(pacman, \"Se me terminaron las vidas!!!\")\r","game.onTick(5000, \"gameEnd\", { game.stop() })\r","}\r","})\r"]]},"level":"error","message":"✘ Failed to get type description: Error: {\n  \"errors\": [\n    null,\n    [\n      \"/*\\r\",\n      \"rivales.forEach { rival => \\r\",\n      \"game.addVisual(rival)\\r\",\n      \"game.whenCollideDo(rival, { personaje =>\\r\",\n      \"personaje.perderVida()\\r\",\n      \"game.say(pacman, \\\"Ups! Perdí una vida\\\")\\r\",\n      \"if (personaje.juegoTerminado()) {\\r\",\n      \"game.say(pacman, \\\"Se me terminaron las vidas!!!\\\")\\r\",\n      \"game.onTick(5000, \\\"gameEnd\\\", { game.stop() })\\r\",\n      \"}\\r\",\n      \"})\\r\"\n    ]\n  ]\n} {\n  \"errors\": [\n    null,\n    [\n      \"/*\\r\",\n      \"rivales.forEach { rival => \\r\",\n      \"game.addVisual(rival)\\r\",\n      \"game.whenCollideDo(rival, { personaje =>\\r\",\n      \"personaje.perderVida()\\r\",\n      \"game.say(pacman, \\\"Ups! Perdí una vida\\\")\\r\",\n      \"if (personaje.juegoTerminado()) {\\r\",\n      \"game.say(pacman, \\\"Se me terminaron las vidas!!!\\\")\\r\",\n      \"game.onTick(5000, \\\"gameEnd\\\", { game.stop() })\\r\",\n      \"}\\r\",\n      \"})\\r\"\n    ]\n  ]\n}","stack":"Error: {\n  \"errors\": [\n    null,\n    [\n      \"/*\\r\",\n      \"rivales.forEach { rival => \\r\",\n      \"game.addVisual(rival)\\r\",\n      \"game.whenCollideDo(rival, { personaje =>\\r\",\n      \"personaje.perderVida()\\r\",\n      \"game.say(pacman, \\\"Ups! Perdí una vida\\\")\\r\",\n      \"if (personaje.juegoTerminado()) {\\r\",\n      \"game.say(pacman, \\\"Se me terminaron las vidas!!!\\\")\\r\",\n      \"game.onTick(5000, \\\"gameEnd\\\", { game.stop() })\\r\",\n      \"}\\r\",\n      \"})\\r\"\n    ]\n  ]\n}\n    at aS (c:\\Users\\agust\\.vscode\\extensions\\uqbar.wollok-lsp-ide-0.5.3\\out\\server\\src\\server.js:64:34609)\n    at K1 (c:\\Users\\agust\\.vscode\\extensions\\uqbar.wollok-lsp-ide-0.5.3\\out\\server\\src\\server.js:64:34682)\n    at c:\\Users\\agust\\.vscode\\extensions\\uqbar.wollok-lsp-ide-0.5.3\\out\\server\\src\\server.js:64:37949\n    at o.g1 (c:\\Users\\agust\\.vscode\\extensions\\uqbar.wollok-lsp-ide-0.5.3\\out\\server\\src\\server.js:57:58803)\n    at c:\\Users\\agust\\.vscode\\extensions\\uqbar.wollok-lsp-ide-0.5.3\\out\\server\\src\\server.js:64:37918\n    at c:\\Users\\agust\\.vscode\\extensions\\uqbar.wollok-lsp-ide-0.5.3\\out\\server\\src\\server.js:57:56843\n    at Dfn (c:\\Users\\agust\\.vscode\\extensions\\uqbar.wollok-lsp-ide-0.5.3\\out\\server\\src\\server.js:68:11324)\n    at c:\\Users\\agust\\.vscode\\extensions\\uqbar.wollok-lsp-ide-0.5.3\\out\\server\\src\\server.js:68:3629\n    at r4 (c:\\Users\\agust\\.vscode\\extensions\\uqbar.wollok-lsp-ide-0.5.3\\out\\server\\src\\server.js:68:9866)\n    at c:\\Users\\agust\\.vscode\\extensions\\uqbar.wollok-lsp-ide-0.5.3\\out\\server\\src\\server.js:68:9628","timestamp":"2025-09-13T14:32:46.434Z"}
{"errors":{"errors":[null,["/*\r","rivales.forEach { rival => \r","game.addVisual(rival)\r","game.whenCollideDo(rival, { personaje =>\r","personaje.perderVida()\r","game.say(pacman, \"Ups! Perdí una vida\")\r","if (personaje.juegoTerminado()) {\r","game.say(pacman, \"Se me terminaron las vidas!!!\")\r","game.onTick(5000, \"gameEnd\", { game.stop() })\r","}\r","})\r"]]},"level":"error","message":"✘ Failed to get type description: Error: {\n  \"errors\": [\n    null,\n    [\n      \"/*\\r\",\n      \"rivales.forEach { rival => \\r\",\n      \"game.addVisual(rival)\\r\",\n      \"game.whenCollideDo(rival, { personaje =>\\r\",\n      \"personaje.perderVida()\\r\",\n      \"game.say(pacman, \\\"Ups! Perdí una vida\\\")\\r\",\n      \"if (personaje.juegoTerminado()) {\\r\",\n      \"game.say(pacman, \\\"Se me terminaron las vidas!!!\\\")\\r\",\n      \"game.onTick(5000, \\\"gameEnd\\\", { game.stop() })\\r\",\n      \"}\\r\",\n      \"})\\r\"\n    ]\n  ]\n} {\n  \"errors\": [\n    null,\n    [\n      \"/*\\r\",\n      \"rivales.forEach { rival => \\r\",\n      \"game.addVisual(rival)\\r\",\n      \"game.whenCollideDo(rival, { personaje =>\\r\",\n      \"personaje.perderVida()\\r\",\n      \"game.say(pacman, \\\"Ups! Perdí una vida\\\")\\r\",\n      \"if (personaje.juegoTerminado()) {\\r\",\n      \"game.say(pacman, \\\"Se me terminaron las vidas!!!\\\")\\r\",\n      \"game.onTick(5000, \\\"gameEnd\\\", { game.stop() })\\r\",\n      \"}\\r\",\n      \"})\\r\"\n    ]\n  ]\n}","stack":"Error: {\n  \"errors\": [\n    null,\n    [\n      \"/*\\r\",\n      \"rivales.forEach { rival => \\r\",\n      \"game.addVisual(rival)\\r\",\n      \"game.whenCollideDo(rival, { personaje =>\\r\",\n      \"personaje.perderVida()\\r\",\n      \"game.say(pacman, \\\"Ups! Perdí una vida\\\")\\r\",\n      \"if (personaje.juegoTerminado()) {\\r\",\n      \"game.say(pacman, \\\"Se me terminaron las vidas!!!\\\")\\r\",\n      \"game.onTick(5000, \\\"gameEnd\\\", { game.stop() })\\r\",\n      \"}\\r\",\n      \"})\\r\"\n    ]\n  ]\n}\n    at aS (c:\\Users\\agust\\.vscode\\extensions\\uqbar.wollok-lsp-ide-0.5.3\\out\\server\\src\\server.js:64:34609)\n    at K1 (c:\\Users\\agust\\.vscode\\extensions\\uqbar.wollok-lsp-ide-0.5.3\\out\\server\\src\\server.js:64:34682)\n    at c:\\Users\\agust\\.vscode\\extensions\\uqbar.wollok-lsp-ide-0.5.3\\out\\server\\src\\server.js:64:37949\n    at o.g1 (c:\\Users\\agust\\.vscode\\extensions\\uqbar.wollok-lsp-ide-0.5.3\\out\\server\\src\\server.js:57:58803)\n    at c:\\Users\\agust\\.vscode\\extensions\\uqbar.wollok-lsp-ide-0.5.3\\out\\server\\src\\server.js:64:37918\n    at c:\\Users\\agust\\.vscode\\extensions\\uqbar.wollok-lsp-ide-0.5.3\\out\\server\\src\\server.js:57:56843\n    at Dfn (c:\\Users\\agust\\.vscode\\extensions\\uqbar.wollok-lsp-ide-0.5.3\\out\\server\\src\\server.js:68:11324)\n    at c:\\Users\\agust\\.vscode\\extensions\\uqbar.wollok-lsp-ide-0.5.3\\out\\server\\src\\server.js:68:3629\n    at r4 (c:\\Users\\agust\\.vscode\\extensions\\uqbar.wollok-lsp-ide-0.5.3\\out\\server\\src\\server.js:68:9866)\n    at c:\\Users\\agust\\.vscode\\extensions\\uqbar.wollok-lsp-ide-0.5.3\\out\\server\\src\\server.js:68:9628","timestamp":"2025-09-13T14:34:17.756Z"}
{"level":"error","message":"✘ Completions for node Send ([41:2, 41:28] - pgmProgram.wpgm) failed: Error: [Send]{841b95} at pgmProgram.wpgm:41 exhausted all cases without a match [Send]{841b95} at pgmProgram.wpgm:41 exhausted all cases without a match","stack":"Error: [Send]{841b95} at pgmProgram.wpgm:41 exhausted all cases without a match\n    at c:\\Users\\agust\\.vscode\\extensions\\uqbar.wollok-lsp-ide-0.5.3\\out\\server\\src\\server.js:38:6142\n    at D2 (c:\\Users\\agust\\.vscode\\extensions\\uqbar.wollok-lsp-ide-0.5.3\\out\\server\\src\\server.js:2384:42)\n    at Qh (c:\\Users\\agust\\.vscode\\extensions\\uqbar.wollok-lsp-ide-0.5.3\\out\\server\\src\\server.js:2384:1092)\n    at k6n (c:\\Users\\agust\\.vscode\\extensions\\uqbar.wollok-lsp-ide-0.5.3\\out\\server\\src\\server.js:2384:1248)\n    at c:\\Users\\agust\\.vscode\\extensions\\uqbar.wollok-lsp-ide-0.5.3\\out\\server\\src\\server.js:38:6131\n    at D2 (c:\\Users\\agust\\.vscode\\extensions\\uqbar.wollok-lsp-ide-0.5.3\\out\\server\\src\\server.js:2384:42)\n    at c:\\Users\\agust\\.vscode\\extensions\\uqbar.wollok-lsp-ide-0.5.3\\out\\server\\src\\server.js:2384:2988\n    at c:\\Users\\agust\\.vscode\\extensions\\uqbar.wollok-lsp-ide-0.5.3\\out\\server\\src\\server.js:2393:8440\n    at c:\\Users\\agust\\.vscode\\extensions\\uqbar.wollok-lsp-ide-0.5.3\\out\\server\\src\\server.js:37:74872\n    at Ye (c:\\Users\\agust\\.vscode\\extensions\\uqbar.wollok-lsp-ide-0.5.3\\out\\server\\src\\server.js:7:8527)","timestamp":"2025-09-13T14:34:32.131Z"}
{"level":"error","message":"✘ Completions for node Send ([41:2, 41:29] - pgmProgram.wpgm) failed: Error: [Send]{3d0c4d} at pgmProgram.wpgm:41 exhausted all cases without a match [Send]{3d0c4d} at pgmProgram.wpgm:41 exhausted all cases without a match","stack":"Error: [Send]{3d0c4d} at pgmProgram.wpgm:41 exhausted all cases without a match\n    at c:\\Users\\agust\\.vscode\\extensions\\uqbar.wollok-lsp-ide-0.5.3\\out\\server\\src\\server.js:38:6142\n    at D2 (c:\\Users\\agust\\.vscode\\extensions\\uqbar.wollok-lsp-ide-0.5.3\\out\\server\\src\\server.js:2384:42)\n    at Qh (c:\\Users\\agust\\.vscode\\extensions\\uqbar.wollok-lsp-ide-0.5.3\\out\\server\\src\\server.js:2384:1092)\n    at k6n (c:\\Users\\agust\\.vscode\\extensions\\uqbar.wollok-lsp-ide-0.5.3\\out\\server\\src\\server.js:2384:1248)\n    at c:\\Users\\agust\\.vscode\\extensions\\uqbar.wollok-lsp-ide-0.5.3\\out\\server\\src\\server.js:38:6131\n    at D2 (c:\\Users\\agust\\.vscode\\extensions\\uqbar.wollok-lsp-ide-0.5.3\\out\\server\\src\\server.js:2384:42)\n    at c:\\Users\\agust\\.vscode\\extensions\\uqbar.wollok-lsp-ide-0.5.3\\out\\server\\src\\server.js:2384:2988\n    at c:\\Users\\agust\\.vscode\\extensions\\uqbar.wollok-lsp-ide-0.5.3\\out\\server\\src\\server.js:2393:8440\n    at c:\\Users\\agust\\.vscode\\extensions\\uqbar.wollok-lsp-ide-0.5.3\\out\\server\\src\\server.js:37:74872\n    at Ye (c:\\Users\\agust\\.vscode\\extensions\\uqbar.wollok-lsp-ide-0.5.3\\out\\server\\src\\server.js:7:8527)","timestamp":"2025-09-13T14:34:32.393Z"}
{"level":"error","message":"✘ Completions for node Send ([41:2, 41:30] - pgmProgram.wpgm) failed: Error: [Send]{2586f1} at pgmProgram.wpgm:41 exhausted all cases without a match [Send]{2586f1} at pgmProgram.wpgm:41 exhausted all cases without a match","stack":"Error: [Send]{2586f1} at pgmProgram.wpgm:41 exhausted all cases without a match\n    at c:\\Users\\agust\\.vscode\\extensions\\uqbar.wollok-lsp-ide-0.5.3\\out\\server\\src\\server.js:38:6142\n    at D2 (c:\\Users\\agust\\.vscode\\extensions\\uqbar.wollok-lsp-ide-0.5.3\\out\\server\\src\\server.js:2384:42)\n    at Qh (c:\\Users\\agust\\.vscode\\extensions\\uqbar.wollok-lsp-ide-0.5.3\\out\\server\\src\\server.js:2384:1092)\n    at k6n (c:\\Users\\agust\\.vscode\\extensions\\uqbar.wollok-lsp-ide-0.5.3\\out\\server\\src\\server.js:2384:1248)\n    at c:\\Users\\agust\\.vscode\\extensions\\uqbar.wollok-lsp-ide-0.5.3\\out\\server\\src\\server.js:38:6131\n    at D2 (c:\\Users\\agust\\.vscode\\extensions\\uqbar.wollok-lsp-ide-0.5.3\\out\\server\\src\\server.js:2384:42)\n    at c:\\Users\\agust\\.vscode\\extensions\\uqbar.wollok-lsp-ide-0.5.3\\out\\server\\src\\server.js:2384:2988\n    at c:\\Users\\agust\\.vscode\\extensions\\uqbar.wollok-lsp-ide-0.5.3\\out\\server\\src\\server.js:2393:8440\n    at c:\\Users\\agust\\.vscode\\extensions\\uqbar.wollok-lsp-ide-0.5.3\\out\\server\\src\\server.js:37:74872\n    at Ye (c:\\Users\\agust\\.vscode\\extensions\\uqbar.wollok-lsp-ide-0.5.3\\out\\server\\src\\server.js:7:8527)","timestamp":"2025-09-13T14:34:32.514Z"}
{"level":"error","message":"✘ Completions for node Send ([41:2, 41:31] - pgmProgram.wpgm) failed: Error: [Send]{5d54f0} at pgmProgram.wpgm:41 exhausted all cases without a match [Send]{5d54f0} at pgmProgram.wpgm:41 exhausted all cases without a match","stack":"Error: [Send]{5d54f0} at pgmProgram.wpgm:41 exhausted all cases without a match\n    at c:\\Users\\agust\\.vscode\\extensions\\uqbar.wollok-lsp-ide-0.5.3\\out\\server\\src\\server.js:38:6142\n    at D2 (c:\\Users\\agust\\.vscode\\extensions\\uqbar.wollok-lsp-ide-0.5.3\\out\\server\\src\\server.js:2384:42)\n    at Qh (c:\\Users\\agust\\.vscode\\extensions\\uqbar.wollok-lsp-ide-0.5.3\\out\\server\\src\\server.js:2384:1092)\n    at k6n (c:\\Users\\agust\\.vscode\\extensions\\uqbar.wollok-lsp-ide-0.5.3\\out\\server\\src\\server.js:2384:1248)\n    at c:\\Users\\agust\\.vscode\\extensions\\uqbar.wollok-lsp-ide-0.5.3\\out\\server\\src\\server.js:38:6131\n    at D2 (c:\\Users\\agust\\.vscode\\extensions\\uqbar.wollok-lsp-ide-0.5.3\\out\\server\\src\\server.js:2384:42)\n    at c:\\Users\\agust\\.vscode\\extensions\\uqbar.wollok-lsp-ide-0.5.3\\out\\server\\src\\server.js:2384:2988\n    at c:\\Users\\agust\\.vscode\\extensions\\uqbar.wollok-lsp-ide-0.5.3\\out\\server\\src\\server.js:2393:8440\n    at c:\\Users\\agust\\.vscode\\extensions\\uqbar.wollok-lsp-ide-0.5.3\\out\\server\\src\\server.js:37:74872\n    at Ye (c:\\Users\\agust\\.vscode\\extensions\\uqbar.wollok-lsp-ide-0.5.3\\out\\server\\src\\server.js:7:8527)","timestamp":"2025-09-13T14:34:32.745Z"}
{"level":"error","message":"✘ Completions for node Return (undefined - pgmProgram.wpgm) failed: Error: [Return]{ed6d3e} at pgmProgram.wpgm:-- exhausted all cases without a match [Return]{ed6d3e} at pgmProgram.wpgm:-- exhausted all cases without a match","stack":"Error: [Return]{ed6d3e} at pgmProgram.wpgm:-- exhausted all cases without a match\n    at c:\\Users\\agust\\.vscode\\extensions\\uqbar.wollok-lsp-ide-0.5.3\\out\\server\\src\\server.js:38:6142\n    at D2 (c:\\Users\\agust\\.vscode\\extensions\\uqbar.wollok-lsp-ide-0.5.3\\out\\server\\src\\server.js:2384:42)\n    at Qh (c:\\Users\\agust\\.vscode\\extensions\\uqbar.wollok-lsp-ide-0.5.3\\out\\server\\src\\server.js:2384:1092)\n    at k6n (c:\\Users\\agust\\.vscode\\extensions\\uqbar.wollok-lsp-ide-0.5.3\\out\\server\\src\\server.js:2384:1248)\n    at c:\\Users\\agust\\.vscode\\extensions\\uqbar.wollok-lsp-ide-0.5.3\\out\\server\\src\\server.js:38:6131\n    at D2 (c:\\Users\\agust\\.vscode\\extensions\\uqbar.wollok-lsp-ide-0.5.3\\out\\server\\src\\server.js:2384:42)\n    at c:\\Users\\agust\\.vscode\\extensions\\uqbar.wollok-lsp-ide-0.5.3\\out\\server\\src\\server.js:2384:2988\n    at c:\\Users\\agust\\.vscode\\extensions\\uqbar.wollok-lsp-ide-0.5.3\\out\\server\\src\\server.js:2393:8440\n    at c:\\Users\\agust\\.vscode\\extensions\\uqbar.wollok-lsp-ide-0.5.3\\out\\server\\src\\server.js:37:74872\n    at Ye (c:\\Users\\agust\\.vscode\\extensions\\uqbar.wollok-lsp-ide-0.5.3\\out\\server\\src\\server.js:7:8527)","timestamp":"2025-09-13T14:35:21.895Z"}
{"level":"error","message":"✘ Completions for node Return (undefined - pgmProgram.wpgm) failed: Error: [Return]{029b50} at pgmProgram.wpgm:-- exhausted all cases without a match [Return]{029b50} at pgmProgram.wpgm:-- exhausted all cases without a match","stack":"Error: [Return]{029b50} at pgmProgram.wpgm:-- exhausted all cases without a match\n    at c:\\Users\\agust\\.vscode\\extensions\\uqbar.wollok-lsp-ide-0.5.3\\out\\server\\src\\server.js:38:6142\n    at D2 (c:\\Users\\agust\\.vscode\\extensions\\uqbar.wollok-lsp-ide-0.5.3\\out\\server\\src\\server.js:2384:42)\n    at Qh (c:\\Users\\agust\\.vscode\\extensions\\uqbar.wollok-lsp-ide-0.5.3\\out\\server\\src\\server.js:2384:1092)\n    at k6n (c:\\Users\\agust\\.vscode\\extensions\\uqbar.wollok-lsp-ide-0.5.3\\out\\server\\src\\server.js:2384:1248)\n    at c:\\Users\\agust\\.vscode\\extensions\\uqbar.wollok-lsp-ide-0.5.3\\out\\server\\src\\server.js:38:6131\n    at D2 (c:\\Users\\agust\\.vscode\\extensions\\uqbar.wollok-lsp-ide-0.5.3\\out\\server\\src\\server.js:2384:42)\n    at c:\\Users\\agust\\.vscode\\extensions\\uqbar.wollok-lsp-ide-0.5.3\\out\\server\\src\\server.js:2384:2988\n    at c:\\Users\\agust\\.vscode\\extensions\\uqbar.wollok-lsp-ide-0.5.3\\out\\server\\src\\server.js:2393:8440\n    at c:\\Users\\agust\\.vscode\\extensions\\uqbar.wollok-lsp-ide-0.5.3\\out\\server\\src\\server.js:37:74872\n    at Ye (c:\\Users\\agust\\.vscode\\extensions\\uqbar.wollok-lsp-ide-0.5.3\\out\\server\\src\\server.js:7:8527)","timestamp":"2025-09-13T14:35:22.643Z"}
{"level":"error","message":"✘ Completions for node Return (undefined - pgmProgram.wpgm) failed: Error: [Return]{fdbb3a} at pgmProgram.wpgm:-- exhausted all cases without a match [Return]{fdbb3a} at pgmProgram.wpgm:-- exhausted all cases without a match","stack":"Error: [Return]{fdbb3a} at pgmProgram.wpgm:-- exhausted all cases without a match\n    at c:\\Users\\agust\\.vscode\\extensions\\uqbar.wollok-lsp-ide-0.5.3\\out\\server\\src\\server.js:38:6142\n    at D2 (c:\\Users\\agust\\.vscode\\extensions\\uqbar.wollok-lsp-ide-0.5.3\\out\\server\\src\\server.js:2384:42)\n    at Qh (c:\\Users\\agust\\.vscode\\extensions\\uqbar.wollok-lsp-ide-0.5.3\\out\\server\\src\\server.js:2384:1092)\n    at k6n (c:\\Users\\agust\\.vscode\\extensions\\uqbar.wollok-lsp-ide-0.5.3\\out\\server\\src\\server.js:2384:1248)\n    at c:\\Users\\agust\\.vscode\\extensions\\uqbar.wollok-lsp-ide-0.5.3\\out\\server\\src\\server.js:38:6131\n    at D2 (c:\\Users\\agust\\.vscode\\extensions\\uqbar.wollok-lsp-ide-0.5.3\\out\\server\\src\\server.js:2384:42)\n    at c:\\Users\\agust\\.vscode\\extensions\\uqbar.wollok-lsp-ide-0.5.3\\out\\server\\src\\server.js:2384:2988\n    at c:\\Users\\agust\\.vscode\\extensions\\uqbar.wollok-lsp-ide-0.5.3\\out\\server\\src\\server.js:2393:8440\n    at c:\\Users\\agust\\.vscode\\extensions\\uqbar.wollok-lsp-ide-0.5.3\\out\\server\\src\\server.js:37:74872\n    at Ye (c:\\Users\\agust\\.vscode\\extensions\\uqbar.wollok-lsp-ide-0.5.3\\out\\server\\src\\server.js:7:8527)","timestamp":"2025-09-13T14:35:22.943Z"}
{"level":"error","message":"✘ Completions for node Return (undefined - pgmProgram.wpgm) failed: Error: [Return]{0a93e7} at pgmProgram.wpgm:-- exhausted all cases without a match [Return]{0a93e7} at pgmProgram.wpgm:-- exhausted all cases without a match","stack":"Error: [Return]{0a93e7} at pgmProgram.wpgm:-- exhausted all cases without a match\n    at c:\\Users\\agust\\.vscode\\extensions\\uqbar.wollok-lsp-ide-0.5.3\\out\\server\\src\\server.js:38:6142\n    at D2 (c:\\Users\\agust\\.vscode\\extensions\\uqbar.wollok-lsp-ide-0.5.3\\out\\server\\src\\server.js:2384:42)\n    at Qh (c:\\Users\\agust\\.vscode\\extensions\\uqbar.wollok-lsp-ide-0.5.3\\out\\server\\src\\server.js:2384:1092)\n    at k6n (c:\\Users\\agust\\.vscode\\extensions\\uqbar.wollok-lsp-ide-0.5.3\\out\\server\\src\\server.js:2384:1248)\n    at c:\\Users\\agust\\.vscode\\extensions\\uqbar.wollok-lsp-ide-0.5.3\\out\\server\\src\\server.js:38:6131\n    at D2 (c:\\Users\\agust\\.vscode\\extensions\\uqbar.wollok-lsp-ide-0.5.3\\out\\server\\src\\server.js:2384:42)\n    at c:\\Users\\agust\\.vscode\\extensions\\uqbar.wollok-lsp-ide-0.5.3\\out\\server\\src\\server.js:2384:2988\n    at c:\\Users\\agust\\.vscode\\extensions\\uqbar.wollok-lsp-ide-0.5.3\\out\\server\\src\\server.js:2393:8440\n    at c:\\Users\\agust\\.vscode\\extensions\\uqbar.wollok-lsp-ide-0.5.3\\out\\server\\src\\server.js:37:74872\n    at Ye (c:\\Users\\agust\\.vscode\\extensions\\uqbar.wollok-lsp-ide-0.5.3\\out\\server\\src\\server.js:7:8527)","timestamp":"2025-09-13T14:35:23.297Z"}
{"level":"error","message":"✘ Completions for node Return (undefined - pgmProgram.wpgm) failed: Error: [Return]{2ba0dc} at pgmProgram.wpgm:-- exhausted all cases without a match [Return]{2ba0dc} at pgmProgram.wpgm:-- exhausted all cases without a match","stack":"Error: [Return]{2ba0dc} at pgmProgram.wpgm:-- exhausted all cases without a match\n    at c:\\Users\\agust\\.vscode\\extensions\\uqbar.wollok-lsp-ide-0.5.3\\out\\server\\src\\server.js:38:6142\n    at D2 (c:\\Users\\agust\\.vscode\\extensions\\uqbar.wollok-lsp-ide-0.5.3\\out\\server\\src\\server.js:2384:42)\n    at Qh (c:\\Users\\agust\\.vscode\\extensions\\uqbar.wollok-lsp-ide-0.5.3\\out\\server\\src\\server.js:2384:1092)\n    at k6n (c:\\Users\\agust\\.vscode\\extensions\\uqbar.wollok-lsp-ide-0.5.3\\out\\server\\src\\server.js:2384:1248)\n    at c:\\Users\\agust\\.vscode\\extensions\\uqbar.wollok-lsp-ide-0.5.3\\out\\server\\src\\server.js:38:6131\n    at D2 (c:\\Users\\agust\\.vscode\\extensions\\uqbar.wollok-lsp-ide-0.5.3\\out\\server\\src\\server.js:2384:42)\n    at c:\\Users\\agust\\.vscode\\extensions\\uqbar.wollok-lsp-ide-0.5.3\\out\\server\\src\\server.js:2384:2988\n    at c:\\Users\\agust\\.vscode\\extensions\\uqbar.wollok-lsp-ide-0.5.3\\out\\server\\src\\server.js:2393:8440\n    at c:\\Users\\agust\\.vscode\\extensions\\uqbar.wollok-lsp-ide-0.5.3\\out\\server\\src\\server.js:37:74872\n    at Ye (c:\\Users\\agust\\.vscode\\extensions\\uqbar.wollok-lsp-ide-0.5.3\\out\\server\\src\\server.js:7:8527)","timestamp":"2025-09-13T14:35:23.950Z"}
{"level":"error","message":"✘ Completions for node Return (undefined - pgmProgram.wpgm) failed: Error: [Return]{2f71e5} at pgmProgram.wpgm:-- exhausted all cases without a match [Return]{2f71e5} at pgmProgram.wpgm:-- exhausted all cases without a match","stack":"Error: [Return]{2f71e5} at pgmProgram.wpgm:-- exhausted all cases without a match\n    at c:\\Users\\agust\\.vscode\\extensions\\uqbar.wollok-lsp-ide-0.5.3\\out\\server\\src\\server.js:38:6142\n    at D2 (c:\\Users\\agust\\.vscode\\extensions\\uqbar.wollok-lsp-ide-0.5.3\\out\\server\\src\\server.js:2384:42)\n    at Qh (c:\\Users\\agust\\.vscode\\extensions\\uqbar.wollok-lsp-ide-0.5.3\\out\\server\\src\\server.js:2384:1092)\n    at k6n (c:\\Users\\agust\\.vscode\\extensions\\uqbar.wollok-lsp-ide-0.5.3\\out\\server\\src\\server.js:2384:1248)\n    at c:\\Users\\agust\\.vscode\\extensions\\uqbar.wollok-lsp-ide-0.5.3\\out\\server\\src\\server.js:38:6131\n    at D2 (c:\\Users\\agust\\.vscode\\extensions\\uqbar.wollok-lsp-ide-0.5.3\\out\\server\\src\\server.js:2384:42)\n    at c:\\Users\\agust\\.vscode\\extensions\\uqbar.wollok-lsp-ide-0.5.3\\out\\server\\src\\server.js:2384:2988\n    at c:\\Users\\agust\\.vscode\\extensions\\uqbar.wollok-lsp-ide-0.5.3\\out\\server\\src\\server.js:2393:8440\n    at c:\\Users\\agust\\.vscode\\extensions\\uqbar.wollok-lsp-ide-0.5.3\\out\\server\\src\\server.js:37:74872\n    at Ye (c:\\Users\\agust\\.vscode\\extensions\\uqbar.wollok-lsp-ide-0.5.3\\out\\server\\src\\server.js:7:8527)","timestamp":"2025-09-13T14:35:24.509Z"}
{"level":"error","message":"✘ Completions for node Return (undefined - pgmProgram.wpgm) failed: Error: [Return]{d8f476} at pgmProgram.wpgm:-- exhausted all cases without a match [Return]{d8f476} at pgmProgram.wpgm:-- exhausted all cases without a match","stack":"Error: [Return]{d8f476} at pgmProgram.wpgm:-- exhausted all cases without a match\n    at c:\\Users\\agust\\.vscode\\extensions\\uqbar.wollok-lsp-ide-0.5.3\\out\\server\\src\\server.js:38:6142\n    at D2 (c:\\Users\\agust\\.vscode\\extensions\\uqbar.wollok-lsp-ide-0.5.3\\out\\server\\src\\server.js:2384:42)\n    at Qh (c:\\Users\\agust\\.vscode\\extensions\\uqbar.wollok-lsp-ide-0.5.3\\out\\server\\src\\server.js:2384:1092)\n    at k6n (c:\\Users\\agust\\.vscode\\extensions\\uqbar.wollok-lsp-ide-0.5.3\\out\\server\\src\\server.js:2384:1248)\n    at c:\\Users\\agust\\.vscode\\extensions\\uqbar.wollok-lsp-ide-0.5.3\\out\\server\\src\\server.js:38:6131\n    at D2 (c:\\Users\\agust\\.vscode\\extensions\\uqbar.wollok-lsp-ide-0.5.3\\out\\server\\src\\server.js:2384:42)\n    at c:\\Users\\agust\\.vscode\\extensions\\uqbar.wollok-lsp-ide-0.5.3\\out\\server\\src\\server.js:2384:2988\n    at c:\\Users\\agust\\.vscode\\extensions\\uqbar.wollok-lsp-ide-0.5.3\\out\\server\\src\\server.js:2393:8440\n    at c:\\Users\\agust\\.vscode\\extensions\\uqbar.wollok-lsp-ide-0.5.3\\out\\server\\src\\server.js:37:74872\n    at Ye (c:\\Users\\agust\\.vscode\\extensions\\uqbar.wollok-lsp-ide-0.5.3\\out\\server\\src\\server.js:7:8527)","timestamp":"2025-09-13T14:35:24.713Z"}
{"level":"error","message":"✘ Completions for node Return (undefined - pgmProgram.wpgm) failed: Error: [Return]{ed41ba} at pgmProgram.wpgm:-- exhausted all cases without a match [Return]{ed41ba} at pgmProgram.wpgm:-- exhausted all cases without a match","stack":"Error: [Return]{ed41ba} at pgmProgram.wpgm:-- exhausted all cases without a match\n    at c:\\Users\\agust\\.vscode\\extensions\\uqbar.wollok-lsp-ide-0.5.3\\out\\server\\src\\server.js:38:6142\n    at D2 (c:\\Users\\agust\\.vscode\\extensions\\uqbar.wollok-lsp-ide-0.5.3\\out\\server\\src\\server.js:2384:42)\n    at Qh (c:\\Users\\agust\\.vscode\\extensions\\uqbar.wollok-lsp-ide-0.5.3\\out\\server\\src\\server.js:2384:1092)\n    at k6n (c:\\Users\\agust\\.vscode\\extensions\\uqbar.wollok-lsp-ide-0.5.3\\out\\server\\src\\server.js:2384:1248)\n    at c:\\Users\\agust\\.vscode\\extensions\\uqbar.wollok-lsp-ide-0.5.3\\out\\server\\src\\server.js:38:6131\n    at D2 (c:\\Users\\agust\\.vscode\\extensions\\uqbar.wollok-lsp-ide-0.5.3\\out\\server\\src\\server.js:2384:42)\n    at c:\\Users\\agust\\.vscode\\extensions\\uqbar.wollok-lsp-ide-0.5.3\\out\\server\\src\\server.js:2384:2988\n    at c:\\Users\\agust\\.vscode\\extensions\\uqbar.wollok-lsp-ide-0.5.3\\out\\server\\src\\server.js:2393:8440\n    at c:\\Users\\agust\\.vscode\\extensions\\uqbar.wollok-lsp-ide-0.5.3\\out\\server\\src\\server.js:37:74872\n    at Ye (c:\\Users\\agust\\.vscode\\extensions\\uqbar.wollok-lsp-ide-0.5.3\\out\\server\\src\\server.js:7:8527)","timestamp":"2025-09-13T14:35:24.843Z"}
{"level":"error","message":"✘ Completions for node Return (undefined - pgmProgram.wpgm) failed: Error: [Return]{4ed923} at pgmProgram.wpgm:-- exhausted all cases without a match [Return]{4ed923} at pgmProgram.wpgm:-- exhausted all cases without a match","stack":"Error: [Return]{4ed923} at pgmProgram.wpgm:-- exhausted all cases without a match\n    at c:\\Users\\agust\\.vscode\\extensions\\uqbar.wollok-lsp-ide-0.5.3\\out\\server\\src\\server.js:38:6142\n    at D2 (c:\\Users\\agust\\.vscode\\extensions\\uqbar.wollok-lsp-ide-0.5.3\\out\\server\\src\\server.js:2384:42)\n    at Qh (c:\\Users\\agust\\.vscode\\extensions\\uqbar.wollok-lsp-ide-0.5.3\\out\\server\\src\\server.js:2384:1092)\n    at k6n (c:\\Users\\agust\\.vscode\\extensions\\uqbar.wollok-lsp-ide-0.5.3\\out\\server\\src\\server.js:2384:1248)\n    at c:\\Users\\agust\\.vscode\\extensions\\uqbar.wollok-lsp-ide-0.5.3\\out\\server\\src\\server.js:38:6131\n    at D2 (c:\\Users\\agust\\.vscode\\extensions\\uqbar.wollok-lsp-ide-0.5.3\\out\\server\\src\\server.js:2384:42)\n    at c:\\Users\\agust\\.vscode\\extensions\\uqbar.wollok-lsp-ide-0.5.3\\out\\server\\src\\server.js:2384:2988\n    at c:\\Users\\agust\\.vscode\\extensions\\uqbar.wollok-lsp-ide-0.5.3\\out\\server\\src\\server.js:2393:8440\n    at c:\\Users\\agust\\.vscode\\extensions\\uqbar.wollok-lsp-ide-0.5.3\\out\\server\\src\\server.js:37:74872\n    at Ye (c:\\Users\\agust\\.vscode\\extensions\\uqbar.wollok-lsp-ide-0.5.3\\out\\server\\src\\server.js:7:8527)","timestamp":"2025-09-13T14:35:26.219Z"}
{"exitCode":"SIGHUP","level":"info","message":"👾 Game executed pgmProgram.pacmanGame on c:\\Users\\agust\\Desktop\\Desarrollo\\Universidad\\Programacion con Objetos 1\\pacmanbasicgame-agusalfonsoun\\pacman-13-09-25","timeElapsed":188282,"timestamp":"2025-09-13T14:35:31.428Z"}
{"errors":{"errors":[null,["/*\r","rivales.forEach { rival => \r","game.addVisual(rival)\r","game.whenCollideDo(rival, { personaje =>\r","personaje.perderVida()\r","game.say(pacman, \"Ups! Perdí una vida\")\r","if (personaje.juegoTerminado()) {\r","game.say(pacman, \"Se me terminaron las vidas!!!\")\r","game.onTick(5000, \"gameEnd\", { game.stop() })\r","}\r","})\r"]]},"level":"error","message":"✘ Failed to get type description: Error: {\n  \"errors\": [\n    null,\n    [\n      \"/*\\r\",\n      \"rivales.forEach { rival => \\r\",\n      \"game.addVisual(rival)\\r\",\n      \"game.whenCollideDo(rival, { personaje =>\\r\",\n      \"personaje.perderVida()\\r\",\n      \"game.say(pacman, \\\"Ups! Perdí una vida\\\")\\r\",\n      \"if (personaje.juegoTerminado()) {\\r\",\n      \"game.say(pacman, \\\"Se me terminaron las vidas!!!\\\")\\r\",\n      \"game.onTick(5000, \\\"gameEnd\\\", { game.stop() })\\r\",\n      \"}\\r\",\n      \"})\\r\"\n    ]\n  ]\n} {\n  \"errors\": [\n    null,\n    [\n      \"/*\\r\",\n      \"rivales.forEach { rival => \\r\",\n      \"game.addVisual(rival)\\r\",\n      \"game.whenCollideDo(rival, { personaje =>\\r\",\n      \"personaje.perderVida()\\r\",\n      \"game.say(pacman, \\\"Ups! Perdí una vida\\\")\\r\",\n      \"if (personaje.juegoTerminado()) {\\r\",\n      \"game.say(pacman, \\\"Se me terminaron las vidas!!!\\\")\\r\",\n      \"game.onTick(5000, \\\"gameEnd\\\", { game.stop() })\\r\",\n      \"}\\r\",\n      \"})\\r\"\n    ]\n  ]\n}","stack":"Error: {\n  \"errors\": [\n    null,\n    [\n      \"/*\\r\",\n      \"rivales.forEach { rival => \\r\",\n      \"game.addVisual(rival)\\r\",\n      \"game.whenCollideDo(rival, { personaje =>\\r\",\n      \"personaje.perderVida()\\r\",\n      \"game.say(pacman, \\\"Ups! Perdí una vida\\\")\\r\",\n      \"if (personaje.juegoTerminado()) {\\r\",\n      \"game.say(pacman, \\\"Se me terminaron las vidas!!!\\\")\\r\",\n      \"game.onTick(5000, \\\"gameEnd\\\", { game.stop() })\\r\",\n      \"}\\r\",\n      \"})\\r\"\n    ]\n  ]\n}\n    at aS (c:\\Users\\agust\\.vscode\\extensions\\uqbar.wollok-lsp-ide-0.5.3\\out\\server\\src\\server.js:64:34609)\n    at K1 (c:\\Users\\agust\\.vscode\\extensions\\uqbar.wollok-lsp-ide-0.5.3\\out\\server\\src\\server.js:64:34682)\n    at c:\\Users\\agust\\.vscode\\extensions\\uqbar.wollok-lsp-ide-0.5.3\\out\\server\\src\\server.js:64:37949\n    at o.g1 (c:\\Users\\agust\\.vscode\\extensions\\uqbar.wollok-lsp-ide-0.5.3\\out\\server\\src\\server.js:57:58803)\n    at c:\\Users\\agust\\.vscode\\extensions\\uqbar.wollok-lsp-ide-0.5.3\\out\\server\\src\\server.js:64:37918\n    at c:\\Users\\agust\\.vscode\\extensions\\uqbar.wollok-lsp-ide-0.5.3\\out\\server\\src\\server.js:57:56843\n    at Dfn (c:\\Users\\agust\\.vscode\\extensions\\uqbar.wollok-lsp-ide-0.5.3\\out\\server\\src\\server.js:68:11324)\n    at c:\\Users\\agust\\.vscode\\extensions\\uqbar.wollok-lsp-ide-0.5.3\\out\\server\\src\\server.js:68:3629\n    at r4 (c:\\Users\\agust\\.vscode\\extensions\\uqbar.wollok-lsp-ide-0.5.3\\out\\server\\src\\server.js:68:9866)\n    at c:\\Users\\agust\\.vscode\\extensions\\uqbar.wollok-lsp-ide-0.5.3\\out\\server\\src\\server.js:68:9628","timestamp":"2025-09-13T14:35:31.815Z"}
{"error":["wollok.lang.EvaluationError: Error: Could not resolve reference to fantasmaAzul","  at pgmProgram.pacmanGame [pgmProgram.wpgm:41]"],"level":"info","message":"🚀 Program executed \u001b[3m\u001b[34mpgmProgram.pacmanGame\u001b[39m\u001b[23m on \u001b[3m\u001b[34mc:\\Users\\agust\\Desktop\\Desarrollo\\Universidad\\Programacion con Objetos 1\\pacmanbasicgame-agusalfonsoun\\pacman-13-09-25\u001b[39m\u001b[23m","ok":false,"timeElapsed":246,"timestamp":"2025-09-13T14:35:32.753Z"}
{"level":"error","message":"✘ Failed to rebuild document Failed to parse example.wlk: \n-- PARSING FAILED --------------------------------------------------\n\n  71 |   method image() = \"rival2.png\"\n  72 | \tmethod position() = game.at(2, 2) \n> 73 | }\n     | ^\n\nExpected one of the following: \n\n'@', 'class', 'const', 'describe', 'mixin', 'object', 'only', 'package', 'program', 'test', 'var', '{', EOF, comment, not \"}\", whitespace\n","stack":"Error: Failed to parse example.wlk: \n-- PARSING FAILED --------------------------------------------------\n\n  71 |   method image() = \"rival2.png\"\n  72 | \tmethod position() = game.at(2, 2) \n> 73 | }\n     | ^\n\nExpected one of the following: \n\n'@', 'class', 'const', 'describe', 'mixin', 'object', 'only', 'package', 'program', 'test', 'var', '{', EOF, comment, not \"}\", whitespace\n\n    at c:\\Users\\agust\\.vscode\\extensions\\uqbar.wollok-lsp-ide-0.5.3\\out\\server\\src\\server.js:2348:13026\n    at Array.map (<anonymous>)\n    at W1n (c:\\Users\\agust\\.vscode\\extensions\\uqbar.wollok-lsp-ide-0.5.3\\out\\server\\src\\server.js:2348:12950)\n    at U2.buildEnvironmentFrom (c:\\Users\\agust\\.vscode\\extensions\\uqbar.wollok-lsp-ide-0.5.3\\out\\server\\src\\server.js:2393:5254)\n    at U2.updateEnvironmentWith (c:\\Users\\agust\\.vscode\\extensions\\uqbar.wollok-lsp-ide-0.5.3\\out\\server\\src\\server.js:2393:4989)\n    at JF (c:\\Users\\agust\\.vscode\\extensions\\uqbar.wollok-lsp-ide-0.5.3\\out\\server\\src\\server.js:2393:7383)\n    at F3.invoke (c:\\Users\\agust\\.vscode\\extensions\\uqbar.wollok-lsp-ide-0.5.3\\out\\server\\src\\server.js:3:157334)\n    at o.fire (c:\\Users\\agust\\.vscode\\extensions\\uqbar.wollok-lsp-ide-0.5.3\\out\\server\\src\\server.js:3:158104)\n    at c:\\Users\\agust\\.vscode\\extensions\\uqbar.wollok-lsp-ide-0.5.3\\out\\server\\src\\server.js:37:57871\n    at Zr (c:\\Users\\agust\\.vscode\\extensions\\uqbar.wollok-lsp-ide-0.5.3\\out\\server\\src\\server.js:8:1561)","timestamp":"2025-09-13T14:35:42.758Z"}
{"level":"error","message":"✘ Failed to rebuild document Failed to parse example.wlk: \n-- PARSING FAILED --------------------------------------------------\n\n  71 |   method image() = \"rival2.png\"\n  72 | \tmethod position() = game.at(2, 2) \n> 73 | }\n     | ^\n\nExpected one of the following: \n\n'@', 'class', 'const', 'describe', 'mixin', 'object', 'only', 'package', 'program', 'test', 'var', '{', EOF, comment, not \"}\", whitespace\n","stack":"Error: Failed to parse example.wlk: \n-- PARSING FAILED --------------------------------------------------\n\n  71 |   method image() = \"rival2.png\"\n  72 | \tmethod position() = game.at(2, 2) \n> 73 | }\n     | ^\n\nExpected one of the following: \n\n'@', 'class', 'const', 'describe', 'mixin', 'object', 'only', 'package', 'program', 'test', 'var', '{', EOF, comment, not \"}\", whitespace\n\n    at c:\\Users\\agust\\.vscode\\extensions\\uqbar.wollok-lsp-ide-0.5.3\\out\\server\\src\\server.js:2348:13026\n    at Array.map (<anonymous>)\n    at W1n (c:\\Users\\agust\\.vscode\\extensions\\uqbar.wollok-lsp-ide-0.5.3\\out\\server\\src\\server.js:2348:12950)\n    at U2.buildEnvironmentFrom (c:\\Users\\agust\\.vscode\\extensions\\uqbar.wollok-lsp-ide-0.5.3\\out\\server\\src\\server.js:2393:5254)\n    at U2.updateEnvironmentWith (c:\\Users\\agust\\.vscode\\extensions\\uqbar.wollok-lsp-ide-0.5.3\\out\\server\\src\\server.js:2393:4989)\n    at JF (c:\\Users\\agust\\.vscode\\extensions\\uqbar.wollok-lsp-ide-0.5.3\\out\\server\\src\\server.js:2393:7383)\n    at F3.invoke (c:\\Users\\agust\\.vscode\\extensions\\uqbar.wollok-lsp-ide-0.5.3\\out\\server\\src\\server.js:3:157334)\n    at o.fire (c:\\Users\\agust\\.vscode\\extensions\\uqbar.wollok-lsp-ide-0.5.3\\out\\server\\src\\server.js:3:158104)\n    at c:\\Users\\agust\\.vscode\\extensions\\uqbar.wollok-lsp-ide-0.5.3\\out\\server\\src\\server.js:37:57871\n    at Zr (c:\\Users\\agust\\.vscode\\extensions\\uqbar.wollok-lsp-ide-0.5.3\\out\\server\\src\\server.js:8:1561)","timestamp":"2025-09-13T14:35:42.864Z"}
{"level":"error","message":"✘ Failed to rebuild document Failed to parse example.wlk: \n-- PARSING FAILED --------------------------------------------------\n\n  71 |   method image() = \"rival2.png\"\n  72 | \tmethod position() = game.at(2, 2) \n> 73 | }\n     | ^\n\nExpected one of the following: \n\n'@', 'class', 'const', 'describe', 'mixin', 'object', 'only', 'package', 'program', 'test', 'var', '{', EOF, comment, not \"}\", whitespace\n","stack":"Error: Failed to parse example.wlk: \n-- PARSING FAILED --------------------------------------------------\n\n  71 |   method image() = \"rival2.png\"\n  72 | \tmethod position() = game.at(2, 2) \n> 73 | }\n     | ^\n\nExpected one of the following: \n\n'@', 'class', 'const', 'describe', 'mixin', 'object', 'only', 'package', 'program', 'test', 'var', '{', EOF, comment, not \"}\", whitespace\n\n    at c:\\Users\\agust\\.vscode\\extensions\\uqbar.wollok-lsp-ide-0.5.3\\out\\server\\src\\server.js:2348:13026\n    at Array.map (<anonymous>)\n    at W1n (c:\\Users\\agust\\.vscode\\extensions\\uqbar.wollok-lsp-ide-0.5.3\\out\\server\\src\\server.js:2348:12950)\n    at U2.buildEnvironmentFrom (c:\\Users\\agust\\.vscode\\extensions\\uqbar.wollok-lsp-ide-0.5.3\\out\\server\\src\\server.js:2393:5254)\n    at U2.updateEnvironmentWith (c:\\Users\\agust\\.vscode\\extensions\\uqbar.wollok-lsp-ide-0.5.3\\out\\server\\src\\server.js:2393:4989)\n    at JF (c:\\Users\\agust\\.vscode\\extensions\\uqbar.wollok-lsp-ide-0.5.3\\out\\server\\src\\server.js:2393:7383)\n    at F3.invoke (c:\\Users\\agust\\.vscode\\extensions\\uqbar.wollok-lsp-ide-0.5.3\\out\\server\\src\\server.js:3:157334)\n    at o.fire (c:\\Users\\agust\\.vscode\\extensions\\uqbar.wollok-lsp-ide-0.5.3\\out\\server\\src\\server.js:3:158104)\n    at c:\\Users\\agust\\.vscode\\extensions\\uqbar.wollok-lsp-ide-0.5.3\\out\\server\\src\\server.js:37:57871\n    at Zr (c:\\Users\\agust\\.vscode\\extensions\\uqbar.wollok-lsp-ide-0.5.3\\out\\server\\src\\server.js:8:1561)","timestamp":"2025-09-13T14:35:43.152Z"}
{"level":"info","message":"🚀 Program executed \u001b[3m\u001b[34mpgmProgram.pacmanGame\u001b[39m\u001b[23m on \u001b[3m\u001b[34mc:\\Users\\agust\\Desktop\\Desarrollo\\Universidad\\Programacion con Objetos 1\\pacmanbasicgame-agusalfonsoun\\pacman-13-09-25\u001b[39m\u001b[23m","ok":true,"timeElapsed":227,"timestamp":"2025-09-13T14:35:48.548Z"}
{"level":"error","message":"✘ Failed to rebuild document Failed to parse example.wlk: \n-- PARSING FAILED --------------------------------------------------\n\n  50 |     }\n  51 |   }\n> 52 | }\n     | ^\n  53 | \n  54 | object cherry {\n\nExpected one of the following: \n\n'@', 'class', 'const', 'describe', 'mixin', 'object', 'only', 'package', 'program', 'test', 'var', '{', EOF, comment, not \"}\r\n\r\n\", whitespace\n","stack":"Error: Failed to parse example.wlk: \n-- PARSING FAILED --------------------------------------------------\n\n  50 |     }\n  51 |   }\n> 52 | }\n     | ^\n  53 | \n  54 | object cherry {\n\nExpected one of the following: \n\n'@', 'class', 'const', 'describe', 'mixin', 'object', 'only', 'package', 'program', 'test', 'var', '{', EOF, comment, not \"}\r\n\r\n\", whitespace\n\n    at c:\\Users\\agust\\.vscode\\extensions\\uqbar.wollok-lsp-ide-0.5.3\\out\\server\\src\\server.js:2348:13026\n    at Array.map (<anonymous>)\n    at W1n (c:\\Users\\agust\\.vscode\\extensions\\uqbar.wollok-lsp-ide-0.5.3\\out\\server\\src\\server.js:2348:12950)\n    at U2.buildEnvironmentFrom (c:\\Users\\agust\\.vscode\\extensions\\uqbar.wollok-lsp-ide-0.5.3\\out\\server\\src\\server.js:2393:5254)\n    at U2.updateEnvironmentWith (c:\\Users\\agust\\.vscode\\extensions\\uqbar.wollok-lsp-ide-0.5.3\\out\\server\\src\\server.js:2393:4989)\n    at JF (c:\\Users\\agust\\.vscode\\extensions\\uqbar.wollok-lsp-ide-0.5.3\\out\\server\\src\\server.js:2393:7383)\n    at F3.invoke (c:\\Users\\agust\\.vscode\\extensions\\uqbar.wollok-lsp-ide-0.5.3\\out\\server\\src\\server.js:3:157334)\n    at o.fire (c:\\Users\\agust\\.vscode\\extensions\\uqbar.wollok-lsp-ide-0.5.3\\out\\server\\src\\server.js:3:158104)\n    at c:\\Users\\agust\\.vscode\\extensions\\uqbar.wollok-lsp-ide-0.5.3\\out\\server\\src\\server.js:37:57871\n    at Zr (c:\\Users\\agust\\.vscode\\extensions\\uqbar.wollok-lsp-ide-0.5.3\\out\\server\\src\\server.js:8:1561)","timestamp":"2025-09-13T14:37:25.323Z"}
{"level":"error","message":"✘ Failed to rebuild document Failed to parse example.wlk: \n-- PARSING FAILED --------------------------------------------------\n\n  50 |     }\n  51 |   }\n> 52 | }\n     | ^\n  53 | \n  54 | object cherry {\n\nExpected one of the following: \n\n'@', 'class', 'const', 'describe', 'mixin', 'object', 'only', 'package', 'program', 'test', 'var', '{', EOF, comment, not \"}\r\n\r\n\", whitespace\n","stack":"Error: Failed to parse example.wlk: \n-- PARSING FAILED --------------------------------------------------\n\n  50 |     }\n  51 |   }\n> 52 | }\n     | ^\n  53 | \n  54 | object cherry {\n\nExpected one of the following: \n\n'@', 'class', 'const', 'describe', 'mixin', 'object', 'only', 'package', 'program', 'test', 'var', '{', EOF, comment, not \"}\r\n\r\n\", whitespace\n\n    at c:\\Users\\agust\\.vscode\\extensions\\uqbar.wollok-lsp-ide-0.5.3\\out\\server\\src\\server.js:2348:13026\n    at Array.map (<anonymous>)\n    at W1n (c:\\Users\\agust\\.vscode\\extensions\\uqbar.wollok-lsp-ide-0.5.3\\out\\server\\src\\server.js:2348:12950)\n    at U2.buildEnvironmentFrom (c:\\Users\\agust\\.vscode\\extensions\\uqbar.wollok-lsp-ide-0.5.3\\out\\server\\src\\server.js:2393:5254)\n    at U2.updateEnvironmentWith (c:\\Users\\agust\\.vscode\\extensions\\uqbar.wollok-lsp-ide-0.5.3\\out\\server\\src\\server.js:2393:4989)\n    at JF (c:\\Users\\agust\\.vscode\\extensions\\uqbar.wollok-lsp-ide-0.5.3\\out\\server\\src\\server.js:2393:7383)\n    at F3.invoke (c:\\Users\\agust\\.vscode\\extensions\\uqbar.wollok-lsp-ide-0.5.3\\out\\server\\src\\server.js:3:157334)\n    at o.fire (c:\\Users\\agust\\.vscode\\extensions\\uqbar.wollok-lsp-ide-0.5.3\\out\\server\\src\\server.js:3:158104)\n    at c:\\Users\\agust\\.vscode\\extensions\\uqbar.wollok-lsp-ide-0.5.3\\out\\server\\src\\server.js:37:57871\n    at Zr (c:\\Users\\agust\\.vscode\\extensions\\uqbar.wollok-lsp-ide-0.5.3\\out\\server\\src\\server.js:8:1561)","timestamp":"2025-09-13T14:37:27.554Z"}
{"level":"error","message":"✘ Failed to rebuild document Failed to parse example.wlk: \n-- PARSING FAILED --------------------------------------------------\n\n  50 |     }\n  51 |   }\n> 52 | }\n     | ^\n  53 | \n  54 | object cherry {\n\nExpected one of the following: \n\n'@', 'class', 'const', 'describe', 'mixin', 'object', 'only', 'package', 'program', 'test', 'var', '{', EOF, comment, not \"}\r\n\r\n\", whitespace\n","stack":"Error: Failed to parse example.wlk: \n-- PARSING FAILED --------------------------------------------------\n\n  50 |     }\n  51 |   }\n> 52 | }\n     | ^\n  53 | \n  54 | object cherry {\n\nExpected one of the following: \n\n'@', 'class', 'const', 'describe', 'mixin', 'object', 'only', 'package', 'program', 'test', 'var', '{', EOF, comment, not \"}\r\n\r\n\", whitespace\n\n    at c:\\Users\\agust\\.vscode\\extensions\\uqbar.wollok-lsp-ide-0.5.3\\out\\server\\src\\server.js:2348:13026\n    at Array.map (<anonymous>)\n    at W1n (c:\\Users\\agust\\.vscode\\extensions\\uqbar.wollok-lsp-ide-0.5.3\\out\\server\\src\\server.js:2348:12950)\n    at U2.buildEnvironmentFrom (c:\\Users\\agust\\.vscode\\extensions\\uqbar.wollok-lsp-ide-0.5.3\\out\\server\\src\\server.js:2393:5254)\n    at U2.updateEnvironmentWith (c:\\Users\\agust\\.vscode\\extensions\\uqbar.wollok-lsp-ide-0.5.3\\out\\server\\src\\server.js:2393:4989)\n    at JF (c:\\Users\\agust\\.vscode\\extensions\\uqbar.wollok-lsp-ide-0.5.3\\out\\server\\src\\server.js:2393:7383)\n    at F3.invoke (c:\\Users\\agust\\.vscode\\extensions\\uqbar.wollok-lsp-ide-0.5.3\\out\\server\\src\\server.js:3:157334)\n    at o.fire (c:\\Users\\agust\\.vscode\\extensions\\uqbar.wollok-lsp-ide-0.5.3\\out\\server\\src\\server.js:3:158104)\n    at c:\\Users\\agust\\.vscode\\extensions\\uqbar.wollok-lsp-ide-0.5.3\\out\\server\\src\\server.js:37:57871\n    at Zr (c:\\Users\\agust\\.vscode\\extensions\\uqbar.wollok-lsp-ide-0.5.3\\out\\server\\src\\server.js:8:1561)","timestamp":"2025-09-13T14:37:27.688Z"}
{"level":"error","message":"✘ Failed to rebuild document Failed to parse example.wlk: \n-- PARSING FAILED --------------------------------------------------\n\n  50 |     }\n  51 |   }\n> 52 | }\n     | ^\n  53 | \n  54 | object cherry {\n\nExpected one of the following: \n\n'@', 'class', 'const', 'describe', 'mixin', 'object', 'only', 'package', 'program', 'test', 'var', '{', EOF, comment, not \"}\r\n\r\n\", whitespace\n","stack":"Error: Failed to parse example.wlk: \n-- PARSING FAILED --------------------------------------------------\n\n  50 |     }\n  51 |   }\n> 52 | }\n     | ^\n  53 | \n  54 | object cherry {\n\nExpected one of the following: \n\n'@', 'class', 'const', 'describe', 'mixin', 'object', 'only', 'package', 'program', 'test', 'var', '{', EOF, comment, not \"}\r\n\r\n\", whitespace\n\n    at c:\\Users\\agust\\.vscode\\extensions\\uqbar.wollok-lsp-ide-0.5.3\\out\\server\\src\\server.js:2348:13026\n    at Array.map (<anonymous>)\n    at W1n (c:\\Users\\agust\\.vscode\\extensions\\uqbar.wollok-lsp-ide-0.5.3\\out\\server\\src\\server.js:2348:12950)\n    at U2.buildEnvironmentFrom (c:\\Users\\agust\\.vscode\\extensions\\uqbar.wollok-lsp-ide-0.5.3\\out\\server\\src\\server.js:2393:5254)\n    at U2.updateEnvironmentWith (c:\\Users\\agust\\.vscode\\extensions\\uqbar.wollok-lsp-ide-0.5.3\\out\\server\\src\\server.js:2393:4989)\n    at JF (c:\\Users\\agust\\.vscode\\extensions\\uqbar.wollok-lsp-ide-0.5.3\\out\\server\\src\\server.js:2393:7383)\n    at F3.invoke (c:\\Users\\agust\\.vscode\\extensions\\uqbar.wollok-lsp-ide-0.5.3\\out\\server\\src\\server.js:3:157334)\n    at o.fire (c:\\Users\\agust\\.vscode\\extensions\\uqbar.wollok-lsp-ide-0.5.3\\out\\server\\src\\server.js:3:158104)\n    at c:\\Users\\agust\\.vscode\\extensions\\uqbar.wollok-lsp-ide-0.5.3\\out\\server\\src\\server.js:37:57871\n    at Zr (c:\\Users\\agust\\.vscode\\extensions\\uqbar.wollok-lsp-ide-0.5.3\\out\\server\\src\\server.js:8:1561)","timestamp":"2025-09-13T14:37:27.820Z"}
{"level":"error","message":"✘ Failed to rebuild document Failed to parse example.wlk: \n-- PARSING FAILED --------------------------------------------------\n\n  10 | \t\tvidas = vidas - 1\n  11 | \t\tposition = game.origin()\t\n> 12 | \t}\n     |  ^\n  13 | \t\n  14 | \tmethod juegoTerminado() = vidas == 0\n\nExpected one of the following: \n\n'@', 'class', 'const', 'describe', 'mixin', 'object', 'only', 'package', 'program', 'test', 'var', '{', EOF, comment, not \"}\r\n\t\r\n\t\", whitespace\n","stack":"Error: Failed to parse example.wlk: \n-- PARSING FAILED --------------------------------------------------\n\n  10 | \t\tvidas = vidas - 1\n  11 | \t\tposition = game.origin()\t\n> 12 | \t}\n     |  ^\n  13 | \t\n  14 | \tmethod juegoTerminado() = vidas == 0\n\nExpected one of the following: \n\n'@', 'class', 'const', 'describe', 'mixin', 'object', 'only', 'package', 'program', 'test', 'var', '{', EOF, comment, not \"}\r\n\t\r\n\t\", whitespace\n\n    at c:\\Users\\agust\\.vscode\\extensions\\uqbar.wollok-lsp-ide-0.5.3\\out\\server\\src\\server.js:2348:13026\n    at Array.map (<anonymous>)\n    at W1n (c:\\Users\\agust\\.vscode\\extensions\\uqbar.wollok-lsp-ide-0.5.3\\out\\server\\src\\server.js:2348:12950)\n    at U2.buildEnvironmentFrom (c:\\Users\\agust\\.vscode\\extensions\\uqbar.wollok-lsp-ide-0.5.3\\out\\server\\src\\server.js:2393:5254)\n    at U2.updateEnvironmentWith (c:\\Users\\agust\\.vscode\\extensions\\uqbar.wollok-lsp-ide-0.5.3\\out\\server\\src\\server.js:2393:4989)\n    at JF (c:\\Users\\agust\\.vscode\\extensions\\uqbar.wollok-lsp-ide-0.5.3\\out\\server\\src\\server.js:2393:7383)\n    at F3.invoke (c:\\Users\\agust\\.vscode\\extensions\\uqbar.wollok-lsp-ide-0.5.3\\out\\server\\src\\server.js:3:157334)\n    at o.fire (c:\\Users\\agust\\.vscode\\extensions\\uqbar.wollok-lsp-ide-0.5.3\\out\\server\\src\\server.js:3:158104)\n    at c:\\Users\\agust\\.vscode\\extensions\\uqbar.wollok-lsp-ide-0.5.3\\out\\server\\src\\server.js:37:57871\n    at Zr (c:\\Users\\agust\\.vscode\\extensions\\uqbar.wollok-lsp-ide-0.5.3\\out\\server\\src\\server.js:8:1561)","timestamp":"2025-09-13T14:37:27.979Z"}
{"level":"error","message":"✘ Failed to rebuild document Failed to parse example.wlk: \n-- PARSING FAILED --------------------------------------------------\n\n  50 |     }\n  51 |   }\n> 52 | }\n     | ^\n  53 | \n  54 | object cherry {\n\nExpected one of the following: \n\n'@', 'class', 'const', 'describe', 'mixin', 'object', 'only', 'package', 'program', 'test', 'var', '{', EOF, comment, not \"}\r\n\r\n\", whitespace\n","stack":"Error: Failed to parse example.wlk: \n-- PARSING FAILED --------------------------------------------------\n\n  50 |     }\n  51 |   }\n> 52 | }\n     | ^\n  53 | \n  54 | object cherry {\n\nExpected one of the following: \n\n'@', 'class', 'const', 'describe', 'mixin', 'object', 'only', 'package', 'program', 'test', 'var', '{', EOF, comment, not \"}\r\n\r\n\", whitespace\n\n    at c:\\Users\\agust\\.vscode\\extensions\\uqbar.wollok-lsp-ide-0.5.3\\out\\server\\src\\server.js:2348:13026\n    at Array.map (<anonymous>)\n    at W1n (c:\\Users\\agust\\.vscode\\extensions\\uqbar.wollok-lsp-ide-0.5.3\\out\\server\\src\\server.js:2348:12950)\n    at U2.buildEnvironmentFrom (c:\\Users\\agust\\.vscode\\extensions\\uqbar.wollok-lsp-ide-0.5.3\\out\\server\\src\\server.js:2393:5254)\n    at U2.updateEnvironmentWith (c:\\Users\\agust\\.vscode\\extensions\\uqbar.wollok-lsp-ide-0.5.3\\out\\server\\src\\server.js:2393:4989)\n    at JF (c:\\Users\\agust\\.vscode\\extensions\\uqbar.wollok-lsp-ide-0.5.3\\out\\server\\src\\server.js:2393:7383)\n    at F3.invoke (c:\\Users\\agust\\.vscode\\extensions\\uqbar.wollok-lsp-ide-0.5.3\\out\\server\\src\\server.js:3:157334)\n    at o.fire (c:\\Users\\agust\\.vscode\\extensions\\uqbar.wollok-lsp-ide-0.5.3\\out\\server\\src\\server.js:3:158104)\n    at c:\\Users\\agust\\.vscode\\extensions\\uqbar.wollok-lsp-ide-0.5.3\\out\\server\\src\\server.js:37:57871\n    at Zr (c:\\Users\\agust\\.vscode\\extensions\\uqbar.wollok-lsp-ide-0.5.3\\out\\server\\src\\server.js:8:1561)","timestamp":"2025-09-13T14:37:28.080Z"}
{"level":"error","message":"✘ Failed to rebuild document Failed to parse example.wlk: \n-- PARSING FAILED --------------------------------------------------\n\n  50 |     }\n  51 |   }\n> 52 | }\n     | ^\n  53 | \n  54 | object cherry {\n\nExpected one of the following: \n\n'@', 'class', 'const', 'describe', 'mixin', 'object', 'only', 'package', 'program', 'test', 'var', '{', EOF, comment, not \"}\r\n\r\n\", whitespace\n","stack":"Error: Failed to parse example.wlk: \n-- PARSING FAILED --------------------------------------------------\n\n  50 |     }\n  51 |   }\n> 52 | }\n     | ^\n  53 | \n  54 | object cherry {\n\nExpected one of the following: \n\n'@', 'class', 'const', 'describe', 'mixin', 'object', 'only', 'package', 'program', 'test', 'var', '{', EOF, comment, not \"}\r\n\r\n\", whitespace\n\n    at c:\\Users\\agust\\.vscode\\extensions\\uqbar.wollok-lsp-ide-0.5.3\\out\\server\\src\\server.js:2348:13026\n    at Array.map (<anonymous>)\n    at W1n (c:\\Users\\agust\\.vscode\\extensions\\uqbar.wollok-lsp-ide-0.5.3\\out\\server\\src\\server.js:2348:12950)\n    at U2.buildEnvironmentFrom (c:\\Users\\agust\\.vscode\\extensions\\uqbar.wollok-lsp-ide-0.5.3\\out\\server\\src\\server.js:2393:5254)\n    at U2.updateEnvironmentWith (c:\\Users\\agust\\.vscode\\extensions\\uqbar.wollok-lsp-ide-0.5.3\\out\\server\\src\\server.js:2393:4989)\n    at JF (c:\\Users\\agust\\.vscode\\extensions\\uqbar.wollok-lsp-ide-0.5.3\\out\\server\\src\\server.js:2393:7383)\n    at F3.invoke (c:\\Users\\agust\\.vscode\\extensions\\uqbar.wollok-lsp-ide-0.5.3\\out\\server\\src\\server.js:3:157334)\n    at o.fire (c:\\Users\\agust\\.vscode\\extensions\\uqbar.wollok-lsp-ide-0.5.3\\out\\server\\src\\server.js:3:158104)\n    at c:\\Users\\agust\\.vscode\\extensions\\uqbar.wollok-lsp-ide-0.5.3\\out\\server\\src\\server.js:37:57871\n    at Zr (c:\\Users\\agust\\.vscode\\extensions\\uqbar.wollok-lsp-ide-0.5.3\\out\\server\\src\\server.js:8:1561)","timestamp":"2025-09-13T14:37:28.221Z"}
{"level":"error","message":"✘ Failed to rebuild document Failed to parse example.wlk: \n-- PARSING FAILED --------------------------------------------------\n\n  50 |     }\n  51 |   }\n> 52 | }\n     | ^\n  53 | \n  54 | object cherry {\n\nExpected one of the following: \n\n'@', 'class', 'const', 'describe', 'mixin', 'object', 'only', 'package', 'program', 'test', 'var', '{', EOF, comment, not \"}\r\n\r\n\", whitespace\n","stack":"Error: Failed to parse example.wlk: \n-- PARSING FAILED --------------------------------------------------\n\n  50 |     }\n  51 |   }\n> 52 | }\n     | ^\n  53 | \n  54 | object cherry {\n\nExpected one of the following: \n\n'@', 'class', 'const', 'describe', 'mixin', 'object', 'only', 'package', 'program', 'test', 'var', '{', EOF, comment, not \"}\r\n\r\n\", whitespace\n\n    at c:\\Users\\agust\\.vscode\\extensions\\uqbar.wollok-lsp-ide-0.5.3\\out\\server\\src\\server.js:2348:13026\n    at Array.map (<anonymous>)\n    at W1n (c:\\Users\\agust\\.vscode\\extensions\\uqbar.wollok-lsp-ide-0.5.3\\out\\server\\src\\server.js:2348:12950)\n    at U2.buildEnvironmentFrom (c:\\Users\\agust\\.vscode\\extensions\\uqbar.wollok-lsp-ide-0.5.3\\out\\server\\src\\server.js:2393:5254)\n    at U2.updateEnvironmentWith (c:\\Users\\agust\\.vscode\\extensions\\uqbar.wollok-lsp-ide-0.5.3\\out\\server\\src\\server.js:2393:4989)\n    at JF (c:\\Users\\agust\\.vscode\\extensions\\uqbar.wollok-lsp-ide-0.5.3\\out\\server\\src\\server.js:2393:7383)\n    at F3.invoke (c:\\Users\\agust\\.vscode\\extensions\\uqbar.wollok-lsp-ide-0.5.3\\out\\server\\src\\server.js:3:157334)\n    at o.fire (c:\\Users\\agust\\.vscode\\extensions\\uqbar.wollok-lsp-ide-0.5.3\\out\\server\\src\\server.js:3:158104)\n    at c:\\Users\\agust\\.vscode\\extensions\\uqbar.wollok-lsp-ide-0.5.3\\out\\server\\src\\server.js:37:57871\n    at Zr (c:\\Users\\agust\\.vscode\\extensions\\uqbar.wollok-lsp-ide-0.5.3\\out\\server\\src\\server.js:8:1561)","timestamp":"2025-09-13T14:37:28.321Z"}
{"level":"error","message":"✘ Failed to rebuild document Failed to parse example.wlk: \n-- PARSING FAILED --------------------------------------------------\n\n  50 |     }\n  51 |   }\n> 52 | }\n     | ^\n  53 | \n  54 | object cherry {\n\nExpected one of the following: \n\n'@', 'class', 'const', 'describe', 'mixin', 'object', 'only', 'package', 'program', 'test', 'var', '{', EOF, comment, not \"}\r\n\r\n\", whitespace\n","stack":"Error: Failed to parse example.wlk: \n-- PARSING FAILED --------------------------------------------------\n\n  50 |     }\n  51 |   }\n> 52 | }\n     | ^\n  53 | \n  54 | object cherry {\n\nExpected one of the following: \n\n'@', 'class', 'const', 'describe', 'mixin', 'object', 'only', 'package', 'program', 'test', 'var', '{', EOF, comment, not \"}\r\n\r\n\", whitespace\n\n    at c:\\Users\\agust\\.vscode\\extensions\\uqbar.wollok-lsp-ide-0.5.3\\out\\server\\src\\server.js:2348:13026\n    at Array.map (<anonymous>)\n    at W1n (c:\\Users\\agust\\.vscode\\extensions\\uqbar.wollok-lsp-ide-0.5.3\\out\\server\\src\\server.js:2348:12950)\n    at U2.buildEnvironmentFrom (c:\\Users\\agust\\.vscode\\extensions\\uqbar.wollok-lsp-ide-0.5.3\\out\\server\\src\\server.js:2393:5254)\n    at U2.updateEnvironmentWith (c:\\Users\\agust\\.vscode\\extensions\\uqbar.wollok-lsp-ide-0.5.3\\out\\server\\src\\server.js:2393:4989)\n    at JF (c:\\Users\\agust\\.vscode\\extensions\\uqbar.wollok-lsp-ide-0.5.3\\out\\server\\src\\server.js:2393:7383)\n    at F3.invoke (c:\\Users\\agust\\.vscode\\extensions\\uqbar.wollok-lsp-ide-0.5.3\\out\\server\\src\\server.js:3:157334)\n    at o.fire (c:\\Users\\agust\\.vscode\\extensions\\uqbar.wollok-lsp-ide-0.5.3\\out\\server\\src\\server.js:3:158104)\n    at c:\\Users\\agust\\.vscode\\extensions\\uqbar.wollok-lsp-ide-0.5.3\\out\\server\\src\\server.js:37:57871\n    at Zr (c:\\Users\\agust\\.vscode\\extensions\\uqbar.wollok-lsp-ide-0.5.3\\out\\server\\src\\server.js:8:1561)","timestamp":"2025-09-13T14:37:28.404Z"}
{"level":"error","message":"✘ Failed to rebuild document Failed to parse example.wlk: \n-- PARSING FAILED --------------------------------------------------\n\n  50 |     }\n  51 |   }\n> 52 | }\n     | ^\n  53 | \n  54 | object cherry {\n\nExpected one of the following: \n\n'@', 'class', 'const', 'describe', 'mixin', 'object', 'only', 'package', 'program', 'test', 'var', '{', EOF, comment, not \"}\r\n\r\n\", whitespace\n","stack":"Error: Failed to parse example.wlk: \n-- PARSING FAILED --------------------------------------------------\n\n  50 |     }\n  51 |   }\n> 52 | }\n     | ^\n  53 | \n  54 | object cherry {\n\nExpected one of the following: \n\n'@', 'class', 'const', 'describe', 'mixin', 'object', 'only', 'package', 'program', 'test', 'var', '{', EOF, comment, not \"}\r\n\r\n\", whitespace\n\n    at c:\\Users\\agust\\.vscode\\extensions\\uqbar.wollok-lsp-ide-0.5.3\\out\\server\\src\\server.js:2348:13026\n    at Array.map (<anonymous>)\n    at W1n (c:\\Users\\agust\\.vscode\\extensions\\uqbar.wollok-lsp-ide-0.5.3\\out\\server\\src\\server.js:2348:12950)\n    at U2.buildEnvironmentFrom (c:\\Users\\agust\\.vscode\\extensions\\uqbar.wollok-lsp-ide-0.5.3\\out\\server\\src\\server.js:2393:5254)\n    at U2.updateEnvironmentWith (c:\\Users\\agust\\.vscode\\extensions\\uqbar.wollok-lsp-ide-0.5.3\\out\\server\\src\\server.js:2393:4989)\n    at JF (c:\\Users\\agust\\.vscode\\extensions\\uqbar.wollok-lsp-ide-0.5.3\\out\\server\\src\\server.js:2393:7383)\n    at F3.invoke (c:\\Users\\agust\\.vscode\\extensions\\uqbar.wollok-lsp-ide-0.5.3\\out\\server\\src\\server.js:3:157334)\n    at o.fire (c:\\Users\\agust\\.vscode\\extensions\\uqbar.wollok-lsp-ide-0.5.3\\out\\server\\src\\server.js:3:158104)\n    at c:\\Users\\agust\\.vscode\\extensions\\uqbar.wollok-lsp-ide-0.5.3\\out\\server\\src\\server.js:37:57871\n    at Zr (c:\\Users\\agust\\.vscode\\extensions\\uqbar.wollok-lsp-ide-0.5.3\\out\\server\\src\\server.js:8:1561)","timestamp":"2025-09-13T14:37:28.774Z"}
{"level":"error","message":"✘ Failed to rebuild document Failed to parse example.wlk: \n-- PARSING FAILED --------------------------------------------------\n\n  50 |     }\n  51 |   }\n> 52 | }\n     | ^\n  53 | \n  54 | object cherry {\n\nExpected one of the following: \n\n'@', 'class', 'const', 'describe', 'mixin', 'object', 'only', 'package', 'program', 'test', 'var', '{', EOF, comment, not \"}\r\n\r\n\", whitespace\n","stack":"Error: Failed to parse example.wlk: \n-- PARSING FAILED --------------------------------------------------\n\n  50 |     }\n  51 |   }\n> 52 | }\n     | ^\n  53 | \n  54 | object cherry {\n\nExpected one of the following: \n\n'@', 'class', 'const', 'describe', 'mixin', 'object', 'only', 'package', 'program', 'test', 'var', '{', EOF, comment, not \"}\r\n\r\n\", whitespace\n\n    at c:\\Users\\agust\\.vscode\\extensions\\uqbar.wollok-lsp-ide-0.5.3\\out\\server\\src\\server.js:2348:13026\n    at Array.map (<anonymous>)\n    at W1n (c:\\Users\\agust\\.vscode\\extensions\\uqbar.wollok-lsp-ide-0.5.3\\out\\server\\src\\server.js:2348:12950)\n    at U2.buildEnvironmentFrom (c:\\Users\\agust\\.vscode\\extensions\\uqbar.wollok-lsp-ide-0.5.3\\out\\server\\src\\server.js:2393:5254)\n    at U2.updateEnvironmentWith (c:\\Users\\agust\\.vscode\\extensions\\uqbar.wollok-lsp-ide-0.5.3\\out\\server\\src\\server.js:2393:4989)\n    at JF (c:\\Users\\agust\\.vscode\\extensions\\uqbar.wollok-lsp-ide-0.5.3\\out\\server\\src\\server.js:2393:7383)\n    at F3.invoke (c:\\Users\\agust\\.vscode\\extensions\\uqbar.wollok-lsp-ide-0.5.3\\out\\server\\src\\server.js:3:157334)\n    at o.fire (c:\\Users\\agust\\.vscode\\extensions\\uqbar.wollok-lsp-ide-0.5.3\\out\\server\\src\\server.js:3:158104)\n    at c:\\Users\\agust\\.vscode\\extensions\\uqbar.wollok-lsp-ide-0.5.3\\out\\server\\src\\server.js:37:57871\n    at Zr (c:\\Users\\agust\\.vscode\\extensions\\uqbar.wollok-lsp-ide-0.5.3\\out\\server\\src\\server.js:8:1561)","timestamp":"2025-09-13T14:37:28.923Z"}
{"level":"error","message":"✘ Failed to rebuild document Failed to parse example.wlk: \n-- PARSING FAILED --------------------------------------------------\n\n  50 |     }\n  51 |   }\n> 52 | }\n     | ^\n  53 | \n  54 | object cherry {\n\nExpected one of the following: \n\n'@', 'class', 'const', 'describe', 'mixin', 'object', 'only', 'package', 'program', 'test', 'var', '{', EOF, comment, not \"}\r\n\r\n\", whitespace\n","stack":"Error: Failed to parse example.wlk: \n-- PARSING FAILED --------------------------------------------------\n\n  50 |     }\n  51 |   }\n> 52 | }\n     | ^\n  53 | \n  54 | object cherry {\n\nExpected one of the following: \n\n'@', 'class', 'const', 'describe', 'mixin', 'object', 'only', 'package', 'program', 'test', 'var', '{', EOF, comment, not \"}\r\n\r\n\", whitespace\n\n    at c:\\Users\\agust\\.vscode\\extensions\\uqbar.wollok-lsp-ide-0.5.3\\out\\server\\src\\server.js:2348:13026\n    at Array.map (<anonymous>)\n    at W1n (c:\\Users\\agust\\.vscode\\extensions\\uqbar.wollok-lsp-ide-0.5.3\\out\\server\\src\\server.js:2348:12950)\n    at U2.buildEnvironmentFrom (c:\\Users\\agust\\.vscode\\extensions\\uqbar.wollok-lsp-ide-0.5.3\\out\\server\\src\\server.js:2393:5254)\n    at U2.updateEnvironmentWith (c:\\Users\\agust\\.vscode\\extensions\\uqbar.wollok-lsp-ide-0.5.3\\out\\server\\src\\server.js:2393:4989)\n    at JF (c:\\Users\\agust\\.vscode\\extensions\\uqbar.wollok-lsp-ide-0.5.3\\out\\server\\src\\server.js:2393:7383)\n    at F3.invoke (c:\\Users\\agust\\.vscode\\extensions\\uqbar.wollok-lsp-ide-0.5.3\\out\\server\\src\\server.js:3:157334)\n    at o.fire (c:\\Users\\agust\\.vscode\\extensions\\uqbar.wollok-lsp-ide-0.5.3\\out\\server\\src\\server.js:3:158104)\n    at c:\\Users\\agust\\.vscode\\extensions\\uqbar.wollok-lsp-ide-0.5.3\\out\\server\\src\\server.js:37:57871\n    at Zr (c:\\Users\\agust\\.vscode\\extensions\\uqbar.wollok-lsp-ide-0.5.3\\out\\server\\src\\server.js:8:1561)","timestamp":"2025-09-13T14:37:29.086Z"}
{"level":"error","message":"✘ Failed to rebuild document Failed to parse example.wlk: \n-- PARSING FAILED --------------------------------------------------\n\n  50 |     }\n  51 |   }\n> 52 | }\n     | ^\n  53 | \n  54 | object cherry {\n\nExpected one of the following: \n\n'@', 'class', 'const', 'describe', 'mixin', 'object', 'only', 'package', 'program', 'test', 'var', '{', EOF, comment, not \"}\r\n\r\n\", whitespace\n","stack":"Error: Failed to parse example.wlk: \n-- PARSING FAILED --------------------------------------------------\n\n  50 |     }\n  51 |   }\n> 52 | }\n     | ^\n  53 | \n  54 | object cherry {\n\nExpected one of the following: \n\n'@', 'class', 'const', 'describe', 'mixin', 'object', 'only', 'package', 'program', 'test', 'var', '{', EOF, comment, not \"}\r\n\r\n\", whitespace\n\n    at c:\\Users\\agust\\.vscode\\extensions\\uqbar.wollok-lsp-ide-0.5.3\\out\\server\\src\\server.js:2348:13026\n    at Array.map (<anonymous>)\n    at W1n (c:\\Users\\agust\\.vscode\\extensions\\uqbar.wollok-lsp-ide-0.5.3\\out\\server\\src\\server.js:2348:12950)\n    at U2.buildEnvironmentFrom (c:\\Users\\agust\\.vscode\\extensions\\uqbar.wollok-lsp-ide-0.5.3\\out\\server\\src\\server.js:2393:5254)\n    at U2.updateEnvironmentWith (c:\\Users\\agust\\.vscode\\extensions\\uqbar.wollok-lsp-ide-0.5.3\\out\\server\\src\\server.js:2393:4989)\n    at JF (c:\\Users\\agust\\.vscode\\extensions\\uqbar.wollok-lsp-ide-0.5.3\\out\\server\\src\\server.js:2393:7383)\n    at F3.invoke (c:\\Users\\agust\\.vscode\\extensions\\uqbar.wollok-lsp-ide-0.5.3\\out\\server\\src\\server.js:3:157334)\n    at o.fire (c:\\Users\\agust\\.vscode\\extensions\\uqbar.wollok-lsp-ide-0.5.3\\out\\server\\src\\server.js:3:158104)\n    at c:\\Users\\agust\\.vscode\\extensions\\uqbar.wollok-lsp-ide-0.5.3\\out\\server\\src\\server.js:37:57871\n    at Zr (c:\\Users\\agust\\.vscode\\extensions\\uqbar.wollok-lsp-ide-0.5.3\\out\\server\\src\\server.js:8:1561)","timestamp":"2025-09-13T14:37:29.164Z"}
{"level":"error","message":"✘ Failed to rebuild document Failed to parse example.wlk: \n-- PARSING FAILED --------------------------------------------------\n\n  50 |     }\n  51 |   }\n> 52 | }\n     | ^\n  53 | \n  54 | object cherry {\n\nExpected one of the following: \n\n'@', 'class', 'const', 'describe', 'mixin', 'object', 'only', 'package', 'program', 'test', 'var', '{', EOF, comment, not \"}\r\n\r\n\", whitespace\n","stack":"Error: Failed to parse example.wlk: \n-- PARSING FAILED --------------------------------------------------\n\n  50 |     }\n  51 |   }\n> 52 | }\n     | ^\n  53 | \n  54 | object cherry {\n\nExpected one of the following: \n\n'@', 'class', 'const', 'describe', 'mixin', 'object', 'only', 'package', 'program', 'test', 'var', '{', EOF, comment, not \"}\r\n\r\n\", whitespace\n\n    at c:\\Users\\agust\\.vscode\\extensions\\uqbar.wollok-lsp-ide-0.5.3\\out\\server\\src\\server.js:2348:13026\n    at Array.map (<anonymous>)\n    at W1n (c:\\Users\\agust\\.vscode\\extensions\\uqbar.wollok-lsp-ide-0.5.3\\out\\server\\src\\server.js:2348:12950)\n    at U2.buildEnvironmentFrom (c:\\Users\\agust\\.vscode\\extensions\\uqbar.wollok-lsp-ide-0.5.3\\out\\server\\src\\server.js:2393:5254)\n    at U2.updateEnvironmentWith (c:\\Users\\agust\\.vscode\\extensions\\uqbar.wollok-lsp-ide-0.5.3\\out\\server\\src\\server.js:2393:4989)\n    at JF (c:\\Users\\agust\\.vscode\\extensions\\uqbar.wollok-lsp-ide-0.5.3\\out\\server\\src\\server.js:2393:7383)\n    at F3.invoke (c:\\Users\\agust\\.vscode\\extensions\\uqbar.wollok-lsp-ide-0.5.3\\out\\server\\src\\server.js:3:157334)\n    at o.fire (c:\\Users\\agust\\.vscode\\extensions\\uqbar.wollok-lsp-ide-0.5.3\\out\\server\\src\\server.js:3:158104)\n    at c:\\Users\\agust\\.vscode\\extensions\\uqbar.wollok-lsp-ide-0.5.3\\out\\server\\src\\server.js:37:57871\n    at Zr (c:\\Users\\agust\\.vscode\\extensions\\uqbar.wollok-lsp-ide-0.5.3\\out\\server\\src\\server.js:8:1561)","timestamp":"2025-09-13T14:37:29.206Z"}
{"level":"error","message":"✘ Failed to rebuild document Failed to parse example.wlk: \n-- PARSING FAILED --------------------------------------------------\n\n  50 |     }\n  51 |   }\n> 52 | }\n     | ^\n  53 | \n  54 | object cherry {\n\nExpected one of the following: \n\n'@', 'class', 'const', 'describe', 'mixin', 'object', 'only', 'package', 'program', 'test', 'var', '{', EOF, comment, not \"}\r\n\r\n\", whitespace\n","stack":"Error: Failed to parse example.wlk: \n-- PARSING FAILED --------------------------------------------------\n\n  50 |     }\n  51 |   }\n> 52 | }\n     | ^\n  53 | \n  54 | object cherry {\n\nExpected one of the following: \n\n'@', 'class', 'const', 'describe', 'mixin', 'object', 'only', 'package', 'program', 'test', 'var', '{', EOF, comment, not \"}\r\n\r\n\", whitespace\n\n    at c:\\Users\\agust\\.vscode\\extensions\\uqbar.wollok-lsp-ide-0.5.3\\out\\server\\src\\server.js:2348:13026\n    at Array.map (<anonymous>)\n    at W1n (c:\\Users\\agust\\.vscode\\extensions\\uqbar.wollok-lsp-ide-0.5.3\\out\\server\\src\\server.js:2348:12950)\n    at U2.buildEnvironmentFrom (c:\\Users\\agust\\.vscode\\extensions\\uqbar.wollok-lsp-ide-0.5.3\\out\\server\\src\\server.js:2393:5254)\n    at U2.updateEnvironmentWith (c:\\Users\\agust\\.vscode\\extensions\\uqbar.wollok-lsp-ide-0.5.3\\out\\server\\src\\server.js:2393:4989)\n    at JF (c:\\Users\\agust\\.vscode\\extensions\\uqbar.wollok-lsp-ide-0.5.3\\out\\server\\src\\server.js:2393:7383)\n    at F3.invoke (c:\\Users\\agust\\.vscode\\extensions\\uqbar.wollok-lsp-ide-0.5.3\\out\\server\\src\\server.js:3:157334)\n    at o.fire (c:\\Users\\agust\\.vscode\\extensions\\uqbar.wollok-lsp-ide-0.5.3\\out\\server\\src\\server.js:3:158104)\n    at c:\\Users\\agust\\.vscode\\extensions\\uqbar.wollok-lsp-ide-0.5.3\\out\\server\\src\\server.js:37:57871\n    at Zr (c:\\Users\\agust\\.vscode\\extensions\\uqbar.wollok-lsp-ide-0.5.3\\out\\server\\src\\server.js:8:1561)","timestamp":"2025-09-13T14:37:30.338Z"}
{"level":"error","message":"✘ Failed to rebuild document Failed to parse example.wlk: \n-- PARSING FAILED --------------------------------------------------\n\n  50 |     }\n  51 |   }\n> 52 | }\n     | ^\n  53 | \n  54 | object cherry {\n\nExpected one of the following: \n\n'@', 'class', 'const', 'describe', 'mixin', 'object', 'only', 'package', 'program', 'test', 'var', '{', EOF, comment, not \"}\r\n\r\n\", whitespace\n","stack":"Error: Failed to parse example.wlk: \n-- PARSING FAILED --------------------------------------------------\n\n  50 |     }\n  51 |   }\n> 52 | }\n     | ^\n  53 | \n  54 | object cherry {\n\nExpected one of the following: \n\n'@', 'class', 'const', 'describe', 'mixin', 'object', 'only', 'package', 'program', 'test', 'var', '{', EOF, comment, not \"}\r\n\r\n\", whitespace\n\n    at c:\\Users\\agust\\.vscode\\extensions\\uqbar.wollok-lsp-ide-0.5.3\\out\\server\\src\\server.js:2348:13026\n    at Array.map (<anonymous>)\n    at W1n (c:\\Users\\agust\\.vscode\\extensions\\uqbar.wollok-lsp-ide-0.5.3\\out\\server\\src\\server.js:2348:12950)\n    at U2.buildEnvironmentFrom (c:\\Users\\agust\\.vscode\\extensions\\uqbar.wollok-lsp-ide-0.5.3\\out\\server\\src\\server.js:2393:5254)\n    at U2.updateEnvironmentWith (c:\\Users\\agust\\.vscode\\extensions\\uqbar.wollok-lsp-ide-0.5.3\\out\\server\\src\\server.js:2393:4989)\n    at JF (c:\\Users\\agust\\.vscode\\extensions\\uqbar.wollok-lsp-ide-0.5.3\\out\\server\\src\\server.js:2393:7383)\n    at F3.invoke (c:\\Users\\agust\\.vscode\\extensions\\uqbar.wollok-lsp-ide-0.5.3\\out\\server\\src\\server.js:3:157334)\n    at o.fire (c:\\Users\\agust\\.vscode\\extensions\\uqbar.wollok-lsp-ide-0.5.3\\out\\server\\src\\server.js:3:158104)\n    at c:\\Users\\agust\\.vscode\\extensions\\uqbar.wollok-lsp-ide-0.5.3\\out\\server\\src\\server.js:37:57871\n    at Zr (c:\\Users\\agust\\.vscode\\extensions\\uqbar.wollok-lsp-ide-0.5.3\\out\\server\\src\\server.js:8:1561)","timestamp":"2025-09-13T14:37:30.620Z"}
{"level":"error","message":"✘ Completions for node Return (undefined - example.wlk) failed: Error: [Return]{cc6645} at example.wlk:-- exhausted all cases without a match [Return]{cc6645} at example.wlk:-- exhausted all cases without a match","stack":"Error: [Return]{cc6645} at example.wlk:-- exhausted all cases without a match\n    at c:\\Users\\agust\\.vscode\\extensions\\uqbar.wollok-lsp-ide-0.5.3\\out\\server\\src\\server.js:38:6142\n    at D2 (c:\\Users\\agust\\.vscode\\extensions\\uqbar.wollok-lsp-ide-0.5.3\\out\\server\\src\\server.js:2384:42)\n    at Qh (c:\\Users\\agust\\.vscode\\extensions\\uqbar.wollok-lsp-ide-0.5.3\\out\\server\\src\\server.js:2384:1092)\n    at k6n (c:\\Users\\agust\\.vscode\\extensions\\uqbar.wollok-lsp-ide-0.5.3\\out\\server\\src\\server.js:2384:1248)\n    at c:\\Users\\agust\\.vscode\\extensions\\uqbar.wollok-lsp-ide-0.5.3\\out\\server\\src\\server.js:38:6131\n    at D2 (c:\\Users\\agust\\.vscode\\extensions\\uqbar.wollok-lsp-ide-0.5.3\\out\\server\\src\\server.js:2384:42)\n    at c:\\Users\\agust\\.vscode\\extensions\\uqbar.wollok-lsp-ide-0.5.3\\out\\server\\src\\server.js:2384:2988\n    at c:\\Users\\agust\\.vscode\\extensions\\uqbar.wollok-lsp-ide-0.5.3\\out\\server\\src\\server.js:2393:8440\n    at c:\\Users\\agust\\.vscode\\extensions\\uqbar.wollok-lsp-ide-0.5.3\\out\\server\\src\\server.js:37:74872\n    at Ye (c:\\Users\\agust\\.vscode\\extensions\\uqbar.wollok-lsp-ide-0.5.3\\out\\server\\src\\server.js:7:8527)","timestamp":"2025-09-13T14:37:30.846Z"}
{"level":"error","message":"✘ Completions for node Return (undefined - pgmProgram.wpgm) failed: Error: [Return]{d5015a} at pgmProgram.wpgm:-- exhausted all cases without a match [Return]{d5015a} at pgmProgram.wpgm:-- exhausted all cases without a match","stack":"Error: [Return]{d5015a} at pgmProgram.wpgm:-- exhausted all cases without a match\n    at c:\\Users\\agust\\.vscode\\extensions\\uqbar.wollok-lsp-ide-0.5.3\\out\\server\\src\\server.js:38:6142\n    at D2 (c:\\Users\\agust\\.vscode\\extensions\\uqbar.wollok-lsp-ide-0.5.3\\out\\server\\src\\server.js:2384:42)\n    at Qh (c:\\Users\\agust\\.vscode\\extensions\\uqbar.wollok-lsp-ide-0.5.3\\out\\server\\src\\server.js:2384:1092)\n    at k6n (c:\\Users\\agust\\.vscode\\extensions\\uqbar.wollok-lsp-ide-0.5.3\\out\\server\\src\\server.js:2384:1248)\n    at c:\\Users\\agust\\.vscode\\extensions\\uqbar.wollok-lsp-ide-0.5.3\\out\\server\\src\\server.js:38:6131\n    at D2 (c:\\Users\\agust\\.vscode\\extensions\\uqbar.wollok-lsp-ide-0.5.3\\out\\server\\src\\server.js:2384:42)\n    at c:\\Users\\agust\\.vscode\\extensions\\uqbar.wollok-lsp-ide-0.5.3\\out\\server\\src\\server.js:2384:2988\n    at c:\\Users\\agust\\.vscode\\extensions\\uqbar.wollok-lsp-ide-0.5.3\\out\\server\\src\\server.js:2393:8440\n    at c:\\Users\\agust\\.vscode\\extensions\\uqbar.wollok-lsp-ide-0.5.3\\out\\server\\src\\server.js:37:74872\n    at Ye (c:\\Users\\agust\\.vscode\\extensions\\uqbar.wollok-lsp-ide-0.5.3\\out\\server\\src\\server.js:7:8527)","timestamp":"2025-09-13T14:37:52.116Z"}
{"level":"error","message":"✘ Completions for node Return (undefined - pgmProgram.wpgm) failed: Error: [Return]{dab3aa} at pgmProgram.wpgm:-- exhausted all cases without a match [Return]{dab3aa} at pgmProgram.wpgm:-- exhausted all cases without a match","stack":"Error: [Return]{dab3aa} at pgmProgram.wpgm:-- exhausted all cases without a match\n    at c:\\Users\\agust\\.vscode\\extensions\\uqbar.wollok-lsp-ide-0.5.3\\out\\server\\src\\server.js:38:6142\n    at D2 (c:\\Users\\agust\\.vscode\\extensions\\uqbar.wollok-lsp-ide-0.5.3\\out\\server\\src\\server.js:2384:42)\n    at Qh (c:\\Users\\agust\\.vscode\\extensions\\uqbar.wollok-lsp-ide-0.5.3\\out\\server\\src\\server.js:2384:1092)\n    at k6n (c:\\Users\\agust\\.vscode\\extensions\\uqbar.wollok-lsp-ide-0.5.3\\out\\server\\src\\server.js:2384:1248)\n    at c:\\Users\\agust\\.vscode\\extensions\\uqbar.wollok-lsp-ide-0.5.3\\out\\server\\src\\server.js:38:6131\n    at D2 (c:\\Users\\agust\\.vscode\\extensions\\uqbar.wollok-lsp-ide-0.5.3\\out\\server\\src\\server.js:2384:42)\n    at c:\\Users\\agust\\.vscode\\extensions\\uqbar.wollok-lsp-ide-0.5.3\\out\\server\\src\\server.js:2384:2988\n    at c:\\Users\\agust\\.vscode\\extensions\\uqbar.wollok-lsp-ide-0.5.3\\out\\server\\src\\server.js:2393:8440\n    at c:\\Users\\agust\\.vscode\\extensions\\uqbar.wollok-lsp-ide-0.5.3\\out\\server\\src\\server.js:37:74872\n    at Ye (c:\\Users\\agust\\.vscode\\extensions\\uqbar.wollok-lsp-ide-0.5.3\\out\\server\\src\\server.js:7:8527)","timestamp":"2025-09-13T14:37:52.264Z"}
{"level":"error","message":"✘ Completions for node Return (undefined - pgmProgram.wpgm) failed: Error: [Return]{c2f7bb} at pgmProgram.wpgm:-- exhausted all cases without a match [Return]{c2f7bb} at pgmProgram.wpgm:-- exhausted all cases without a match","stack":"Error: [Return]{c2f7bb} at pgmProgram.wpgm:-- exhausted all cases without a match\n    at c:\\Users\\agust\\.vscode\\extensions\\uqbar.wollok-lsp-ide-0.5.3\\out\\server\\src\\server.js:38:6142\n    at D2 (c:\\Users\\agust\\.vscode\\extensions\\uqbar.wollok-lsp-ide-0.5.3\\out\\server\\src\\server.js:2384:42)\n    at Qh (c:\\Users\\agust\\.vscode\\extensions\\uqbar.wollok-lsp-ide-0.5.3\\out\\server\\src\\server.js:2384:1092)\n    at k6n (c:\\Users\\agust\\.vscode\\extensions\\uqbar.wollok-lsp-ide-0.5.3\\out\\server\\src\\server.js:2384:1248)\n    at c:\\Users\\agust\\.vscode\\extensions\\uqbar.wollok-lsp-ide-0.5.3\\out\\server\\src\\server.js:38:6131\n    at D2 (c:\\Users\\agust\\.vscode\\extensions\\uqbar.wollok-lsp-ide-0.5.3\\out\\server\\src\\server.js:2384:42)\n    at c:\\Users\\agust\\.vscode\\extensions\\uqbar.wollok-lsp-ide-0.5.3\\out\\server\\src\\server.js:2384:2988\n    at c:\\Users\\agust\\.vscode\\extensions\\uqbar.wollok-lsp-ide-0.5.3\\out\\server\\src\\server.js:2393:8440\n    at c:\\Users\\agust\\.vscode\\extensions\\uqbar.wollok-lsp-ide-0.5.3\\out\\server\\src\\server.js:37:74872\n    at Ye (c:\\Users\\agust\\.vscode\\extensions\\uqbar.wollok-lsp-ide-0.5.3\\out\\server\\src\\server.js:7:8527)","timestamp":"2025-09-13T14:37:52.793Z"}
{"level":"info","message":"⌛ Building environment","timeElapsed":105,"timestamp":"2025-09-13T14:37:52.960Z"}
{"level":"error","message":"✘ Failed to rebuild document Failed to parse pgmProgram.wpgm: \n-- PARSING FAILED --------------------------------------------------\n\n  50 | \tgame.start()\n  51 | \t\n> 52 | }\n     | ^\n\nExpected one of the following: \n\n'@', 'class', 'const', 'describe', 'mixin', 'object', 'only', 'package', 'program', 'test', 'var', '{', EOF, comment, not \"}\", whitespace\n","stack":"Error: Failed to parse pgmProgram.wpgm: \n-- PARSING FAILED --------------------------------------------------\n\n  50 | \tgame.start()\n  51 | \t\n> 52 | }\n     | ^\n\nExpected one of the following: \n\n'@', 'class', 'const', 'describe', 'mixin', 'object', 'only', 'package', 'program', 'test', 'var', '{', EOF, comment, not \"}\", whitespace\n\n    at c:\\Users\\agust\\.vscode\\extensions\\uqbar.wollok-lsp-ide-0.5.3\\out\\server\\src\\server.js:2348:13026\n    at Array.map (<anonymous>)\n    at W1n (c:\\Users\\agust\\.vscode\\extensions\\uqbar.wollok-lsp-ide-0.5.3\\out\\server\\src\\server.js:2348:12950)\n    at U2.buildEnvironmentFrom (c:\\Users\\agust\\.vscode\\extensions\\uqbar.wollok-lsp-ide-0.5.3\\out\\server\\src\\server.js:2393:5254)\n    at U2.updateEnvironmentWith (c:\\Users\\agust\\.vscode\\extensions\\uqbar.wollok-lsp-ide-0.5.3\\out\\server\\src\\server.js:2393:4989)\n    at JF (c:\\Users\\agust\\.vscode\\extensions\\uqbar.wollok-lsp-ide-0.5.3\\out\\server\\src\\server.js:2393:7383)\n    at F3.invoke (c:\\Users\\agust\\.vscode\\extensions\\uqbar.wollok-lsp-ide-0.5.3\\out\\server\\src\\server.js:3:157334)\n    at o.fire (c:\\Users\\agust\\.vscode\\extensions\\uqbar.wollok-lsp-ide-0.5.3\\out\\server\\src\\server.js:3:158104)\n    at c:\\Users\\agust\\.vscode\\extensions\\uqbar.wollok-lsp-ide-0.5.3\\out\\server\\src\\server.js:37:57871\n    at Zr (c:\\Users\\agust\\.vscode\\extensions\\uqbar.wollok-lsp-ide-0.5.3\\out\\server\\src\\server.js:8:1561)","timestamp":"2025-09-13T14:37:53.654Z"}
{"level":"error","message":"✘ Failed to rebuild document Failed to parse pgmProgram.wpgm: \n-- PARSING FAILED --------------------------------------------------\n\n  50 | \tgame.start()\n  51 | \t\n> 52 | }\n     | ^\n\nExpected one of the following: \n\n'@', 'class', 'const', 'describe', 'mixin', 'object', 'only', 'package', 'program', 'test', 'var', '{', EOF, comment, not \"}\", whitespace\n","stack":"Error: Failed to parse pgmProgram.wpgm: \n-- PARSING FAILED --------------------------------------------------\n\n  50 | \tgame.start()\n  51 | \t\n> 52 | }\n     | ^\n\nExpected one of the following: \n\n'@', 'class', 'const', 'describe', 'mixin', 'object', 'only', 'package', 'program', 'test', 'var', '{', EOF, comment, not \"}\", whitespace\n\n    at c:\\Users\\agust\\.vscode\\extensions\\uqbar.wollok-lsp-ide-0.5.3\\out\\server\\src\\server.js:2348:13026\n    at Array.map (<anonymous>)\n    at W1n (c:\\Users\\agust\\.vscode\\extensions\\uqbar.wollok-lsp-ide-0.5.3\\out\\server\\src\\server.js:2348:12950)\n    at U2.buildEnvironmentFrom (c:\\Users\\agust\\.vscode\\extensions\\uqbar.wollok-lsp-ide-0.5.3\\out\\server\\src\\server.js:2393:5254)\n    at U2.updateEnvironmentWith (c:\\Users\\agust\\.vscode\\extensions\\uqbar.wollok-lsp-ide-0.5.3\\out\\server\\src\\server.js:2393:4989)\n    at JF (c:\\Users\\agust\\.vscode\\extensions\\uqbar.wollok-lsp-ide-0.5.3\\out\\server\\src\\server.js:2393:7383)\n    at F3.invoke (c:\\Users\\agust\\.vscode\\extensions\\uqbar.wollok-lsp-ide-0.5.3\\out\\server\\src\\server.js:3:157334)\n    at o.fire (c:\\Users\\agust\\.vscode\\extensions\\uqbar.wollok-lsp-ide-0.5.3\\out\\server\\src\\server.js:3:158104)\n    at c:\\Users\\agust\\.vscode\\extensions\\uqbar.wollok-lsp-ide-0.5.3\\out\\server\\src\\server.js:37:57871\n    at Zr (c:\\Users\\agust\\.vscode\\extensions\\uqbar.wollok-lsp-ide-0.5.3\\out\\server\\src\\server.js:8:1561)","timestamp":"2025-09-13T14:37:53.684Z"}
{"level":"error","message":"✘ Failed to rebuild document Failed to parse pgmProgram.wpgm: \n-- PARSING FAILED --------------------------------------------------\n\n  50 | \tgame.start()\n  51 | \t\n> 52 | }\n     | ^\n\nExpected one of the following: \n\n'@', 'class', 'const', 'describe', 'mixin', 'object', 'only', 'package', 'program', 'test', 'var', '{', EOF, comment, not \"}\", whitespace\n","stack":"Error: Failed to parse pgmProgram.wpgm: \n-- PARSING FAILED --------------------------------------------------\n\n  50 | \tgame.start()\n  51 | \t\n> 52 | }\n     | ^\n\nExpected one of the following: \n\n'@', 'class', 'const', 'describe', 'mixin', 'object', 'only', 'package', 'program', 'test', 'var', '{', EOF, comment, not \"}\", whitespace\n\n    at c:\\Users\\agust\\.vscode\\extensions\\uqbar.wollok-lsp-ide-0.5.3\\out\\server\\src\\server.js:2348:13026\n    at Array.map (<anonymous>)\n    at W1n (c:\\Users\\agust\\.vscode\\extensions\\uqbar.wollok-lsp-ide-0.5.3\\out\\server\\src\\server.js:2348:12950)\n    at U2.buildEnvironmentFrom (c:\\Users\\agust\\.vscode\\extensions\\uqbar.wollok-lsp-ide-0.5.3\\out\\server\\src\\server.js:2393:5254)\n    at U2.updateEnvironmentWith (c:\\Users\\agust\\.vscode\\extensions\\uqbar.wollok-lsp-ide-0.5.3\\out\\server\\src\\server.js:2393:4989)\n    at JF (c:\\Users\\agust\\.vscode\\extensions\\uqbar.wollok-lsp-ide-0.5.3\\out\\server\\src\\server.js:2393:7383)\n    at F3.invoke (c:\\Users\\agust\\.vscode\\extensions\\uqbar.wollok-lsp-ide-0.5.3\\out\\server\\src\\server.js:3:157334)\n    at o.fire (c:\\Users\\agust\\.vscode\\extensions\\uqbar.wollok-lsp-ide-0.5.3\\out\\server\\src\\server.js:3:158104)\n    at c:\\Users\\agust\\.vscode\\extensions\\uqbar.wollok-lsp-ide-0.5.3\\out\\server\\src\\server.js:37:57871\n    at Zr (c:\\Users\\agust\\.vscode\\extensions\\uqbar.wollok-lsp-ide-0.5.3\\out\\server\\src\\server.js:8:1561)","timestamp":"2025-09-13T14:37:54.055Z"}
{"level":"error","message":"✘ Completions for node Return (undefined - pgmProgram.wpgm) failed: Error: [Return]{175f5e} at pgmProgram.wpgm:-- exhausted all cases without a match [Return]{175f5e} at pgmProgram.wpgm:-- exhausted all cases without a match","stack":"Error: [Return]{175f5e} at pgmProgram.wpgm:-- exhausted all cases without a match\n    at c:\\Users\\agust\\.vscode\\extensions\\uqbar.wollok-lsp-ide-0.5.3\\out\\server\\src\\server.js:38:6142\n    at D2 (c:\\Users\\agust\\.vscode\\extensions\\uqbar.wollok-lsp-ide-0.5.3\\out\\server\\src\\server.js:2384:42)\n    at Qh (c:\\Users\\agust\\.vscode\\extensions\\uqbar.wollok-lsp-ide-0.5.3\\out\\server\\src\\server.js:2384:1092)\n    at k6n (c:\\Users\\agust\\.vscode\\extensions\\uqbar.wollok-lsp-ide-0.5.3\\out\\server\\src\\server.js:2384:1248)\n    at c:\\Users\\agust\\.vscode\\extensions\\uqbar.wollok-lsp-ide-0.5.3\\out\\server\\src\\server.js:38:6131\n    at D2 (c:\\Users\\agust\\.vscode\\extensions\\uqbar.wollok-lsp-ide-0.5.3\\out\\server\\src\\server.js:2384:42)\n    at c:\\Users\\agust\\.vscode\\extensions\\uqbar.wollok-lsp-ide-0.5.3\\out\\server\\src\\server.js:2384:2988\n    at c:\\Users\\agust\\.vscode\\extensions\\uqbar.wollok-lsp-ide-0.5.3\\out\\server\\src\\server.js:2393:8440\n    at c:\\Users\\agust\\.vscode\\extensions\\uqbar.wollok-lsp-ide-0.5.3\\out\\server\\src\\server.js:37:74872\n    at Ye (c:\\Users\\agust\\.vscode\\extensions\\uqbar.wollok-lsp-ide-0.5.3\\out\\server\\src\\server.js:7:8527)","timestamp":"2025-09-13T14:37:55.073Z"}
{"level":"error","message":"✘ Failed to rebuild document Failed to parse pgmProgram.wpgm: \n-- PARSING FAILED --------------------------------------------------\n\n  50 | \tgame.start()\n  51 | \t\n> 52 | }\n     | ^\n\nExpected one of the following: \n\n'@', 'class', 'const', 'describe', 'mixin', 'object', 'only', 'package', 'program', 'test', 'var', '{', EOF, comment, not \"}\", whitespace\n","stack":"Error: Failed to parse pgmProgram.wpgm: \n-- PARSING FAILED --------------------------------------------------\n\n  50 | \tgame.start()\n  51 | \t\n> 52 | }\n     | ^\n\nExpected one of the following: \n\n'@', 'class', 'const', 'describe', 'mixin', 'object', 'only', 'package', 'program', 'test', 'var', '{', EOF, comment, not \"}\", whitespace\n\n    at c:\\Users\\agust\\.vscode\\extensions\\uqbar.wollok-lsp-ide-0.5.3\\out\\server\\src\\server.js:2348:13026\n    at Array.map (<anonymous>)\n    at W1n (c:\\Users\\agust\\.vscode\\extensions\\uqbar.wollok-lsp-ide-0.5.3\\out\\server\\src\\server.js:2348:12950)\n    at U2.buildEnvironmentFrom (c:\\Users\\agust\\.vscode\\extensions\\uqbar.wollok-lsp-ide-0.5.3\\out\\server\\src\\server.js:2393:5254)\n    at U2.updateEnvironmentWith (c:\\Users\\agust\\.vscode\\extensions\\uqbar.wollok-lsp-ide-0.5.3\\out\\server\\src\\server.js:2393:4989)\n    at JF (c:\\Users\\agust\\.vscode\\extensions\\uqbar.wollok-lsp-ide-0.5.3\\out\\server\\src\\server.js:2393:7383)\n    at F3.invoke (c:\\Users\\agust\\.vscode\\extensions\\uqbar.wollok-lsp-ide-0.5.3\\out\\server\\src\\server.js:3:157334)\n    at o.fire (c:\\Users\\agust\\.vscode\\extensions\\uqbar.wollok-lsp-ide-0.5.3\\out\\server\\src\\server.js:3:158104)\n    at c:\\Users\\agust\\.vscode\\extensions\\uqbar.wollok-lsp-ide-0.5.3\\out\\server\\src\\server.js:37:57871\n    at Zr (c:\\Users\\agust\\.vscode\\extensions\\uqbar.wollok-lsp-ide-0.5.3\\out\\server\\src\\server.js:8:1561)","timestamp":"2025-09-13T14:37:55.810Z"}
{"level":"error","message":"✘ Completions for node Return (undefined - pgmProgram.wpgm) failed: Error: [Return]{55a7e8} at pgmProgram.wpgm:-- exhausted all cases without a match [Return]{55a7e8} at pgmProgram.wpgm:-- exhausted all cases without a match","stack":"Error: [Return]{55a7e8} at pgmProgram.wpgm:-- exhausted all cases without a match\n    at c:\\Users\\agust\\.vscode\\extensions\\uqbar.wollok-lsp-ide-0.5.3\\out\\server\\src\\server.js:38:6142\n    at D2 (c:\\Users\\agust\\.vscode\\extensions\\uqbar.wollok-lsp-ide-0.5.3\\out\\server\\src\\server.js:2384:42)\n    at Qh (c:\\Users\\agust\\.vscode\\extensions\\uqbar.wollok-lsp-ide-0.5.3\\out\\server\\src\\server.js:2384:1092)\n    at k6n (c:\\Users\\agust\\.vscode\\extensions\\uqbar.wollok-lsp-ide-0.5.3\\out\\server\\src\\server.js:2384:1248)\n    at c:\\Users\\agust\\.vscode\\extensions\\uqbar.wollok-lsp-ide-0.5.3\\out\\server\\src\\server.js:38:6131\n    at D2 (c:\\Users\\agust\\.vscode\\extensions\\uqbar.wollok-lsp-ide-0.5.3\\out\\server\\src\\server.js:2384:42)\n    at c:\\Users\\agust\\.vscode\\extensions\\uqbar.wollok-lsp-ide-0.5.3\\out\\server\\src\\server.js:2384:2988\n    at c:\\Users\\agust\\.vscode\\extensions\\uqbar.wollok-lsp-ide-0.5.3\\out\\server\\src\\server.js:2393:8440\n    at c:\\Users\\agust\\.vscode\\extensions\\uqbar.wollok-lsp-ide-0.5.3\\out\\server\\src\\server.js:37:74872\n    at Ye (c:\\Users\\agust\\.vscode\\extensions\\uqbar.wollok-lsp-ide-0.5.3\\out\\server\\src\\server.js:7:8527)","timestamp":"2025-09-13T14:37:56.157Z"}
{"level":"error","message":"✘ Completions for node Return (undefined - pgmProgram.wpgm) failed: Error: [Return]{84b65c} at pgmProgram.wpgm:-- exhausted all cases without a match [Return]{84b65c} at pgmProgram.wpgm:-- exhausted all cases without a match","stack":"Error: [Return]{84b65c} at pgmProgram.wpgm:-- exhausted all cases without a match\n    at c:\\Users\\agust\\.vscode\\extensions\\uqbar.wollok-lsp-ide-0.5.3\\out\\server\\src\\server.js:38:6142\n    at D2 (c:\\Users\\agust\\.vscode\\extensions\\uqbar.wollok-lsp-ide-0.5.3\\out\\server\\src\\server.js:2384:42)\n    at Qh (c:\\Users\\agust\\.vscode\\extensions\\uqbar.wollok-lsp-ide-0.5.3\\out\\server\\src\\server.js:2384:1092)\n    at k6n (c:\\Users\\agust\\.vscode\\extensions\\uqbar.wollok-lsp-ide-0.5.3\\out\\server\\src\\server.js:2384:1248)\n    at c:\\Users\\agust\\.vscode\\extensions\\uqbar.wollok-lsp-ide-0.5.3\\out\\server\\src\\server.js:38:6131\n    at D2 (c:\\Users\\agust\\.vscode\\extensions\\uqbar.wollok-lsp-ide-0.5.3\\out\\server\\src\\server.js:2384:42)\n    at c:\\Users\\agust\\.vscode\\extensions\\uqbar.wollok-lsp-ide-0.5.3\\out\\server\\src\\server.js:2384:2988\n    at c:\\Users\\agust\\.vscode\\extensions\\uqbar.wollok-lsp-ide-0.5.3\\out\\server\\src\\server.js:2393:8440\n    at c:\\Users\\agust\\.vscode\\extensions\\uqbar.wollok-lsp-ide-0.5.3\\out\\server\\src\\server.js:37:74872\n    at Ye (c:\\Users\\agust\\.vscode\\extensions\\uqbar.wollok-lsp-ide-0.5.3\\out\\server\\src\\server.js:7:8527)","timestamp":"2025-09-13T14:37:56.437Z"}
{"level":"error","message":"✘ Failed to rebuild document Failed to parse pgmProgram.wpgm: \n-- PARSING FAILED --------------------------------------------------\n\n  50 | \tgame.start()\n  51 | \t\n> 52 | }\n     | ^\n\nExpected one of the following: \n\n'@', 'class', 'const', 'describe', 'mixin', 'object', 'only', 'package', 'program', 'test', 'var', '{', EOF, comment, not \"}\", whitespace\n","stack":"Error: Failed to parse pgmProgram.wpgm: \n-- PARSING FAILED --------------------------------------------------\n\n  50 | \tgame.start()\n  51 | \t\n> 52 | }\n     | ^\n\nExpected one of the following: \n\n'@', 'class', 'const', 'describe', 'mixin', 'object', 'only', 'package', 'program', 'test', 'var', '{', EOF, comment, not \"}\", whitespace\n\n    at c:\\Users\\agust\\.vscode\\extensions\\uqbar.wollok-lsp-ide-0.5.3\\out\\server\\src\\server.js:2348:13026\n    at Array.map (<anonymous>)\n    at W1n (c:\\Users\\agust\\.vscode\\extensions\\uqbar.wollok-lsp-ide-0.5.3\\out\\server\\src\\server.js:2348:12950)\n    at U2.buildEnvironmentFrom (c:\\Users\\agust\\.vscode\\extensions\\uqbar.wollok-lsp-ide-0.5.3\\out\\server\\src\\server.js:2393:5254)\n    at U2.updateEnvironmentWith (c:\\Users\\agust\\.vscode\\extensions\\uqbar.wollok-lsp-ide-0.5.3\\out\\server\\src\\server.js:2393:4989)\n    at JF (c:\\Users\\agust\\.vscode\\extensions\\uqbar.wollok-lsp-ide-0.5.3\\out\\server\\src\\server.js:2393:7383)\n    at F3.invoke (c:\\Users\\agust\\.vscode\\extensions\\uqbar.wollok-lsp-ide-0.5.3\\out\\server\\src\\server.js:3:157334)\n    at o.fire (c:\\Users\\agust\\.vscode\\extensions\\uqbar.wollok-lsp-ide-0.5.3\\out\\server\\src\\server.js:3:158104)\n    at c:\\Users\\agust\\.vscode\\extensions\\uqbar.wollok-lsp-ide-0.5.3\\out\\server\\src\\server.js:37:57871\n    at Zr (c:\\Users\\agust\\.vscode\\extensions\\uqbar.wollok-lsp-ide-0.5.3\\out\\server\\src\\server.js:8:1561)","timestamp":"2025-09-13T14:38:09.830Z"}
{"level":"error","message":"✘ Failed to rebuild document Failed to parse pgmProgram.wpgm: \n-- PARSING FAILED --------------------------------------------------\n\n  50 | \tgame.start()\n  51 | \t\n> 52 | }\n     | ^\n\nExpected one of the following: \n\n'@', 'class', 'const', 'describe', 'mixin', 'object', 'only', 'package', 'program', 'test', 'var', '{', EOF, comment, not \"}\", whitespace\n","stack":"Error: Failed to parse pgmProgram.wpgm: \n-- PARSING FAILED --------------------------------------------------\n\n  50 | \tgame.start()\n  51 | \t\n> 52 | }\n     | ^\n\nExpected one of the following: \n\n'@', 'class', 'const', 'describe', 'mixin', 'object', 'only', 'package', 'program', 'test', 'var', '{', EOF, comment, not \"}\", whitespace\n\n    at c:\\Users\\agust\\.vscode\\extensions\\uqbar.wollok-lsp-ide-0.5.3\\out\\server\\src\\server.js:2348:13026\n    at Array.map (<anonymous>)\n    at W1n (c:\\Users\\agust\\.vscode\\extensions\\uqbar.wollok-lsp-ide-0.5.3\\out\\server\\src\\server.js:2348:12950)\n    at U2.buildEnvironmentFrom (c:\\Users\\agust\\.vscode\\extensions\\uqbar.wollok-lsp-ide-0.5.3\\out\\server\\src\\server.js:2393:5254)\n    at U2.updateEnvironmentWith (c:\\Users\\agust\\.vscode\\extensions\\uqbar.wollok-lsp-ide-0.5.3\\out\\server\\src\\server.js:2393:4989)\n    at JF (c:\\Users\\agust\\.vscode\\extensions\\uqbar.wollok-lsp-ide-0.5.3\\out\\server\\src\\server.js:2393:7383)\n    at F3.invoke (c:\\Users\\agust\\.vscode\\extensions\\uqbar.wollok-lsp-ide-0.5.3\\out\\server\\src\\server.js:3:157334)\n    at o.fire (c:\\Users\\agust\\.vscode\\extensions\\uqbar.wollok-lsp-ide-0.5.3\\out\\server\\src\\server.js:3:158104)\n    at c:\\Users\\agust\\.vscode\\extensions\\uqbar.wollok-lsp-ide-0.5.3\\out\\server\\src\\server.js:37:57871\n    at Zr (c:\\Users\\agust\\.vscode\\extensions\\uqbar.wollok-lsp-ide-0.5.3\\out\\server\\src\\server.js:8:1561)","timestamp":"2025-09-13T14:38:10.408Z"}
{"level":"error","message":"✘ Completions for node Send ([45:19, 45:42] - pgmProgram.wpgm) failed: Error: [Send]{63b757} at pgmProgram.wpgm:45 exhausted all cases without a match [Send]{63b757} at pgmProgram.wpgm:45 exhausted all cases without a match","stack":"Error: [Send]{63b757} at pgmProgram.wpgm:45 exhausted all cases without a match\n    at c:\\Users\\agust\\.vscode\\extensions\\uqbar.wollok-lsp-ide-0.5.3\\out\\server\\src\\server.js:38:6142\n    at D2 (c:\\Users\\agust\\.vscode\\extensions\\uqbar.wollok-lsp-ide-0.5.3\\out\\server\\src\\server.js:2384:42)\n    at Qh (c:\\Users\\agust\\.vscode\\extensions\\uqbar.wollok-lsp-ide-0.5.3\\out\\server\\src\\server.js:2384:1092)\n    at k6n (c:\\Users\\agust\\.vscode\\extensions\\uqbar.wollok-lsp-ide-0.5.3\\out\\server\\src\\server.js:2384:1248)\n    at c:\\Users\\agust\\.vscode\\extensions\\uqbar.wollok-lsp-ide-0.5.3\\out\\server\\src\\server.js:38:6131\n    at D2 (c:\\Users\\agust\\.vscode\\extensions\\uqbar.wollok-lsp-ide-0.5.3\\out\\server\\src\\server.js:2384:42)\n    at c:\\Users\\agust\\.vscode\\extensions\\uqbar.wollok-lsp-ide-0.5.3\\out\\server\\src\\server.js:2384:2988\n    at c:\\Users\\agust\\.vscode\\extensions\\uqbar.wollok-lsp-ide-0.5.3\\out\\server\\src\\server.js:2393:8440\n    at c:\\Users\\agust\\.vscode\\extensions\\uqbar.wollok-lsp-ide-0.5.3\\out\\server\\src\\server.js:37:74872\n    at Ye (c:\\Users\\agust\\.vscode\\extensions\\uqbar.wollok-lsp-ide-0.5.3\\out\\server\\src\\server.js:7:8527)","timestamp":"2025-09-13T14:38:10.643Z"}
{"level":"error","message":"✘ Completions for node Send ([45:4, 45:43] - pgmProgram.wpgm) failed: Error: [Send]{b38b71} at pgmProgram.wpgm:45 exhausted all cases without a match [Send]{b38b71} at pgmProgram.wpgm:45 exhausted all cases without a match","stack":"Error: [Send]{b38b71} at pgmProgram.wpgm:45 exhausted all cases without a match\n    at c:\\Users\\agust\\.vscode\\extensions\\uqbar.wollok-lsp-ide-0.5.3\\out\\server\\src\\server.js:38:6142\n    at D2 (c:\\Users\\agust\\.vscode\\extensions\\uqbar.wollok-lsp-ide-0.5.3\\out\\server\\src\\server.js:2384:42)\n    at Qh (c:\\Users\\agust\\.vscode\\extensions\\uqbar.wollok-lsp-ide-0.5.3\\out\\server\\src\\server.js:2384:1092)\n    at D2 (c:\\Users\\agust\\.vscode\\extensions\\uqbar.wollok-lsp-ide-0.5.3\\out\\server\\src\\server.js:2384:544)\n    at Qh (c:\\Users\\agust\\.vscode\\extensions\\uqbar.wollok-lsp-ide-0.5.3\\out\\server\\src\\server.js:2384:1092)\n    at k6n (c:\\Users\\agust\\.vscode\\extensions\\uqbar.wollok-lsp-ide-0.5.3\\out\\server\\src\\server.js:2384:1248)\n    at c:\\Users\\agust\\.vscode\\extensions\\uqbar.wollok-lsp-ide-0.5.3\\out\\server\\src\\server.js:38:6131\n    at D2 (c:\\Users\\agust\\.vscode\\extensions\\uqbar.wollok-lsp-ide-0.5.3\\out\\server\\src\\server.js:2384:42)\n    at c:\\Users\\agust\\.vscode\\extensions\\uqbar.wollok-lsp-ide-0.5.3\\out\\server\\src\\server.js:2384:2988\n    at c:\\Users\\agust\\.vscode\\extensions\\uqbar.wollok-lsp-ide-0.5.3\\out\\server\\src\\server.js:2393:8440","timestamp":"2025-09-13T14:38:10.643Z"}
{"level":"error","message":"✘ Completions for node Return (undefined - pgmProgram.wpgm) failed: Error: [Return]{683501} at pgmProgram.wpgm:-- exhausted all cases without a match [Return]{683501} at pgmProgram.wpgm:-- exhausted all cases without a match","stack":"Error: [Return]{683501} at pgmProgram.wpgm:-- exhausted all cases without a match\n    at c:\\Users\\agust\\.vscode\\extensions\\uqbar.wollok-lsp-ide-0.5.3\\out\\server\\src\\server.js:38:6142\n    at D2 (c:\\Users\\agust\\.vscode\\extensions\\uqbar.wollok-lsp-ide-0.5.3\\out\\server\\src\\server.js:2384:42)\n    at Qh (c:\\Users\\agust\\.vscode\\extensions\\uqbar.wollok-lsp-ide-0.5.3\\out\\server\\src\\server.js:2384:1092)\n    at D2 (c:\\Users\\agust\\.vscode\\extensions\\uqbar.wollok-lsp-ide-0.5.3\\out\\server\\src\\server.js:2384:544)\n    at Qh (c:\\Users\\agust\\.vscode\\extensions\\uqbar.wollok-lsp-ide-0.5.3\\out\\server\\src\\server.js:2384:1092)\n    at D2 (c:\\Users\\agust\\.vscode\\extensions\\uqbar.wollok-lsp-ide-0.5.3\\out\\server\\src\\server.js:2384:544)\n    at Qh (c:\\Users\\agust\\.vscode\\extensions\\uqbar.wollok-lsp-ide-0.5.3\\out\\server\\src\\server.js:2384:1092)\n    at k6n (c:\\Users\\agust\\.vscode\\extensions\\uqbar.wollok-lsp-ide-0.5.3\\out\\server\\src\\server.js:2384:1248)\n    at c:\\Users\\agust\\.vscode\\extensions\\uqbar.wollok-lsp-ide-0.5.3\\out\\server\\src\\server.js:38:6131\n    at D2 (c:\\Users\\agust\\.vscode\\extensions\\uqbar.wollok-lsp-ide-0.5.3\\out\\server\\src\\server.js:2384:42)","timestamp":"2025-09-13T14:38:10.643Z"}
{"level":"error","message":"✘ Failed to rebuild document Failed to parse pgmProgram.wpgm: \n-- PARSING FAILED --------------------------------------------------\n\n  50 | \tgame.start()\n  51 | \t\n> 52 | }\n     | ^\n\nExpected one of the following: \n\n'@', 'class', 'const', 'describe', 'mixin', 'object', 'only', 'package', 'program', 'test', 'var', '{', EOF, comment, not \"}\", whitespace\n","stack":"Error: Failed to parse pgmProgram.wpgm: \n-- PARSING FAILED --------------------------------------------------\n\n  50 | \tgame.start()\n  51 | \t\n> 52 | }\n     | ^\n\nExpected one of the following: \n\n'@', 'class', 'const', 'describe', 'mixin', 'object', 'only', 'package', 'program', 'test', 'var', '{', EOF, comment, not \"}\", whitespace\n\n    at c:\\Users\\agust\\.vscode\\extensions\\uqbar.wollok-lsp-ide-0.5.3\\out\\server\\src\\server.js:2348:13026\n    at Array.map (<anonymous>)\n    at W1n (c:\\Users\\agust\\.vscode\\extensions\\uqbar.wollok-lsp-ide-0.5.3\\out\\server\\src\\server.js:2348:12950)\n    at U2.buildEnvironmentFrom (c:\\Users\\agust\\.vscode\\extensions\\uqbar.wollok-lsp-ide-0.5.3\\out\\server\\src\\server.js:2393:5254)\n    at U2.updateEnvironmentWith (c:\\Users\\agust\\.vscode\\extensions\\uqbar.wollok-lsp-ide-0.5.3\\out\\server\\src\\server.js:2393:4989)\n    at JF (c:\\Users\\agust\\.vscode\\extensions\\uqbar.wollok-lsp-ide-0.5.3\\out\\server\\src\\server.js:2393:7383)\n    at F3.invoke (c:\\Users\\agust\\.vscode\\extensions\\uqbar.wollok-lsp-ide-0.5.3\\out\\server\\src\\server.js:3:157334)\n    at o.fire (c:\\Users\\agust\\.vscode\\extensions\\uqbar.wollok-lsp-ide-0.5.3\\out\\server\\src\\server.js:3:158104)\n    at c:\\Users\\agust\\.vscode\\extensions\\uqbar.wollok-lsp-ide-0.5.3\\out\\server\\src\\server.js:37:57871\n    at Zr (c:\\Users\\agust\\.vscode\\extensions\\uqbar.wollok-lsp-ide-0.5.3\\out\\server\\src\\server.js:8:1561)","timestamp":"2025-09-13T14:38:11.353Z"}
{"exitCode":"SIGHUP","level":"info","message":"👾 Game executed pgmProgram.pacmanGame on c:\\Users\\agust\\Desktop\\Desarrollo\\Universidad\\Programacion con Objetos 1\\pacmanbasicgame-agusalfonsoun\\pacman-13-09-25","timeElapsed":146569,"timestamp":"2025-09-13T14:38:14.890Z"}
{"errors":{"errors":[null,["/*\r","rivales.forEach { rival => \r","game.addVisual(rival)\r","game.whenCollideDo(rival, { personaje =>\r","personaje.perderVida()\r","game.say(pacman, \"Ups! Perdí una vida\")\r","if (personaje.juegoTerminado()) {\r","game.say(pacman, \"Se me terminaron las vidas!!!\")\r","game.onTick(5000, \"gameEnd\", { game.stop() })\r","}\r","})\r"]]},"level":"error","message":"✘ Failed to get type description: Error: {\n  \"errors\": [\n    null,\n    [\n      \"/*\\r\",\n      \"rivales.forEach { rival => \\r\",\n      \"game.addVisual(rival)\\r\",\n      \"game.whenCollideDo(rival, { personaje =>\\r\",\n      \"personaje.perderVida()\\r\",\n      \"game.say(pacman, \\\"Ups! Perdí una vida\\\")\\r\",\n      \"if (personaje.juegoTerminado()) {\\r\",\n      \"game.say(pacman, \\\"Se me terminaron las vidas!!!\\\")\\r\",\n      \"game.onTick(5000, \\\"gameEnd\\\", { game.stop() })\\r\",\n      \"}\\r\",\n      \"})\\r\"\n    ]\n  ]\n} {\n  \"errors\": [\n    null,\n    [\n      \"/*\\r\",\n      \"rivales.forEach { rival => \\r\",\n      \"game.addVisual(rival)\\r\",\n      \"game.whenCollideDo(rival, { personaje =>\\r\",\n      \"personaje.perderVida()\\r\",\n      \"game.say(pacman, \\\"Ups! Perdí una vida\\\")\\r\",\n      \"if (personaje.juegoTerminado()) {\\r\",\n      \"game.say(pacman, \\\"Se me terminaron las vidas!!!\\\")\\r\",\n      \"game.onTick(5000, \\\"gameEnd\\\", { game.stop() })\\r\",\n      \"}\\r\",\n      \"})\\r\"\n    ]\n  ]\n}","stack":"Error: {\n  \"errors\": [\n    null,\n    [\n      \"/*\\r\",\n      \"rivales.forEach { rival => \\r\",\n      \"game.addVisual(rival)\\r\",\n      \"game.whenCollideDo(rival, { personaje =>\\r\",\n      \"personaje.perderVida()\\r\",\n      \"game.say(pacman, \\\"Ups! Perdí una vida\\\")\\r\",\n      \"if (personaje.juegoTerminado()) {\\r\",\n      \"game.say(pacman, \\\"Se me terminaron las vidas!!!\\\")\\r\",\n      \"game.onTick(5000, \\\"gameEnd\\\", { game.stop() })\\r\",\n      \"}\\r\",\n      \"})\\r\"\n    ]\n  ]\n}\n    at aS (c:\\Users\\agust\\.vscode\\extensions\\uqbar.wollok-lsp-ide-0.5.3\\out\\server\\src\\server.js:64:34609)\n    at K1 (c:\\Users\\agust\\.vscode\\extensions\\uqbar.wollok-lsp-ide-0.5.3\\out\\server\\src\\server.js:64:34682)\n    at c:\\Users\\agust\\.vscode\\extensions\\uqbar.wollok-lsp-ide-0.5.3\\out\\server\\src\\server.js:64:37949\n    at o.g1 (c:\\Users\\agust\\.vscode\\extensions\\uqbar.wollok-lsp-ide-0.5.3\\out\\server\\src\\server.js:57:58803)\n    at c:\\Users\\agust\\.vscode\\extensions\\uqbar.wollok-lsp-ide-0.5.3\\out\\server\\src\\server.js:64:37918\n    at c:\\Users\\agust\\.vscode\\extensions\\uqbar.wollok-lsp-ide-0.5.3\\out\\server\\src\\server.js:57:56843\n    at Dfn (c:\\Users\\agust\\.vscode\\extensions\\uqbar.wollok-lsp-ide-0.5.3\\out\\server\\src\\server.js:68:11324)\n    at c:\\Users\\agust\\.vscode\\extensions\\uqbar.wollok-lsp-ide-0.5.3\\out\\server\\src\\server.js:68:3629\n    at r4 (c:\\Users\\agust\\.vscode\\extensions\\uqbar.wollok-lsp-ide-0.5.3\\out\\server\\src\\server.js:68:9866)\n    at c:\\Users\\agust\\.vscode\\extensions\\uqbar.wollok-lsp-ide-0.5.3\\out\\server\\src\\server.js:68:9628","timestamp":"2025-09-13T14:38:14.940Z"}
{"level":"info","message":"🚀 Program executed \u001b[3m\u001b[34mpgmProgram.pacmanGame\u001b[39m\u001b[23m on \u001b[3m\u001b[34mc:\\Users\\agust\\Desktop\\Desarrollo\\Universidad\\Programacion con Objetos 1\\pacmanbasicgame-agusalfonsoun\\pacman-13-09-25\u001b[39m\u001b[23m","ok":true,"timeElapsed":237,"timestamp":"2025-09-13T14:38:16.160Z"}
{"exitCode":"SIGHUP","level":"info","message":"👾 Game executed pgmProgram.pacmanGame on c:\\Users\\agust\\Desktop\\Desarrollo\\Universidad\\Programacion con Objetos 1\\pacmanbasicgame-agusalfonsoun\\pacman-13-09-25","timeElapsed":12733,"timestamp":"2025-09-13T14:38:28.655Z"}
{"level":"info","message":"🚀 Program executed \u001b[3m\u001b[34mpgmProgram.pacmanGame\u001b[39m\u001b[23m on \u001b[3m\u001b[34mc:\\Users\\agust\\Desktop\\Desarrollo\\Universidad\\Programacion con Objetos 1\\pacmanbasicgame-agusalfonsoun\\pacman-13-09-25\u001b[39m\u001b[23m","ok":true,"timeElapsed":246,"timestamp":"2025-09-13T14:38:29.930Z"}
{"errors":{"errors":[null,["/*\r","rivales.forEach { rival => \r","game.addVisual(rival)\r","game.whenCollideDo(rival, { personaje =>\r","personaje.perderVida()\r","game.say(pacman, \"Ups! Perdí una vida\")\r","if (personaje.juegoTerminado()) {\r","game.say(pacman, \"Se me terminaron las vidas!!!\")\r","game.onTick(5000, \"gameEnd\", { game.stop() })\r","}\r","})\r"]]},"level":"error","message":"✘ Failed to get type description: Error: {\n  \"errors\": [\n    null,\n    [\n      \"/*\\r\",\n      \"rivales.forEach { rival => \\r\",\n      \"game.addVisual(rival)\\r\",\n      \"game.whenCollideDo(rival, { personaje =>\\r\",\n      \"personaje.perderVida()\\r\",\n      \"game.say(pacman, \\\"Ups! Perdí una vida\\\")\\r\",\n      \"if (personaje.juegoTerminado()) {\\r\",\n      \"game.say(pacman, \\\"Se me terminaron las vidas!!!\\\")\\r\",\n      \"game.onTick(5000, \\\"gameEnd\\\", { game.stop() })\\r\",\n      \"}\\r\",\n      \"})\\r\"\n    ]\n  ]\n} {\n  \"errors\": [\n    null,\n    [\n      \"/*\\r\",\n      \"rivales.forEach { rival => \\r\",\n      \"game.addVisual(rival)\\r\",\n      \"game.whenCollideDo(rival, { personaje =>\\r\",\n      \"personaje.perderVida()\\r\",\n      \"game.say(pacman, \\\"Ups! Perdí una vida\\\")\\r\",\n      \"if (personaje.juegoTerminado()) {\\r\",\n      \"game.say(pacman, \\\"Se me terminaron las vidas!!!\\\")\\r\",\n      \"game.onTick(5000, \\\"gameEnd\\\", { game.stop() })\\r\",\n      \"}\\r\",\n      \"})\\r\"\n    ]\n  ]\n}","stack":"Error: {\n  \"errors\": [\n    null,\n    [\n      \"/*\\r\",\n      \"rivales.forEach { rival => \\r\",\n      \"game.addVisual(rival)\\r\",\n      \"game.whenCollideDo(rival, { personaje =>\\r\",\n      \"personaje.perderVida()\\r\",\n      \"game.say(pacman, \\\"Ups! Perdí una vida\\\")\\r\",\n      \"if (personaje.juegoTerminado()) {\\r\",\n      \"game.say(pacman, \\\"Se me terminaron las vidas!!!\\\")\\r\",\n      \"game.onTick(5000, \\\"gameEnd\\\", { game.stop() })\\r\",\n      \"}\\r\",\n      \"})\\r\"\n    ]\n  ]\n}\n    at aS (c:\\Users\\agust\\.vscode\\extensions\\uqbar.wollok-lsp-ide-0.5.3\\out\\server\\src\\server.js:64:34609)\n    at K1 (c:\\Users\\agust\\.vscode\\extensions\\uqbar.wollok-lsp-ide-0.5.3\\out\\server\\src\\server.js:64:34682)\n    at c:\\Users\\agust\\.vscode\\extensions\\uqbar.wollok-lsp-ide-0.5.3\\out\\server\\src\\server.js:64:37949\n    at o.g1 (c:\\Users\\agust\\.vscode\\extensions\\uqbar.wollok-lsp-ide-0.5.3\\out\\server\\src\\server.js:57:58803)\n    at c:\\Users\\agust\\.vscode\\extensions\\uqbar.wollok-lsp-ide-0.5.3\\out\\server\\src\\server.js:64:37918\n    at c:\\Users\\agust\\.vscode\\extensions\\uqbar.wollok-lsp-ide-0.5.3\\out\\server\\src\\server.js:57:56843\n    at Dfn (c:\\Users\\agust\\.vscode\\extensions\\uqbar.wollok-lsp-ide-0.5.3\\out\\server\\src\\server.js:68:11324)\n    at c:\\Users\\agust\\.vscode\\extensions\\uqbar.wollok-lsp-ide-0.5.3\\out\\server\\src\\server.js:68:3629\n    at r4 (c:\\Users\\agust\\.vscode\\extensions\\uqbar.wollok-lsp-ide-0.5.3\\out\\server\\src\\server.js:68:9866)\n    at c:\\Users\\agust\\.vscode\\extensions\\uqbar.wollok-lsp-ide-0.5.3\\out\\server\\src\\server.js:68:9628","timestamp":"2025-09-13T14:38:41.794Z"}
{"level":"error","message":"✘ Completions for node Send ([45:4, 45:51] - pgmProgram.wpgm) failed: Error: [Send]{b57107} at pgmProgram.wpgm:45 exhausted all cases without a match [Send]{b57107} at pgmProgram.wpgm:45 exhausted all cases without a match","stack":"Error: [Send]{b57107} at pgmProgram.wpgm:45 exhausted all cases without a match\n    at c:\\Users\\agust\\.vscode\\extensions\\uqbar.wollok-lsp-ide-0.5.3\\out\\server\\src\\server.js:38:6142\n    at D2 (c:\\Users\\agust\\.vscode\\extensions\\uqbar.wollok-lsp-ide-0.5.3\\out\\server\\src\\server.js:2384:42)\n    at Qh (c:\\Users\\agust\\.vscode\\extensions\\uqbar.wollok-lsp-ide-0.5.3\\out\\server\\src\\server.js:2384:1092)\n    at k6n (c:\\Users\\agust\\.vscode\\extensions\\uqbar.wollok-lsp-ide-0.5.3\\out\\server\\src\\server.js:2384:1248)\n    at c:\\Users\\agust\\.vscode\\extensions\\uqbar.wollok-lsp-ide-0.5.3\\out\\server\\src\\server.js:38:6131\n    at D2 (c:\\Users\\agust\\.vscode\\extensions\\uqbar.wollok-lsp-ide-0.5.3\\out\\server\\src\\server.js:2384:42)\n    at c:\\Users\\agust\\.vscode\\extensions\\uqbar.wollok-lsp-ide-0.5.3\\out\\server\\src\\server.js:2384:2988\n    at c:\\Users\\agust\\.vscode\\extensions\\uqbar.wollok-lsp-ide-0.5.3\\out\\server\\src\\server.js:2393:8440\n    at c:\\Users\\agust\\.vscode\\extensions\\uqbar.wollok-lsp-ide-0.5.3\\out\\server\\src\\server.js:37:74872\n    at Ye (c:\\Users\\agust\\.vscode\\extensions\\uqbar.wollok-lsp-ide-0.5.3\\out\\server\\src\\server.js:7:8527)","timestamp":"2025-09-13T14:38:45.476Z"}
{"level":"error","message":"✘ Completions for node Return (undefined - pgmProgram.wpgm) failed: Error: [Return]{d8b977} at pgmProgram.wpgm:-- exhausted all cases without a match [Return]{d8b977} at pgmProgram.wpgm:-- exhausted all cases without a match","stack":"Error: [Return]{d8b977} at pgmProgram.wpgm:-- exhausted all cases without a match\n    at c:\\Users\\agust\\.vscode\\extensions\\uqbar.wollok-lsp-ide-0.5.3\\out\\server\\src\\server.js:38:6142\n    at D2 (c:\\Users\\agust\\.vscode\\extensions\\uqbar.wollok-lsp-ide-0.5.3\\out\\server\\src\\server.js:2384:42)\n    at Qh (c:\\Users\\agust\\.vscode\\extensions\\uqbar.wollok-lsp-ide-0.5.3\\out\\server\\src\\server.js:2384:1092)\n    at D2 (c:\\Users\\agust\\.vscode\\extensions\\uqbar.wollok-lsp-ide-0.5.3\\out\\server\\src\\server.js:2384:544)\n    at Qh (c:\\Users\\agust\\.vscode\\extensions\\uqbar.wollok-lsp-ide-0.5.3\\out\\server\\src\\server.js:2384:1092)\n    at k6n (c:\\Users\\agust\\.vscode\\extensions\\uqbar.wollok-lsp-ide-0.5.3\\out\\server\\src\\server.js:2384:1248)\n    at c:\\Users\\agust\\.vscode\\extensions\\uqbar.wollok-lsp-ide-0.5.3\\out\\server\\src\\server.js:38:6131\n    at D2 (c:\\Users\\agust\\.vscode\\extensions\\uqbar.wollok-lsp-ide-0.5.3\\out\\server\\src\\server.js:2384:42)\n    at c:\\Users\\agust\\.vscode\\extensions\\uqbar.wollok-lsp-ide-0.5.3\\out\\server\\src\\server.js:2384:2988\n    at c:\\Users\\agust\\.vscode\\extensions\\uqbar.wollok-lsp-ide-0.5.3\\out\\server\\src\\server.js:2393:8440","timestamp":"2025-09-13T14:38:45.476Z"}
{"level":"error","message":"✘ Failed to rebuild document Failed to parse pgmProgram.wpgm: \n-- PARSING FAILED --------------------------------------------------\n\n  50 | \tgame.start()\n  51 | \t\n> 52 | }\n     | ^\n\nExpected one of the following: \n\n'@', 'class', 'const', 'describe', 'mixin', 'object', 'only', 'package', 'program', 'test', 'var', '{', EOF, comment, not \"}\", whitespace\n","stack":"Error: Failed to parse pgmProgram.wpgm: \n-- PARSING FAILED --------------------------------------------------\n\n  50 | \tgame.start()\n  51 | \t\n> 52 | }\n     | ^\n\nExpected one of the following: \n\n'@', 'class', 'const', 'describe', 'mixin', 'object', 'only', 'package', 'program', 'test', 'var', '{', EOF, comment, not \"}\", whitespace\n\n    at c:\\Users\\agust\\.vscode\\extensions\\uqbar.wollok-lsp-ide-0.5.3\\out\\server\\src\\server.js:2348:13026\n    at Array.map (<anonymous>)\n    at W1n (c:\\Users\\agust\\.vscode\\extensions\\uqbar.wollok-lsp-ide-0.5.3\\out\\server\\src\\server.js:2348:12950)\n    at U2.buildEnvironmentFrom (c:\\Users\\agust\\.vscode\\extensions\\uqbar.wollok-lsp-ide-0.5.3\\out\\server\\src\\server.js:2393:5254)\n    at U2.updateEnvironmentWith (c:\\Users\\agust\\.vscode\\extensions\\uqbar.wollok-lsp-ide-0.5.3\\out\\server\\src\\server.js:2393:4989)\n    at JF (c:\\Users\\agust\\.vscode\\extensions\\uqbar.wollok-lsp-ide-0.5.3\\out\\server\\src\\server.js:2393:7383)\n    at F3.invoke (c:\\Users\\agust\\.vscode\\extensions\\uqbar.wollok-lsp-ide-0.5.3\\out\\server\\src\\server.js:3:157334)\n    at o.fire (c:\\Users\\agust\\.vscode\\extensions\\uqbar.wollok-lsp-ide-0.5.3\\out\\server\\src\\server.js:3:158104)\n    at c:\\Users\\agust\\.vscode\\extensions\\uqbar.wollok-lsp-ide-0.5.3\\out\\server\\src\\server.js:37:57871\n    at Zr (c:\\Users\\agust\\.vscode\\extensions\\uqbar.wollok-lsp-ide-0.5.3\\out\\server\\src\\server.js:8:1561)","timestamp":"2025-09-13T14:38:50.657Z"}
{"level":"error","message":"✘ Completions for node Literal ([45:14, 45:33] - pgmProgram.wpgm) failed: Error: [Literal]{6ad720} at pgmProgram.wpgm:45 exhausted all cases without a match [Literal]{6ad720} at pgmProgram.wpgm:45 exhausted all cases without a match","stack":"Error: [Literal]{6ad720} at pgmProgram.wpgm:45 exhausted all cases without a match\n    at c:\\Users\\agust\\.vscode\\extensions\\uqbar.wollok-lsp-ide-0.5.3\\out\\server\\src\\server.js:38:6142\n    at D2 (c:\\Users\\agust\\.vscode\\extensions\\uqbar.wollok-lsp-ide-0.5.3\\out\\server\\src\\server.js:2384:42)\n    at c:\\Users\\agust\\.vscode\\extensions\\uqbar.wollok-lsp-ide-0.5.3\\out\\server\\src\\server.js:2384:2988\n    at c:\\Users\\agust\\.vscode\\extensions\\uqbar.wollok-lsp-ide-0.5.3\\out\\server\\src\\server.js:2393:8440\n    at c:\\Users\\agust\\.vscode\\extensions\\uqbar.wollok-lsp-ide-0.5.3\\out\\server\\src\\server.js:37:74872\n    at Ye (c:\\Users\\agust\\.vscode\\extensions\\uqbar.wollok-lsp-ide-0.5.3\\out\\server\\src\\server.js:7:8527)\n    at qt (c:\\Users\\agust\\.vscode\\extensions\\uqbar.wollok-lsp-ide-0.5.3\\out\\server\\src\\server.js:7:6189)\n    at ot (c:\\Users\\agust\\.vscode\\extensions\\uqbar.wollok-lsp-ide-0.5.3\\out\\server\\src\\server.js:7:6378)\n    at Immediate._onImmediate (c:\\Users\\agust\\.vscode\\extensions\\uqbar.wollok-lsp-ide-0.5.3\\out\\server\\src\\server.js:7:6142)\n    at process.processImmediate (node:internal/timers:485:21)","timestamp":"2025-09-13T14:38:50.680Z"}
{"level":"error","message":"✘ Completions for node Send ([45:14, 45:53] - pgmProgram.wpgm) failed: Error: [Send]{1d8713} at pgmProgram.wpgm:45 exhausted all cases without a match [Send]{1d8713} at pgmProgram.wpgm:45 exhausted all cases without a match","stack":"Error: [Send]{1d8713} at pgmProgram.wpgm:45 exhausted all cases without a match\n    at c:\\Users\\agust\\.vscode\\extensions\\uqbar.wollok-lsp-ide-0.5.3\\out\\server\\src\\server.js:38:6142\n    at D2 (c:\\Users\\agust\\.vscode\\extensions\\uqbar.wollok-lsp-ide-0.5.3\\out\\server\\src\\server.js:2384:42)\n    at Qh (c:\\Users\\agust\\.vscode\\extensions\\uqbar.wollok-lsp-ide-0.5.3\\out\\server\\src\\server.js:2384:1092)\n    at D2 (c:\\Users\\agust\\.vscode\\extensions\\uqbar.wollok-lsp-ide-0.5.3\\out\\server\\src\\server.js:2384:544)\n    at c:\\Users\\agust\\.vscode\\extensions\\uqbar.wollok-lsp-ide-0.5.3\\out\\server\\src\\server.js:2384:2988\n    at c:\\Users\\agust\\.vscode\\extensions\\uqbar.wollok-lsp-ide-0.5.3\\out\\server\\src\\server.js:2393:8440\n    at c:\\Users\\agust\\.vscode\\extensions\\uqbar.wollok-lsp-ide-0.5.3\\out\\server\\src\\server.js:37:74872\n    at Ye (c:\\Users\\agust\\.vscode\\extensions\\uqbar.wollok-lsp-ide-0.5.3\\out\\server\\src\\server.js:7:8527)\n    at qt (c:\\Users\\agust\\.vscode\\extensions\\uqbar.wollok-lsp-ide-0.5.3\\out\\server\\src\\server.js:7:6189)\n    at ot (c:\\Users\\agust\\.vscode\\extensions\\uqbar.wollok-lsp-ide-0.5.3\\out\\server\\src\\server.js:7:6378)","timestamp":"2025-09-13T14:38:50.681Z"}
{"level":"error","message":"✘ Completions for node Send ([45:4, 45:54] - pgmProgram.wpgm) failed: Error: [Send]{b98e3e} at pgmProgram.wpgm:45 exhausted all cases without a match [Send]{b98e3e} at pgmProgram.wpgm:45 exhausted all cases without a match","stack":"Error: [Send]{b98e3e} at pgmProgram.wpgm:45 exhausted all cases without a match\n    at c:\\Users\\agust\\.vscode\\extensions\\uqbar.wollok-lsp-ide-0.5.3\\out\\server\\src\\server.js:38:6142\n    at D2 (c:\\Users\\agust\\.vscode\\extensions\\uqbar.wollok-lsp-ide-0.5.3\\out\\server\\src\\server.js:2384:42)\n    at Qh (c:\\Users\\agust\\.vscode\\extensions\\uqbar.wollok-lsp-ide-0.5.3\\out\\server\\src\\server.js:2384:1092)\n    at D2 (c:\\Users\\agust\\.vscode\\extensions\\uqbar.wollok-lsp-ide-0.5.3\\out\\server\\src\\server.js:2384:544)\n    at Qh (c:\\Users\\agust\\.vscode\\extensions\\uqbar.wollok-lsp-ide-0.5.3\\out\\server\\src\\server.js:2384:1092)\n    at D2 (c:\\Users\\agust\\.vscode\\extensions\\uqbar.wollok-lsp-ide-0.5.3\\out\\server\\src\\server.js:2384:544)\n    at c:\\Users\\agust\\.vscode\\extensions\\uqbar.wollok-lsp-ide-0.5.3\\out\\server\\src\\server.js:2384:2988\n    at c:\\Users\\agust\\.vscode\\extensions\\uqbar.wollok-lsp-ide-0.5.3\\out\\server\\src\\server.js:2393:8440\n    at c:\\Users\\agust\\.vscode\\extensions\\uqbar.wollok-lsp-ide-0.5.3\\out\\server\\src\\server.js:37:74872\n    at Ye (c:\\Users\\agust\\.vscode\\extensions\\uqbar.wollok-lsp-ide-0.5.3\\out\\server\\src\\server.js:7:8527)","timestamp":"2025-09-13T14:38:50.681Z"}
{"level":"error","message":"✘ Completions for node Return (undefined - pgmProgram.wpgm) failed: Error: [Return]{e8e72b} at pgmProgram.wpgm:-- exhausted all cases without a match [Return]{e8e72b} at pgmProgram.wpgm:-- exhausted all cases without a match","stack":"Error: [Return]{e8e72b} at pgmProgram.wpgm:-- exhausted all cases without a match\n    at c:\\Users\\agust\\.vscode\\extensions\\uqbar.wollok-lsp-ide-0.5.3\\out\\server\\src\\server.js:38:6142\n    at D2 (c:\\Users\\agust\\.vscode\\extensions\\uqbar.wollok-lsp-ide-0.5.3\\out\\server\\src\\server.js:2384:42)\n    at Qh (c:\\Users\\agust\\.vscode\\extensions\\uqbar.wollok-lsp-ide-0.5.3\\out\\server\\src\\server.js:2384:1092)\n    at D2 (c:\\Users\\agust\\.vscode\\extensions\\uqbar.wollok-lsp-ide-0.5.3\\out\\server\\src\\server.js:2384:544)\n    at Qh (c:\\Users\\agust\\.vscode\\extensions\\uqbar.wollok-lsp-ide-0.5.3\\out\\server\\src\\server.js:2384:1092)\n    at D2 (c:\\Users\\agust\\.vscode\\extensions\\uqbar.wollok-lsp-ide-0.5.3\\out\\server\\src\\server.js:2384:544)\n    at Qh (c:\\Users\\agust\\.vscode\\extensions\\uqbar.wollok-lsp-ide-0.5.3\\out\\server\\src\\server.js:2384:1092)\n    at D2 (c:\\Users\\agust\\.vscode\\extensions\\uqbar.wollok-lsp-ide-0.5.3\\out\\server\\src\\server.js:2384:544)\n    at c:\\Users\\agust\\.vscode\\extensions\\uqbar.wollok-lsp-ide-0.5.3\\out\\server\\src\\server.js:2384:2988\n    at c:\\Users\\agust\\.vscode\\extensions\\uqbar.wollok-lsp-ide-0.5.3\\out\\server\\src\\server.js:2393:8440","timestamp":"2025-09-13T14:38:50.681Z"}
{"level":"error","message":"✘ Failed to rebuild document Failed to parse pgmProgram.wpgm: \n-- PARSING FAILED --------------------------------------------------\n\n  50 | \tgame.start()\n  51 | \t\n> 52 | }\n     | ^\n\nExpected one of the following: \n\n'@', 'class', 'const', 'describe', 'mixin', 'object', 'only', 'package', 'program', 'test', 'var', '{', EOF, comment, not \"}\", whitespace\n","stack":"Error: Failed to parse pgmProgram.wpgm: \n-- PARSING FAILED --------------------------------------------------\n\n  50 | \tgame.start()\n  51 | \t\n> 52 | }\n     | ^\n\nExpected one of the following: \n\n'@', 'class', 'const', 'describe', 'mixin', 'object', 'only', 'package', 'program', 'test', 'var', '{', EOF, comment, not \"}\", whitespace\n\n    at c:\\Users\\agust\\.vscode\\extensions\\uqbar.wollok-lsp-ide-0.5.3\\out\\server\\src\\server.js:2348:13026\n    at Array.map (<anonymous>)\n    at W1n (c:\\Users\\agust\\.vscode\\extensions\\uqbar.wollok-lsp-ide-0.5.3\\out\\server\\src\\server.js:2348:12950)\n    at U2.buildEnvironmentFrom (c:\\Users\\agust\\.vscode\\extensions\\uqbar.wollok-lsp-ide-0.5.3\\out\\server\\src\\server.js:2393:5254)\n    at U2.updateEnvironmentWith (c:\\Users\\agust\\.vscode\\extensions\\uqbar.wollok-lsp-ide-0.5.3\\out\\server\\src\\server.js:2393:4989)\n    at JF (c:\\Users\\agust\\.vscode\\extensions\\uqbar.wollok-lsp-ide-0.5.3\\out\\server\\src\\server.js:2393:7383)\n    at F3.invoke (c:\\Users\\agust\\.vscode\\extensions\\uqbar.wollok-lsp-ide-0.5.3\\out\\server\\src\\server.js:3:157334)\n    at o.fire (c:\\Users\\agust\\.vscode\\extensions\\uqbar.wollok-lsp-ide-0.5.3\\out\\server\\src\\server.js:3:158104)\n    at c:\\Users\\agust\\.vscode\\extensions\\uqbar.wollok-lsp-ide-0.5.3\\out\\server\\src\\server.js:37:57871\n    at Zr (c:\\Users\\agust\\.vscode\\extensions\\uqbar.wollok-lsp-ide-0.5.3\\out\\server\\src\\server.js:8:1561)","timestamp":"2025-09-13T14:38:50.718Z"}
{"level":"error","message":"✘ Failed to rebuild document Failed to parse pgmProgram.wpgm: \n-- PARSING FAILED --------------------------------------------------\n\n  50 | \tgame.start()\n  51 | \t\n> 52 | }\n     | ^\n\nExpected one of the following: \n\n'@', 'class', 'const', 'describe', 'mixin', 'object', 'only', 'package', 'program', 'test', 'var', '{', EOF, comment, not \"}\", whitespace\n","stack":"Error: Failed to parse pgmProgram.wpgm: \n-- PARSING FAILED --------------------------------------------------\n\n  50 | \tgame.start()\n  51 | \t\n> 52 | }\n     | ^\n\nExpected one of the following: \n\n'@', 'class', 'const', 'describe', 'mixin', 'object', 'only', 'package', 'program', 'test', 'var', '{', EOF, comment, not \"}\", whitespace\n\n    at c:\\Users\\agust\\.vscode\\extensions\\uqbar.wollok-lsp-ide-0.5.3\\out\\server\\src\\server.js:2348:13026\n    at Array.map (<anonymous>)\n    at W1n (c:\\Users\\agust\\.vscode\\extensions\\uqbar.wollok-lsp-ide-0.5.3\\out\\server\\src\\server.js:2348:12950)\n    at U2.buildEnvironmentFrom (c:\\Users\\agust\\.vscode\\extensions\\uqbar.wollok-lsp-ide-0.5.3\\out\\server\\src\\server.js:2393:5254)\n    at U2.updateEnvironmentWith (c:\\Users\\agust\\.vscode\\extensions\\uqbar.wollok-lsp-ide-0.5.3\\out\\server\\src\\server.js:2393:4989)\n    at JF (c:\\Users\\agust\\.vscode\\extensions\\uqbar.wollok-lsp-ide-0.5.3\\out\\server\\src\\server.js:2393:7383)\n    at F3.invoke (c:\\Users\\agust\\.vscode\\extensions\\uqbar.wollok-lsp-ide-0.5.3\\out\\server\\src\\server.js:3:157334)\n    at o.fire (c:\\Users\\agust\\.vscode\\extensions\\uqbar.wollok-lsp-ide-0.5.3\\out\\server\\src\\server.js:3:158104)\n    at c:\\Users\\agust\\.vscode\\extensions\\uqbar.wollok-lsp-ide-0.5.3\\out\\server\\src\\server.js:37:57871\n    at Zr (c:\\Users\\agust\\.vscode\\extensions\\uqbar.wollok-lsp-ide-0.5.3\\out\\server\\src\\server.js:8:1561)","timestamp":"2025-09-13T14:38:50.867Z"}
{"level":"error","message":"✘ Failed to rebuild document Failed to parse pgmProgram.wpgm: \n-- PARSING FAILED --------------------------------------------------\n\n  50 | \tgame.start()\n  51 | \t\n> 52 | }\n     | ^\n\nExpected one of the following: \n\n'@', 'class', 'const', 'describe', 'mixin', 'object', 'only', 'package', 'program', 'test', 'var', '{', EOF, comment, not \"}\", whitespace\n","stack":"Error: Failed to parse pgmProgram.wpgm: \n-- PARSING FAILED --------------------------------------------------\n\n  50 | \tgame.start()\n  51 | \t\n> 52 | }\n     | ^\n\nExpected one of the following: \n\n'@', 'class', 'const', 'describe', 'mixin', 'object', 'only', 'package', 'program', 'test', 'var', '{', EOF, comment, not \"}\", whitespace\n\n    at c:\\Users\\agust\\.vscode\\extensions\\uqbar.wollok-lsp-ide-0.5.3\\out\\server\\src\\server.js:2348:13026\n    at Array.map (<anonymous>)\n    at W1n (c:\\Users\\agust\\.vscode\\extensions\\uqbar.wollok-lsp-ide-0.5.3\\out\\server\\src\\server.js:2348:12950)\n    at U2.buildEnvironmentFrom (c:\\Users\\agust\\.vscode\\extensions\\uqbar.wollok-lsp-ide-0.5.3\\out\\server\\src\\server.js:2393:5254)\n    at U2.updateEnvironmentWith (c:\\Users\\agust\\.vscode\\extensions\\uqbar.wollok-lsp-ide-0.5.3\\out\\server\\src\\server.js:2393:4989)\n    at JF (c:\\Users\\agust\\.vscode\\extensions\\uqbar.wollok-lsp-ide-0.5.3\\out\\server\\src\\server.js:2393:7383)\n    at F3.invoke (c:\\Users\\agust\\.vscode\\extensions\\uqbar.wollok-lsp-ide-0.5.3\\out\\server\\src\\server.js:3:157334)\n    at o.fire (c:\\Users\\agust\\.vscode\\extensions\\uqbar.wollok-lsp-ide-0.5.3\\out\\server\\src\\server.js:3:158104)\n    at c:\\Users\\agust\\.vscode\\extensions\\uqbar.wollok-lsp-ide-0.5.3\\out\\server\\src\\server.js:37:57871\n    at Zr (c:\\Users\\agust\\.vscode\\extensions\\uqbar.wollok-lsp-ide-0.5.3\\out\\server\\src\\server.js:8:1561)","timestamp":"2025-09-13T14:38:50.961Z"}
{"level":"error","message":"✘ Failed to rebuild document Failed to parse pgmProgram.wpgm: \n-- PARSING FAILED --------------------------------------------------\n\n  50 | \tgame.start()\n  51 | \t\n> 52 | }\n     | ^\n\nExpected one of the following: \n\n'@', 'class', 'const', 'describe', 'mixin', 'object', 'only', 'package', 'program', 'test', 'var', '{', EOF, comment, not \"}\", whitespace\n","stack":"Error: Failed to parse pgmProgram.wpgm: \n-- PARSING FAILED --------------------------------------------------\n\n  50 | \tgame.start()\n  51 | \t\n> 52 | }\n     | ^\n\nExpected one of the following: \n\n'@', 'class', 'const', 'describe', 'mixin', 'object', 'only', 'package', 'program', 'test', 'var', '{', EOF, comment, not \"}\", whitespace\n\n    at c:\\Users\\agust\\.vscode\\extensions\\uqbar.wollok-lsp-ide-0.5.3\\out\\server\\src\\server.js:2348:13026\n    at Array.map (<anonymous>)\n    at W1n (c:\\Users\\agust\\.vscode\\extensions\\uqbar.wollok-lsp-ide-0.5.3\\out\\server\\src\\server.js:2348:12950)\n    at U2.buildEnvironmentFrom (c:\\Users\\agust\\.vscode\\extensions\\uqbar.wollok-lsp-ide-0.5.3\\out\\server\\src\\server.js:2393:5254)\n    at U2.updateEnvironmentWith (c:\\Users\\agust\\.vscode\\extensions\\uqbar.wollok-lsp-ide-0.5.3\\out\\server\\src\\server.js:2393:4989)\n    at JF (c:\\Users\\agust\\.vscode\\extensions\\uqbar.wollok-lsp-ide-0.5.3\\out\\server\\src\\server.js:2393:7383)\n    at F3.invoke (c:\\Users\\agust\\.vscode\\extensions\\uqbar.wollok-lsp-ide-0.5.3\\out\\server\\src\\server.js:3:157334)\n    at o.fire (c:\\Users\\agust\\.vscode\\extensions\\uqbar.wollok-lsp-ide-0.5.3\\out\\server\\src\\server.js:3:158104)\n    at c:\\Users\\agust\\.vscode\\extensions\\uqbar.wollok-lsp-ide-0.5.3\\out\\server\\src\\server.js:37:57871\n    at Zr (c:\\Users\\agust\\.vscode\\extensions\\uqbar.wollok-lsp-ide-0.5.3\\out\\server\\src\\server.js:8:1561)","timestamp":"2025-09-13T14:38:51.018Z"}
{"level":"error","message":"✘ Failed to rebuild document Failed to parse pgmProgram.wpgm: \n-- PARSING FAILED --------------------------------------------------\n\n  50 | \tgame.start()\n  51 | \t\n> 52 | }\n     | ^\n\nExpected one of the following: \n\n'@', 'class', 'const', 'describe', 'mixin', 'object', 'only', 'package', 'program', 'test', 'var', '{', EOF, comment, not \"}\", whitespace\n","stack":"Error: Failed to parse pgmProgram.wpgm: \n-- PARSING FAILED --------------------------------------------------\n\n  50 | \tgame.start()\n  51 | \t\n> 52 | }\n     | ^\n\nExpected one of the following: \n\n'@', 'class', 'const', 'describe', 'mixin', 'object', 'only', 'package', 'program', 'test', 'var', '{', EOF, comment, not \"}\", whitespace\n\n    at c:\\Users\\agust\\.vscode\\extensions\\uqbar.wollok-lsp-ide-0.5.3\\out\\server\\src\\server.js:2348:13026\n    at Array.map (<anonymous>)\n    at W1n (c:\\Users\\agust\\.vscode\\extensions\\uqbar.wollok-lsp-ide-0.5.3\\out\\server\\src\\server.js:2348:12950)\n    at U2.buildEnvironmentFrom (c:\\Users\\agust\\.vscode\\extensions\\uqbar.wollok-lsp-ide-0.5.3\\out\\server\\src\\server.js:2393:5254)\n    at U2.updateEnvironmentWith (c:\\Users\\agust\\.vscode\\extensions\\uqbar.wollok-lsp-ide-0.5.3\\out\\server\\src\\server.js:2393:4989)\n    at JF (c:\\Users\\agust\\.vscode\\extensions\\uqbar.wollok-lsp-ide-0.5.3\\out\\server\\src\\server.js:2393:7383)\n    at F3.invoke (c:\\Users\\agust\\.vscode\\extensions\\uqbar.wollok-lsp-ide-0.5.3\\out\\server\\src\\server.js:3:157334)\n    at o.fire (c:\\Users\\agust\\.vscode\\extensions\\uqbar.wollok-lsp-ide-0.5.3\\out\\server\\src\\server.js:3:158104)\n    at c:\\Users\\agust\\.vscode\\extensions\\uqbar.wollok-lsp-ide-0.5.3\\out\\server\\src\\server.js:37:57871\n    at Zr (c:\\Users\\agust\\.vscode\\extensions\\uqbar.wollok-lsp-ide-0.5.3\\out\\server\\src\\server.js:8:1561)","timestamp":"2025-09-13T14:38:51.200Z"}
{"level":"error","message":"✘ Failed to rebuild document Failed to parse pgmProgram.wpgm: \n-- PARSING FAILED --------------------------------------------------\n\n  50 | \tgame.start()\n  51 | \t\n> 52 | }\n     | ^\n\nExpected one of the following: \n\n'@', 'class', 'const', 'describe', 'mixin', 'object', 'only', 'package', 'program', 'test', 'var', '{', EOF, comment, not \"}\", whitespace\n","stack":"Error: Failed to parse pgmProgram.wpgm: \n-- PARSING FAILED --------------------------------------------------\n\n  50 | \tgame.start()\n  51 | \t\n> 52 | }\n     | ^\n\nExpected one of the following: \n\n'@', 'class', 'const', 'describe', 'mixin', 'object', 'only', 'package', 'program', 'test', 'var', '{', EOF, comment, not \"}\", whitespace\n\n    at c:\\Users\\agust\\.vscode\\extensions\\uqbar.wollok-lsp-ide-0.5.3\\out\\server\\src\\server.js:2348:13026\n    at Array.map (<anonymous>)\n    at W1n (c:\\Users\\agust\\.vscode\\extensions\\uqbar.wollok-lsp-ide-0.5.3\\out\\server\\src\\server.js:2348:12950)\n    at U2.buildEnvironmentFrom (c:\\Users\\agust\\.vscode\\extensions\\uqbar.wollok-lsp-ide-0.5.3\\out\\server\\src\\server.js:2393:5254)\n    at U2.updateEnvironmentWith (c:\\Users\\agust\\.vscode\\extensions\\uqbar.wollok-lsp-ide-0.5.3\\out\\server\\src\\server.js:2393:4989)\n    at JF (c:\\Users\\agust\\.vscode\\extensions\\uqbar.wollok-lsp-ide-0.5.3\\out\\server\\src\\server.js:2393:7383)\n    at F3.invoke (c:\\Users\\agust\\.vscode\\extensions\\uqbar.wollok-lsp-ide-0.5.3\\out\\server\\src\\server.js:3:157334)\n    at o.fire (c:\\Users\\agust\\.vscode\\extensions\\uqbar.wollok-lsp-ide-0.5.3\\out\\server\\src\\server.js:3:158104)\n    at c:\\Users\\agust\\.vscode\\extensions\\uqbar.wollok-lsp-ide-0.5.3\\out\\server\\src\\server.js:37:57871\n    at Zr (c:\\Users\\agust\\.vscode\\extensions\\uqbar.wollok-lsp-ide-0.5.3\\out\\server\\src\\server.js:8:1561)","timestamp":"2025-09-13T14:38:51.279Z"}
{"level":"error","message":"✘ Failed to rebuild document Failed to parse pgmProgram.wpgm: \n-- PARSING FAILED --------------------------------------------------\n\n  50 | \tgame.start()\n  51 | \t\n> 52 | }\n     | ^\n\nExpected one of the following: \n\n'@', 'class', 'const', 'describe', 'mixin', 'object', 'only', 'package', 'program', 'test', 'var', '{', EOF, comment, not \"}\", whitespace\n","stack":"Error: Failed to parse pgmProgram.wpgm: \n-- PARSING FAILED --------------------------------------------------\n\n  50 | \tgame.start()\n  51 | \t\n> 52 | }\n     | ^\n\nExpected one of the following: \n\n'@', 'class', 'const', 'describe', 'mixin', 'object', 'only', 'package', 'program', 'test', 'var', '{', EOF, comment, not \"}\", whitespace\n\n    at c:\\Users\\agust\\.vscode\\extensions\\uqbar.wollok-lsp-ide-0.5.3\\out\\server\\src\\server.js:2348:13026\n    at Array.map (<anonymous>)\n    at W1n (c:\\Users\\agust\\.vscode\\extensions\\uqbar.wollok-lsp-ide-0.5.3\\out\\server\\src\\server.js:2348:12950)\n    at U2.buildEnvironmentFrom (c:\\Users\\agust\\.vscode\\extensions\\uqbar.wollok-lsp-ide-0.5.3\\out\\server\\src\\server.js:2393:5254)\n    at U2.updateEnvironmentWith (c:\\Users\\agust\\.vscode\\extensions\\uqbar.wollok-lsp-ide-0.5.3\\out\\server\\src\\server.js:2393:4989)\n    at JF (c:\\Users\\agust\\.vscode\\extensions\\uqbar.wollok-lsp-ide-0.5.3\\out\\server\\src\\server.js:2393:7383)\n    at F3.invoke (c:\\Users\\agust\\.vscode\\extensions\\uqbar.wollok-lsp-ide-0.5.3\\out\\server\\src\\server.js:3:157334)\n    at o.fire (c:\\Users\\agust\\.vscode\\extensions\\uqbar.wollok-lsp-ide-0.5.3\\out\\server\\src\\server.js:3:158104)\n    at c:\\Users\\agust\\.vscode\\extensions\\uqbar.wollok-lsp-ide-0.5.3\\out\\server\\src\\server.js:37:57871\n    at Zr (c:\\Users\\agust\\.vscode\\extensions\\uqbar.wollok-lsp-ide-0.5.3\\out\\server\\src\\server.js:8:1561)","timestamp":"2025-09-13T14:38:51.424Z"}
{"level":"error","message":"✘ Failed to rebuild document Failed to parse pgmProgram.wpgm: \n-- PARSING FAILED --------------------------------------------------\n\n  50 | \tgame.start()\n  51 | \t\n> 52 | }\n     | ^\n\nExpected one of the following: \n\n'@', 'class', 'const', 'describe', 'mixin', 'object', 'only', 'package', 'program', 'test', 'var', '{', EOF, comment, not \"}\", whitespace\n","stack":"Error: Failed to parse pgmProgram.wpgm: \n-- PARSING FAILED --------------------------------------------------\n\n  50 | \tgame.start()\n  51 | \t\n> 52 | }\n     | ^\n\nExpected one of the following: \n\n'@', 'class', 'const', 'describe', 'mixin', 'object', 'only', 'package', 'program', 'test', 'var', '{', EOF, comment, not \"}\", whitespace\n\n    at c:\\Users\\agust\\.vscode\\extensions\\uqbar.wollok-lsp-ide-0.5.3\\out\\server\\src\\server.js:2348:13026\n    at Array.map (<anonymous>)\n    at W1n (c:\\Users\\agust\\.vscode\\extensions\\uqbar.wollok-lsp-ide-0.5.3\\out\\server\\src\\server.js:2348:12950)\n    at U2.buildEnvironmentFrom (c:\\Users\\agust\\.vscode\\extensions\\uqbar.wollok-lsp-ide-0.5.3\\out\\server\\src\\server.js:2393:5254)\n    at U2.updateEnvironmentWith (c:\\Users\\agust\\.vscode\\extensions\\uqbar.wollok-lsp-ide-0.5.3\\out\\server\\src\\server.js:2393:4989)\n    at JF (c:\\Users\\agust\\.vscode\\extensions\\uqbar.wollok-lsp-ide-0.5.3\\out\\server\\src\\server.js:2393:7383)\n    at F3.invoke (c:\\Users\\agust\\.vscode\\extensions\\uqbar.wollok-lsp-ide-0.5.3\\out\\server\\src\\server.js:3:157334)\n    at o.fire (c:\\Users\\agust\\.vscode\\extensions\\uqbar.wollok-lsp-ide-0.5.3\\out\\server\\src\\server.js:3:158104)\n    at c:\\Users\\agust\\.vscode\\extensions\\uqbar.wollok-lsp-ide-0.5.3\\out\\server\\src\\server.js:37:57871\n    at Zr (c:\\Users\\agust\\.vscode\\extensions\\uqbar.wollok-lsp-ide-0.5.3\\out\\server\\src\\server.js:8:1561)","timestamp":"2025-09-13T14:38:51.510Z"}
{"exitCode":"SIGHUP","level":"info","message":"👾 Game executed pgmProgram.pacmanGame on c:\\Users\\agust\\Desktop\\Desarrollo\\Universidad\\Programacion con Objetos 1\\pacmanbasicgame-agusalfonsoun\\pacman-13-09-25","timeElapsed":25595,"timestamp":"2025-09-13T14:38:55.277Z"}
{"level":"info","message":"🚀 Program executed \u001b[3m\u001b[34mpgmProgram.pacmanGame\u001b[39m\u001b[23m on \u001b[3m\u001b[34mc:\\Users\\agust\\Desktop\\Desarrollo\\Universidad\\Programacion con Objetos 1\\pacmanbasicgame-agusalfonsoun\\pacman-13-09-25\u001b[39m\u001b[23m","ok":true,"timeElapsed":243,"timestamp":"2025-09-13T14:38:56.444Z"}
{"level":"error","message":"✘ Completions for node Return (undefined - pgmProgram.wpgm) failed: Error: [Return]{aa691f} at pgmProgram.wpgm:-- exhausted all cases without a match [Return]{aa691f} at pgmProgram.wpgm:-- exhausted all cases without a match","stack":"Error: [Return]{aa691f} at pgmProgram.wpgm:-- exhausted all cases without a match\n    at c:\\Users\\agust\\.vscode\\extensions\\uqbar.wollok-lsp-ide-0.5.3\\out\\server\\src\\server.js:38:6142\n    at D2 (c:\\Users\\agust\\.vscode\\extensions\\uqbar.wollok-lsp-ide-0.5.3\\out\\server\\src\\server.js:2384:42)\n    at Qh (c:\\Users\\agust\\.vscode\\extensions\\uqbar.wollok-lsp-ide-0.5.3\\out\\server\\src\\server.js:2384:1092)\n    at k6n (c:\\Users\\agust\\.vscode\\extensions\\uqbar.wollok-lsp-ide-0.5.3\\out\\server\\src\\server.js:2384:1248)\n    at c:\\Users\\agust\\.vscode\\extensions\\uqbar.wollok-lsp-ide-0.5.3\\out\\server\\src\\server.js:38:6131\n    at D2 (c:\\Users\\agust\\.vscode\\extensions\\uqbar.wollok-lsp-ide-0.5.3\\out\\server\\src\\server.js:2384:42)\n    at c:\\Users\\agust\\.vscode\\extensions\\uqbar.wollok-lsp-ide-0.5.3\\out\\server\\src\\server.js:2384:2988\n    at c:\\Users\\agust\\.vscode\\extensions\\uqbar.wollok-lsp-ide-0.5.3\\out\\server\\src\\server.js:2393:8440\n    at c:\\Users\\agust\\.vscode\\extensions\\uqbar.wollok-lsp-ide-0.5.3\\out\\server\\src\\server.js:37:74872\n    at Ye (c:\\Users\\agust\\.vscode\\extensions\\uqbar.wollok-lsp-ide-0.5.3\\out\\server\\src\\server.js:7:8527)","timestamp":"2025-09-13T14:40:41.078Z"}
{"level":"error","message":"✘ Completions for node Return (undefined - pgmProgram.wpgm) failed: Error: [Return]{919135} at pgmProgram.wpgm:-- exhausted all cases without a match [Return]{919135} at pgmProgram.wpgm:-- exhausted all cases without a match","stack":"Error: [Return]{919135} at pgmProgram.wpgm:-- exhausted all cases without a match\n    at c:\\Users\\agust\\.vscode\\extensions\\uqbar.wollok-lsp-ide-0.5.3\\out\\server\\src\\server.js:38:6142\n    at D2 (c:\\Users\\agust\\.vscode\\extensions\\uqbar.wollok-lsp-ide-0.5.3\\out\\server\\src\\server.js:2384:42)\n    at Qh (c:\\Users\\agust\\.vscode\\extensions\\uqbar.wollok-lsp-ide-0.5.3\\out\\server\\src\\server.js:2384:1092)\n    at k6n (c:\\Users\\agust\\.vscode\\extensions\\uqbar.wollok-lsp-ide-0.5.3\\out\\server\\src\\server.js:2384:1248)\n    at c:\\Users\\agust\\.vscode\\extensions\\uqbar.wollok-lsp-ide-0.5.3\\out\\server\\src\\server.js:38:6131\n    at D2 (c:\\Users\\agust\\.vscode\\extensions\\uqbar.wollok-lsp-ide-0.5.3\\out\\server\\src\\server.js:2384:42)\n    at c:\\Users\\agust\\.vscode\\extensions\\uqbar.wollok-lsp-ide-0.5.3\\out\\server\\src\\server.js:2384:2988\n    at c:\\Users\\agust\\.vscode\\extensions\\uqbar.wollok-lsp-ide-0.5.3\\out\\server\\src\\server.js:2393:8440\n    at c:\\Users\\agust\\.vscode\\extensions\\uqbar.wollok-lsp-ide-0.5.3\\out\\server\\src\\server.js:37:74872\n    at Ye (c:\\Users\\agust\\.vscode\\extensions\\uqbar.wollok-lsp-ide-0.5.3\\out\\server\\src\\server.js:7:8527)","timestamp":"2025-09-13T14:40:41.761Z"}
{"level":"error","message":"✘ Failed to rebuild document Failed to parse pgmProgram.wpgm: \n-- PARSING FAILED --------------------------------------------------\n\n  44 |     personaje.perderVida()\n  45 |     game.say(personaje, \"Me quedan vidas :\" + personaje.vidas())\n> 46 |     if ()\n     |         ^\n  47 |   })\n  48 | \n\nExpected one of the following: \n\nexpression, sentence\n","stack":"Error: Failed to parse pgmProgram.wpgm: \n-- PARSING FAILED --------------------------------------------------\n\n  44 |     personaje.perderVida()\n  45 |     game.say(personaje, \"Me quedan vidas :\" + personaje.vidas())\n> 46 |     if ()\n     |         ^\n  47 |   })\n  48 | \n\nExpected one of the following: \n\nexpression, sentence\n\n    at c:\\Users\\agust\\.vscode\\extensions\\uqbar.wollok-lsp-ide-0.5.3\\out\\server\\src\\server.js:2348:13026\n    at Array.map (<anonymous>)\n    at W1n (c:\\Users\\agust\\.vscode\\extensions\\uqbar.wollok-lsp-ide-0.5.3\\out\\server\\src\\server.js:2348:12950)\n    at U2.buildEnvironmentFrom (c:\\Users\\agust\\.vscode\\extensions\\uqbar.wollok-lsp-ide-0.5.3\\out\\server\\src\\server.js:2393:5254)\n    at U2.updateEnvironmentWith (c:\\Users\\agust\\.vscode\\extensions\\uqbar.wollok-lsp-ide-0.5.3\\out\\server\\src\\server.js:2393:4989)\n    at JF (c:\\Users\\agust\\.vscode\\extensions\\uqbar.wollok-lsp-ide-0.5.3\\out\\server\\src\\server.js:2393:7383)\n    at F3.invoke (c:\\Users\\agust\\.vscode\\extensions\\uqbar.wollok-lsp-ide-0.5.3\\out\\server\\src\\server.js:3:157334)\n    at o.fire (c:\\Users\\agust\\.vscode\\extensions\\uqbar.wollok-lsp-ide-0.5.3\\out\\server\\src\\server.js:3:158104)\n    at c:\\Users\\agust\\.vscode\\extensions\\uqbar.wollok-lsp-ide-0.5.3\\out\\server\\src\\server.js:37:57871\n    at Zr (c:\\Users\\agust\\.vscode\\extensions\\uqbar.wollok-lsp-ide-0.5.3\\out\\server\\src\\server.js:8:1561)","timestamp":"2025-09-13T14:40:42.715Z"}
{"level":"error","message":"✘ Failed to rebuild document Failed to parse pgmProgram.wpgm: \n-- PARSING FAILED --------------------------------------------------\n\n  45 |     game.say(personaje, \"Me quedan vidas :\" + personaje.vidas())\n  46 | \tmethod juegoTerminado() = vidas == 0\n> 47 |     if ()\n     |         ^\n  48 |   })\n  49 | \n\nExpected:\n\nsentence\n","stack":"Error: Failed to parse pgmProgram.wpgm: \n-- PARSING FAILED --------------------------------------------------\n\n  45 |     game.say(personaje, \"Me quedan vidas :\" + personaje.vidas())\n  46 | \tmethod juegoTerminado() = vidas == 0\n> 47 |     if ()\n     |         ^\n  48 |   })\n  49 | \n\nExpected:\n\nsentence\n\n    at c:\\Users\\agust\\.vscode\\extensions\\uqbar.wollok-lsp-ide-0.5.3\\out\\server\\src\\server.js:2348:13026\n    at Array.map (<anonymous>)\n    at W1n (c:\\Users\\agust\\.vscode\\extensions\\uqbar.wollok-lsp-ide-0.5.3\\out\\server\\src\\server.js:2348:12950)\n    at U2.buildEnvironmentFrom (c:\\Users\\agust\\.vscode\\extensions\\uqbar.wollok-lsp-ide-0.5.3\\out\\server\\src\\server.js:2393:5254)\n    at U2.updateEnvironmentWith (c:\\Users\\agust\\.vscode\\extensions\\uqbar.wollok-lsp-ide-0.5.3\\out\\server\\src\\server.js:2393:4989)\n    at JF (c:\\Users\\agust\\.vscode\\extensions\\uqbar.wollok-lsp-ide-0.5.3\\out\\server\\src\\server.js:2393:7383)\n    at F3.invoke (c:\\Users\\agust\\.vscode\\extensions\\uqbar.wollok-lsp-ide-0.5.3\\out\\server\\src\\server.js:3:157334)\n    at o.fire (c:\\Users\\agust\\.vscode\\extensions\\uqbar.wollok-lsp-ide-0.5.3\\out\\server\\src\\server.js:3:158104)\n    at c:\\Users\\agust\\.vscode\\extensions\\uqbar.wollok-lsp-ide-0.5.3\\out\\server\\src\\server.js:37:57871\n    at Zr (c:\\Users\\agust\\.vscode\\extensions\\uqbar.wollok-lsp-ide-0.5.3\\out\\server\\src\\server.js:8:1561)","timestamp":"2025-09-13T14:40:43.974Z"}
{"level":"error","message":"✘ Failed to rebuild document Failed to parse pgmProgram.wpgm: \n-- PARSING FAILED --------------------------------------------------\n\n  44 |     personaje.perderVida()\n  45 |     game.say(personaje, \"Me quedan vidas :\" + personaje.vidas())\n> 46 |     if ()\n     |         ^\n  47 |   })\n  48 | \n\nExpected one of the following: \n\nexpression, sentence\n","stack":"Error: Failed to parse pgmProgram.wpgm: \n-- PARSING FAILED --------------------------------------------------\n\n  44 |     personaje.perderVida()\n  45 |     game.say(personaje, \"Me quedan vidas :\" + personaje.vidas())\n> 46 |     if ()\n     |         ^\n  47 |   })\n  48 | \n\nExpected one of the following: \n\nexpression, sentence\n\n    at c:\\Users\\agust\\.vscode\\extensions\\uqbar.wollok-lsp-ide-0.5.3\\out\\server\\src\\server.js:2348:13026\n    at Array.map (<anonymous>)\n    at W1n (c:\\Users\\agust\\.vscode\\extensions\\uqbar.wollok-lsp-ide-0.5.3\\out\\server\\src\\server.js:2348:12950)\n    at U2.buildEnvironmentFrom (c:\\Users\\agust\\.vscode\\extensions\\uqbar.wollok-lsp-ide-0.5.3\\out\\server\\src\\server.js:2393:5254)\n    at U2.updateEnvironmentWith (c:\\Users\\agust\\.vscode\\extensions\\uqbar.wollok-lsp-ide-0.5.3\\out\\server\\src\\server.js:2393:4989)\n    at JF (c:\\Users\\agust\\.vscode\\extensions\\uqbar.wollok-lsp-ide-0.5.3\\out\\server\\src\\server.js:2393:7383)\n    at F3.invoke (c:\\Users\\agust\\.vscode\\extensions\\uqbar.wollok-lsp-ide-0.5.3\\out\\server\\src\\server.js:3:157334)\n    at o.fire (c:\\Users\\agust\\.vscode\\extensions\\uqbar.wollok-lsp-ide-0.5.3\\out\\server\\src\\server.js:3:158104)\n    at c:\\Users\\agust\\.vscode\\extensions\\uqbar.wollok-lsp-ide-0.5.3\\out\\server\\src\\server.js:37:57871\n    at Zr (c:\\Users\\agust\\.vscode\\extensions\\uqbar.wollok-lsp-ide-0.5.3\\out\\server\\src\\server.js:8:1561)","timestamp":"2025-09-13T14:40:44.402Z"}
{"level":"error","message":"✘ Failed to rebuild document Failed to parse pgmProgram.wpgm: \n-- PARSING FAILED --------------------------------------------------\n\n  45 |     game.say(personaje, \"Me quedan vidas :\" + personaje.vidas())\n  46 |     if (p)\n> 47 |   })\n     |   ^\n  48 | \n  49 | \t\n\nExpected one of the following: \n\nexpression, sentence\n","stack":"Error: Failed to parse pgmProgram.wpgm: \n-- PARSING FAILED --------------------------------------------------\n\n  45 |     game.say(personaje, \"Me quedan vidas :\" + personaje.vidas())\n  46 |     if (p)\n> 47 |   })\n     |   ^\n  48 | \n  49 | \t\n\nExpected one of the following: \n\nexpression, sentence\n\n    at c:\\Users\\agust\\.vscode\\extensions\\uqbar.wollok-lsp-ide-0.5.3\\out\\server\\src\\server.js:2348:13026\n    at Array.map (<anonymous>)\n    at W1n (c:\\Users\\agust\\.vscode\\extensions\\uqbar.wollok-lsp-ide-0.5.3\\out\\server\\src\\server.js:2348:12950)\n    at U2.buildEnvironmentFrom (c:\\Users\\agust\\.vscode\\extensions\\uqbar.wollok-lsp-ide-0.5.3\\out\\server\\src\\server.js:2393:5254)\n    at U2.updateEnvironmentWith (c:\\Users\\agust\\.vscode\\extensions\\uqbar.wollok-lsp-ide-0.5.3\\out\\server\\src\\server.js:2393:4989)\n    at JF (c:\\Users\\agust\\.vscode\\extensions\\uqbar.wollok-lsp-ide-0.5.3\\out\\server\\src\\server.js:2393:7383)\n    at F3.invoke (c:\\Users\\agust\\.vscode\\extensions\\uqbar.wollok-lsp-ide-0.5.3\\out\\server\\src\\server.js:3:157334)\n    at o.fire (c:\\Users\\agust\\.vscode\\extensions\\uqbar.wollok-lsp-ide-0.5.3\\out\\server\\src\\server.js:3:158104)\n    at c:\\Users\\agust\\.vscode\\extensions\\uqbar.wollok-lsp-ide-0.5.3\\out\\server\\src\\server.js:37:57871\n    at Zr (c:\\Users\\agust\\.vscode\\extensions\\uqbar.wollok-lsp-ide-0.5.3\\out\\server\\src\\server.js:8:1561)","timestamp":"2025-09-13T14:40:51.205Z"}
{"level":"error","message":"✘ Failed to rebuild document Failed to parse pgmProgram.wpgm: \n-- PARSING FAILED --------------------------------------------------\n\n  45 |     game.say(personaje, \"Me quedan vidas :\" + personaje.vidas())\n  46 |     if (pa)\n> 47 |   })\n     |   ^\n  48 | \n  49 | \t\n\nExpected one of the following: \n\nexpression, sentence\n","stack":"Error: Failed to parse pgmProgram.wpgm: \n-- PARSING FAILED --------------------------------------------------\n\n  45 |     game.say(personaje, \"Me quedan vidas :\" + personaje.vidas())\n  46 |     if (pa)\n> 47 |   })\n     |   ^\n  48 | \n  49 | \t\n\nExpected one of the following: \n\nexpression, sentence\n\n    at c:\\Users\\agust\\.vscode\\extensions\\uqbar.wollok-lsp-ide-0.5.3\\out\\server\\src\\server.js:2348:13026\n    at Array.map (<anonymous>)\n    at W1n (c:\\Users\\agust\\.vscode\\extensions\\uqbar.wollok-lsp-ide-0.5.3\\out\\server\\src\\server.js:2348:12950)\n    at U2.buildEnvironmentFrom (c:\\Users\\agust\\.vscode\\extensions\\uqbar.wollok-lsp-ide-0.5.3\\out\\server\\src\\server.js:2393:5254)\n    at U2.updateEnvironmentWith (c:\\Users\\agust\\.vscode\\extensions\\uqbar.wollok-lsp-ide-0.5.3\\out\\server\\src\\server.js:2393:4989)\n    at JF (c:\\Users\\agust\\.vscode\\extensions\\uqbar.wollok-lsp-ide-0.5.3\\out\\server\\src\\server.js:2393:7383)\n    at F3.invoke (c:\\Users\\agust\\.vscode\\extensions\\uqbar.wollok-lsp-ide-0.5.3\\out\\server\\src\\server.js:3:157334)\n    at o.fire (c:\\Users\\agust\\.vscode\\extensions\\uqbar.wollok-lsp-ide-0.5.3\\out\\server\\src\\server.js:3:158104)\n    at c:\\Users\\agust\\.vscode\\extensions\\uqbar.wollok-lsp-ide-0.5.3\\out\\server\\src\\server.js:37:57871\n    at Zr (c:\\Users\\agust\\.vscode\\extensions\\uqbar.wollok-lsp-ide-0.5.3\\out\\server\\src\\server.js:8:1561)","timestamp":"2025-09-13T14:40:51.333Z"}
{"level":"error","message":"✘ Failed to rebuild document Failed to parse pgmProgram.wpgm: \n-- PARSING FAILED --------------------------------------------------\n\n  45 |     game.say(personaje, \"Me quedan vidas :\" + personaje.vidas())\n  46 |     if (pac)\n> 47 |   })\n     |   ^\n  48 | \n  49 | \t\n\nExpected one of the following: \n\nexpression, sentence\n","stack":"Error: Failed to parse pgmProgram.wpgm: \n-- PARSING FAILED --------------------------------------------------\n\n  45 |     game.say(personaje, \"Me quedan vidas :\" + personaje.vidas())\n  46 |     if (pac)\n> 47 |   })\n     |   ^\n  48 | \n  49 | \t\n\nExpected one of the following: \n\nexpression, sentence\n\n    at c:\\Users\\agust\\.vscode\\extensions\\uqbar.wollok-lsp-ide-0.5.3\\out\\server\\src\\server.js:2348:13026\n    at Array.map (<anonymous>)\n    at W1n (c:\\Users\\agust\\.vscode\\extensions\\uqbar.wollok-lsp-ide-0.5.3\\out\\server\\src\\server.js:2348:12950)\n    at U2.buildEnvironmentFrom (c:\\Users\\agust\\.vscode\\extensions\\uqbar.wollok-lsp-ide-0.5.3\\out\\server\\src\\server.js:2393:5254)\n    at U2.updateEnvironmentWith (c:\\Users\\agust\\.vscode\\extensions\\uqbar.wollok-lsp-ide-0.5.3\\out\\server\\src\\server.js:2393:4989)\n    at JF (c:\\Users\\agust\\.vscode\\extensions\\uqbar.wollok-lsp-ide-0.5.3\\out\\server\\src\\server.js:2393:7383)\n    at F3.invoke (c:\\Users\\agust\\.vscode\\extensions\\uqbar.wollok-lsp-ide-0.5.3\\out\\server\\src\\server.js:3:157334)\n    at o.fire (c:\\Users\\agust\\.vscode\\extensions\\uqbar.wollok-lsp-ide-0.5.3\\out\\server\\src\\server.js:3:158104)\n    at c:\\Users\\agust\\.vscode\\extensions\\uqbar.wollok-lsp-ide-0.5.3\\out\\server\\src\\server.js:37:57871\n    at Zr (c:\\Users\\agust\\.vscode\\extensions\\uqbar.wollok-lsp-ide-0.5.3\\out\\server\\src\\server.js:8:1561)","timestamp":"2025-09-13T14:40:51.422Z"}
{"level":"error","message":"✘ Failed to rebuild document Failed to parse pgmProgram.wpgm: \n-- PARSING FAILED --------------------------------------------------\n\n  44 |     personaje.perderVida()\n  45 |     game.say(personaje, \"Me quedan vidas :\" + personaje.vidas())\n> 46 |     if (pac.)\n     |             ^\n  47 |   })\n  48 | \n\nExpected one of the following: \n\nexpression, sentence\n","stack":"Error: Failed to parse pgmProgram.wpgm: \n-- PARSING FAILED --------------------------------------------------\n\n  44 |     personaje.perderVida()\n  45 |     game.say(personaje, \"Me quedan vidas :\" + personaje.vidas())\n> 46 |     if (pac.)\n     |             ^\n  47 |   })\n  48 | \n\nExpected one of the following: \n\nexpression, sentence\n\n    at c:\\Users\\agust\\.vscode\\extensions\\uqbar.wollok-lsp-ide-0.5.3\\out\\server\\src\\server.js:2348:13026\n    at Array.map (<anonymous>)\n    at W1n (c:\\Users\\agust\\.vscode\\extensions\\uqbar.wollok-lsp-ide-0.5.3\\out\\server\\src\\server.js:2348:12950)\n    at U2.buildEnvironmentFrom (c:\\Users\\agust\\.vscode\\extensions\\uqbar.wollok-lsp-ide-0.5.3\\out\\server\\src\\server.js:2393:5254)\n    at U2.updateEnvironmentWith (c:\\Users\\agust\\.vscode\\extensions\\uqbar.wollok-lsp-ide-0.5.3\\out\\server\\src\\server.js:2393:4989)\n    at JF (c:\\Users\\agust\\.vscode\\extensions\\uqbar.wollok-lsp-ide-0.5.3\\out\\server\\src\\server.js:2393:7383)\n    at F3.invoke (c:\\Users\\agust\\.vscode\\extensions\\uqbar.wollok-lsp-ide-0.5.3\\out\\server\\src\\server.js:3:157334)\n    at o.fire (c:\\Users\\agust\\.vscode\\extensions\\uqbar.wollok-lsp-ide-0.5.3\\out\\server\\src\\server.js:3:158104)\n    at c:\\Users\\agust\\.vscode\\extensions\\uqbar.wollok-lsp-ide-0.5.3\\out\\server\\src\\server.js:37:57871\n    at Zr (c:\\Users\\agust\\.vscode\\extensions\\uqbar.wollok-lsp-ide-0.5.3\\out\\server\\src\\server.js:8:1561)","timestamp":"2025-09-13T14:40:52.094Z"}
{"level":"error","message":"✘ Failed to rebuild document Failed to parse pgmProgram.wpgm: \n-- PARSING FAILED --------------------------------------------------\n\n  45 |     game.say(personaje, \"Me quedan vidas :\" + personaje.vidas())\n  46 |     if (pac)\n> 47 |   })\n     |   ^\n  48 | \n  49 | \t\n\nExpected one of the following: \n\nexpression, sentence\n","stack":"Error: Failed to parse pgmProgram.wpgm: \n-- PARSING FAILED --------------------------------------------------\n\n  45 |     game.say(personaje, \"Me quedan vidas :\" + personaje.vidas())\n  46 |     if (pac)\n> 47 |   })\n     |   ^\n  48 | \n  49 | \t\n\nExpected one of the following: \n\nexpression, sentence\n\n    at c:\\Users\\agust\\.vscode\\extensions\\uqbar.wollok-lsp-ide-0.5.3\\out\\server\\src\\server.js:2348:13026\n    at Array.map (<anonymous>)\n    at W1n (c:\\Users\\agust\\.vscode\\extensions\\uqbar.wollok-lsp-ide-0.5.3\\out\\server\\src\\server.js:2348:12950)\n    at U2.buildEnvironmentFrom (c:\\Users\\agust\\.vscode\\extensions\\uqbar.wollok-lsp-ide-0.5.3\\out\\server\\src\\server.js:2393:5254)\n    at U2.updateEnvironmentWith (c:\\Users\\agust\\.vscode\\extensions\\uqbar.wollok-lsp-ide-0.5.3\\out\\server\\src\\server.js:2393:4989)\n    at JF (c:\\Users\\agust\\.vscode\\extensions\\uqbar.wollok-lsp-ide-0.5.3\\out\\server\\src\\server.js:2393:7383)\n    at F3.invoke (c:\\Users\\agust\\.vscode\\extensions\\uqbar.wollok-lsp-ide-0.5.3\\out\\server\\src\\server.js:3:157334)\n    at o.fire (c:\\Users\\agust\\.vscode\\extensions\\uqbar.wollok-lsp-ide-0.5.3\\out\\server\\src\\server.js:3:158104)\n    at c:\\Users\\agust\\.vscode\\extensions\\uqbar.wollok-lsp-ide-0.5.3\\out\\server\\src\\server.js:37:57871\n    at Zr (c:\\Users\\agust\\.vscode\\extensions\\uqbar.wollok-lsp-ide-0.5.3\\out\\server\\src\\server.js:8:1561)","timestamp":"2025-09-13T14:40:52.344Z"}
{"level":"error","message":"✘ Failed to rebuild document Failed to parse pgmProgram.wpgm: \n-- PARSING FAILED --------------------------------------------------\n\n  45 |     game.say(personaje, \"Me quedan vidas :\" + personaje.vidas())\n  46 |     if (pacm)\n> 47 |   })\n     |   ^\n  48 | \n  49 | \t\n\nExpected one of the following: \n\nexpression, sentence\n","stack":"Error: Failed to parse pgmProgram.wpgm: \n-- PARSING FAILED --------------------------------------------------\n\n  45 |     game.say(personaje, \"Me quedan vidas :\" + personaje.vidas())\n  46 |     if (pacm)\n> 47 |   })\n     |   ^\n  48 | \n  49 | \t\n\nExpected one of the following: \n\nexpression, sentence\n\n    at c:\\Users\\agust\\.vscode\\extensions\\uqbar.wollok-lsp-ide-0.5.3\\out\\server\\src\\server.js:2348:13026\n    at Array.map (<anonymous>)\n    at W1n (c:\\Users\\agust\\.vscode\\extensions\\uqbar.wollok-lsp-ide-0.5.3\\out\\server\\src\\server.js:2348:12950)\n    at U2.buildEnvironmentFrom (c:\\Users\\agust\\.vscode\\extensions\\uqbar.wollok-lsp-ide-0.5.3\\out\\server\\src\\server.js:2393:5254)\n    at U2.updateEnvironmentWith (c:\\Users\\agust\\.vscode\\extensions\\uqbar.wollok-lsp-ide-0.5.3\\out\\server\\src\\server.js:2393:4989)\n    at JF (c:\\Users\\agust\\.vscode\\extensions\\uqbar.wollok-lsp-ide-0.5.3\\out\\server\\src\\server.js:2393:7383)\n    at F3.invoke (c:\\Users\\agust\\.vscode\\extensions\\uqbar.wollok-lsp-ide-0.5.3\\out\\server\\src\\server.js:3:157334)\n    at o.fire (c:\\Users\\agust\\.vscode\\extensions\\uqbar.wollok-lsp-ide-0.5.3\\out\\server\\src\\server.js:3:158104)\n    at c:\\Users\\agust\\.vscode\\extensions\\uqbar.wollok-lsp-ide-0.5.3\\out\\server\\src\\server.js:37:57871\n    at Zr (c:\\Users\\agust\\.vscode\\extensions\\uqbar.wollok-lsp-ide-0.5.3\\out\\server\\src\\server.js:8:1561)","timestamp":"2025-09-13T14:40:52.527Z"}
{"level":"error","message":"✘ Failed to rebuild document Failed to parse pgmProgram.wpgm: \n-- PARSING FAILED --------------------------------------------------\n\n  45 |     game.say(personaje, \"Me quedan vidas :\" + personaje.vidas())\n  46 |     if (pacma)\n> 47 |   })\n     |   ^\n  48 | \n  49 | \t\n\nExpected one of the following: \n\nexpression, sentence\n","stack":"Error: Failed to parse pgmProgram.wpgm: \n-- PARSING FAILED --------------------------------------------------\n\n  45 |     game.say(personaje, \"Me quedan vidas :\" + personaje.vidas())\n  46 |     if (pacma)\n> 47 |   })\n     |   ^\n  48 | \n  49 | \t\n\nExpected one of the following: \n\nexpression, sentence\n\n    at c:\\Users\\agust\\.vscode\\extensions\\uqbar.wollok-lsp-ide-0.5.3\\out\\server\\src\\server.js:2348:13026\n    at Array.map (<anonymous>)\n    at W1n (c:\\Users\\agust\\.vscode\\extensions\\uqbar.wollok-lsp-ide-0.5.3\\out\\server\\src\\server.js:2348:12950)\n    at U2.buildEnvironmentFrom (c:\\Users\\agust\\.vscode\\extensions\\uqbar.wollok-lsp-ide-0.5.3\\out\\server\\src\\server.js:2393:5254)\n    at U2.updateEnvironmentWith (c:\\Users\\agust\\.vscode\\extensions\\uqbar.wollok-lsp-ide-0.5.3\\out\\server\\src\\server.js:2393:4989)\n    at JF (c:\\Users\\agust\\.vscode\\extensions\\uqbar.wollok-lsp-ide-0.5.3\\out\\server\\src\\server.js:2393:7383)\n    at F3.invoke (c:\\Users\\agust\\.vscode\\extensions\\uqbar.wollok-lsp-ide-0.5.3\\out\\server\\src\\server.js:3:157334)\n    at o.fire (c:\\Users\\agust\\.vscode\\extensions\\uqbar.wollok-lsp-ide-0.5.3\\out\\server\\src\\server.js:3:158104)\n    at c:\\Users\\agust\\.vscode\\extensions\\uqbar.wollok-lsp-ide-0.5.3\\out\\server\\src\\server.js:37:57871\n    at Zr (c:\\Users\\agust\\.vscode\\extensions\\uqbar.wollok-lsp-ide-0.5.3\\out\\server\\src\\server.js:8:1561)","timestamp":"2025-09-13T14:40:52.638Z"}
{"level":"error","message":"✘ Failed to rebuild document Failed to parse pgmProgram.wpgm: \n-- PARSING FAILED --------------------------------------------------\n\n  44 |     personaje.perderVida()\n  45 |     game.say(personaje, \"Me quedan vidas :\" + personaje.vidas())\n> 46 |     if (pacma,)\n     |              ^\n  47 |   })\n  48 | \n\nExpected one of the following: \n\nexpression, sentence\n","stack":"Error: Failed to parse pgmProgram.wpgm: \n-- PARSING FAILED --------------------------------------------------\n\n  44 |     personaje.perderVida()\n  45 |     game.say(personaje, \"Me quedan vidas :\" + personaje.vidas())\n> 46 |     if (pacma,)\n     |              ^\n  47 |   })\n  48 | \n\nExpected one of the following: \n\nexpression, sentence\n\n    at c:\\Users\\agust\\.vscode\\extensions\\uqbar.wollok-lsp-ide-0.5.3\\out\\server\\src\\server.js:2348:13026\n    at Array.map (<anonymous>)\n    at W1n (c:\\Users\\agust\\.vscode\\extensions\\uqbar.wollok-lsp-ide-0.5.3\\out\\server\\src\\server.js:2348:12950)\n    at U2.buildEnvironmentFrom (c:\\Users\\agust\\.vscode\\extensions\\uqbar.wollok-lsp-ide-0.5.3\\out\\server\\src\\server.js:2393:5254)\n    at U2.updateEnvironmentWith (c:\\Users\\agust\\.vscode\\extensions\\uqbar.wollok-lsp-ide-0.5.3\\out\\server\\src\\server.js:2393:4989)\n    at JF (c:\\Users\\agust\\.vscode\\extensions\\uqbar.wollok-lsp-ide-0.5.3\\out\\server\\src\\server.js:2393:7383)\n    at F3.invoke (c:\\Users\\agust\\.vscode\\extensions\\uqbar.wollok-lsp-ide-0.5.3\\out\\server\\src\\server.js:3:157334)\n    at o.fire (c:\\Users\\agust\\.vscode\\extensions\\uqbar.wollok-lsp-ide-0.5.3\\out\\server\\src\\server.js:3:158104)\n    at c:\\Users\\agust\\.vscode\\extensions\\uqbar.wollok-lsp-ide-0.5.3\\out\\server\\src\\server.js:37:57871\n    at Zr (c:\\Users\\agust\\.vscode\\extensions\\uqbar.wollok-lsp-ide-0.5.3\\out\\server\\src\\server.js:8:1561)","timestamp":"2025-09-13T14:40:52.758Z"}
{"level":"error","message":"✘ Failed to rebuild document Failed to parse pgmProgram.wpgm: \n-- PARSING FAILED --------------------------------------------------\n\n  45 |     game.say(personaje, \"Me quedan vidas :\" + personaje.vidas())\n  46 |     if (pacma)\n> 47 |   })\n     |   ^\n  48 | \n  49 | \t\n\nExpected one of the following: \n\nexpression, sentence\n","stack":"Error: Failed to parse pgmProgram.wpgm: \n-- PARSING FAILED --------------------------------------------------\n\n  45 |     game.say(personaje, \"Me quedan vidas :\" + personaje.vidas())\n  46 |     if (pacma)\n> 47 |   })\n     |   ^\n  48 | \n  49 | \t\n\nExpected one of the following: \n\nexpression, sentence\n\n    at c:\\Users\\agust\\.vscode\\extensions\\uqbar.wollok-lsp-ide-0.5.3\\out\\server\\src\\server.js:2348:13026\n    at Array.map (<anonymous>)\n    at W1n (c:\\Users\\agust\\.vscode\\extensions\\uqbar.wollok-lsp-ide-0.5.3\\out\\server\\src\\server.js:2348:12950)\n    at U2.buildEnvironmentFrom (c:\\Users\\agust\\.vscode\\extensions\\uqbar.wollok-lsp-ide-0.5.3\\out\\server\\src\\server.js:2393:5254)\n    at U2.updateEnvironmentWith (c:\\Users\\agust\\.vscode\\extensions\\uqbar.wollok-lsp-ide-0.5.3\\out\\server\\src\\server.js:2393:4989)\n    at JF (c:\\Users\\agust\\.vscode\\extensions\\uqbar.wollok-lsp-ide-0.5.3\\out\\server\\src\\server.js:2393:7383)\n    at F3.invoke (c:\\Users\\agust\\.vscode\\extensions\\uqbar.wollok-lsp-ide-0.5.3\\out\\server\\src\\server.js:3:157334)\n    at o.fire (c:\\Users\\agust\\.vscode\\extensions\\uqbar.wollok-lsp-ide-0.5.3\\out\\server\\src\\server.js:3:158104)\n    at c:\\Users\\agust\\.vscode\\extensions\\uqbar.wollok-lsp-ide-0.5.3\\out\\server\\src\\server.js:37:57871\n    at Zr (c:\\Users\\agust\\.vscode\\extensions\\uqbar.wollok-lsp-ide-0.5.3\\out\\server\\src\\server.js:8:1561)","timestamp":"2025-09-13T14:40:53.358Z"}
{"level":"error","message":"✘ Failed to rebuild document Failed to parse pgmProgram.wpgm: \n-- PARSING FAILED --------------------------------------------------\n\n  45 |     game.say(personaje, \"Me quedan vidas :\" + personaje.vidas())\n  46 |     if (pacm)\n> 47 |   })\n     |   ^\n  48 | \n  49 | \t\n\nExpected one of the following: \n\nexpression, sentence\n","stack":"Error: Failed to parse pgmProgram.wpgm: \n-- PARSING FAILED --------------------------------------------------\n\n  45 |     game.say(personaje, \"Me quedan vidas :\" + personaje.vidas())\n  46 |     if (pacm)\n> 47 |   })\n     |   ^\n  48 | \n  49 | \t\n\nExpected one of the following: \n\nexpression, sentence\n\n    at c:\\Users\\agust\\.vscode\\extensions\\uqbar.wollok-lsp-ide-0.5.3\\out\\server\\src\\server.js:2348:13026\n    at Array.map (<anonymous>)\n    at W1n (c:\\Users\\agust\\.vscode\\extensions\\uqbar.wollok-lsp-ide-0.5.3\\out\\server\\src\\server.js:2348:12950)\n    at U2.buildEnvironmentFrom (c:\\Users\\agust\\.vscode\\extensions\\uqbar.wollok-lsp-ide-0.5.3\\out\\server\\src\\server.js:2393:5254)\n    at U2.updateEnvironmentWith (c:\\Users\\agust\\.vscode\\extensions\\uqbar.wollok-lsp-ide-0.5.3\\out\\server\\src\\server.js:2393:4989)\n    at JF (c:\\Users\\agust\\.vscode\\extensions\\uqbar.wollok-lsp-ide-0.5.3\\out\\server\\src\\server.js:2393:7383)\n    at F3.invoke (c:\\Users\\agust\\.vscode\\extensions\\uqbar.wollok-lsp-ide-0.5.3\\out\\server\\src\\server.js:3:157334)\n    at o.fire (c:\\Users\\agust\\.vscode\\extensions\\uqbar.wollok-lsp-ide-0.5.3\\out\\server\\src\\server.js:3:158104)\n    at c:\\Users\\agust\\.vscode\\extensions\\uqbar.wollok-lsp-ide-0.5.3\\out\\server\\src\\server.js:37:57871\n    at Zr (c:\\Users\\agust\\.vscode\\extensions\\uqbar.wollok-lsp-ide-0.5.3\\out\\server\\src\\server.js:8:1561)","timestamp":"2025-09-13T14:40:53.548Z"}
{"level":"error","message":"✘ Failed to rebuild document Failed to parse pgmProgram.wpgm: \n-- PARSING FAILED --------------------------------------------------\n\n  45 |     game.say(personaje, \"Me quedan vidas :\" + personaje.vidas())\n  46 |     if (pac)\n> 47 |   })\n     |   ^\n  48 | \n  49 | \t\n\nExpected one of the following: \n\nexpression, sentence\n","stack":"Error: Failed to parse pgmProgram.wpgm: \n-- PARSING FAILED --------------------------------------------------\n\n  45 |     game.say(personaje, \"Me quedan vidas :\" + personaje.vidas())\n  46 |     if (pac)\n> 47 |   })\n     |   ^\n  48 | \n  49 | \t\n\nExpected one of the following: \n\nexpression, sentence\n\n    at c:\\Users\\agust\\.vscode\\extensions\\uqbar.wollok-lsp-ide-0.5.3\\out\\server\\src\\server.js:2348:13026\n    at Array.map (<anonymous>)\n    at W1n (c:\\Users\\agust\\.vscode\\extensions\\uqbar.wollok-lsp-ide-0.5.3\\out\\server\\src\\server.js:2348:12950)\n    at U2.buildEnvironmentFrom (c:\\Users\\agust\\.vscode\\extensions\\uqbar.wollok-lsp-ide-0.5.3\\out\\server\\src\\server.js:2393:5254)\n    at U2.updateEnvironmentWith (c:\\Users\\agust\\.vscode\\extensions\\uqbar.wollok-lsp-ide-0.5.3\\out\\server\\src\\server.js:2393:4989)\n    at JF (c:\\Users\\agust\\.vscode\\extensions\\uqbar.wollok-lsp-ide-0.5.3\\out\\server\\src\\server.js:2393:7383)\n    at F3.invoke (c:\\Users\\agust\\.vscode\\extensions\\uqbar.wollok-lsp-ide-0.5.3\\out\\server\\src\\server.js:3:157334)\n    at o.fire (c:\\Users\\agust\\.vscode\\extensions\\uqbar.wollok-lsp-ide-0.5.3\\out\\server\\src\\server.js:3:158104)\n    at c:\\Users\\agust\\.vscode\\extensions\\uqbar.wollok-lsp-ide-0.5.3\\out\\server\\src\\server.js:37:57871\n    at Zr (c:\\Users\\agust\\.vscode\\extensions\\uqbar.wollok-lsp-ide-0.5.3\\out\\server\\src\\server.js:8:1561)","timestamp":"2025-09-13T14:40:53.720Z"}
{"level":"error","message":"✘ Failed to rebuild document Failed to parse pgmProgram.wpgm: \n-- PARSING FAILED --------------------------------------------------\n\n  45 |     game.say(personaje, \"Me quedan vidas :\" + personaje.vidas())\n  46 |     if (pa)\n> 47 |   })\n     |   ^\n  48 | \n  49 | \t\n\nExpected one of the following: \n\nexpression, sentence\n","stack":"Error: Failed to parse pgmProgram.wpgm: \n-- PARSING FAILED --------------------------------------------------\n\n  45 |     game.say(personaje, \"Me quedan vidas :\" + personaje.vidas())\n  46 |     if (pa)\n> 47 |   })\n     |   ^\n  48 | \n  49 | \t\n\nExpected one of the following: \n\nexpression, sentence\n\n    at c:\\Users\\agust\\.vscode\\extensions\\uqbar.wollok-lsp-ide-0.5.3\\out\\server\\src\\server.js:2348:13026\n    at Array.map (<anonymous>)\n    at W1n (c:\\Users\\agust\\.vscode\\extensions\\uqbar.wollok-lsp-ide-0.5.3\\out\\server\\src\\server.js:2348:12950)\n    at U2.buildEnvironmentFrom (c:\\Users\\agust\\.vscode\\extensions\\uqbar.wollok-lsp-ide-0.5.3\\out\\server\\src\\server.js:2393:5254)\n    at U2.updateEnvironmentWith (c:\\Users\\agust\\.vscode\\extensions\\uqbar.wollok-lsp-ide-0.5.3\\out\\server\\src\\server.js:2393:4989)\n    at JF (c:\\Users\\agust\\.vscode\\extensions\\uqbar.wollok-lsp-ide-0.5.3\\out\\server\\src\\server.js:2393:7383)\n    at F3.invoke (c:\\Users\\agust\\.vscode\\extensions\\uqbar.wollok-lsp-ide-0.5.3\\out\\server\\src\\server.js:3:157334)\n    at o.fire (c:\\Users\\agust\\.vscode\\extensions\\uqbar.wollok-lsp-ide-0.5.3\\out\\server\\src\\server.js:3:158104)\n    at c:\\Users\\agust\\.vscode\\extensions\\uqbar.wollok-lsp-ide-0.5.3\\out\\server\\src\\server.js:37:57871\n    at Zr (c:\\Users\\agust\\.vscode\\extensions\\uqbar.wollok-lsp-ide-0.5.3\\out\\server\\src\\server.js:8:1561)","timestamp":"2025-09-13T14:40:53.900Z"}
{"level":"error","message":"✘ Failed to rebuild document Failed to parse pgmProgram.wpgm: \n-- PARSING FAILED --------------------------------------------------\n\n  45 |     game.say(personaje, \"Me quedan vidas :\" + personaje.vidas())\n  46 |     if (p)\n> 47 |   })\n     |   ^\n  48 | \n  49 | \t\n\nExpected one of the following: \n\nexpression, sentence\n","stack":"Error: Failed to parse pgmProgram.wpgm: \n-- PARSING FAILED --------------------------------------------------\n\n  45 |     game.say(personaje, \"Me quedan vidas :\" + personaje.vidas())\n  46 |     if (p)\n> 47 |   })\n     |   ^\n  48 | \n  49 | \t\n\nExpected one of the following: \n\nexpression, sentence\n\n    at c:\\Users\\agust\\.vscode\\extensions\\uqbar.wollok-lsp-ide-0.5.3\\out\\server\\src\\server.js:2348:13026\n    at Array.map (<anonymous>)\n    at W1n (c:\\Users\\agust\\.vscode\\extensions\\uqbar.wollok-lsp-ide-0.5.3\\out\\server\\src\\server.js:2348:12950)\n    at U2.buildEnvironmentFrom (c:\\Users\\agust\\.vscode\\extensions\\uqbar.wollok-lsp-ide-0.5.3\\out\\server\\src\\server.js:2393:5254)\n    at U2.updateEnvironmentWith (c:\\Users\\agust\\.vscode\\extensions\\uqbar.wollok-lsp-ide-0.5.3\\out\\server\\src\\server.js:2393:4989)\n    at JF (c:\\Users\\agust\\.vscode\\extensions\\uqbar.wollok-lsp-ide-0.5.3\\out\\server\\src\\server.js:2393:7383)\n    at F3.invoke (c:\\Users\\agust\\.vscode\\extensions\\uqbar.wollok-lsp-ide-0.5.3\\out\\server\\src\\server.js:3:157334)\n    at o.fire (c:\\Users\\agust\\.vscode\\extensions\\uqbar.wollok-lsp-ide-0.5.3\\out\\server\\src\\server.js:3:158104)\n    at c:\\Users\\agust\\.vscode\\extensions\\uqbar.wollok-lsp-ide-0.5.3\\out\\server\\src\\server.js:37:57871\n    at Zr (c:\\Users\\agust\\.vscode\\extensions\\uqbar.wollok-lsp-ide-0.5.3\\out\\server\\src\\server.js:8:1561)","timestamp":"2025-09-13T14:40:54.071Z"}
{"level":"error","message":"✘ Failed to rebuild document Failed to parse pgmProgram.wpgm: \n-- PARSING FAILED --------------------------------------------------\n\n  44 |     personaje.perderVida()\n  45 |     game.say(personaje, \"Me quedan vidas :\" + personaje.vidas())\n> 46 |     if ()\n     |         ^\n  47 |   })\n  48 | \n\nExpected one of the following: \n\nexpression, sentence\n","stack":"Error: Failed to parse pgmProgram.wpgm: \n-- PARSING FAILED --------------------------------------------------\n\n  44 |     personaje.perderVida()\n  45 |     game.say(personaje, \"Me quedan vidas :\" + personaje.vidas())\n> 46 |     if ()\n     |         ^\n  47 |   })\n  48 | \n\nExpected one of the following: \n\nexpression, sentence\n\n    at c:\\Users\\agust\\.vscode\\extensions\\uqbar.wollok-lsp-ide-0.5.3\\out\\server\\src\\server.js:2348:13026\n    at Array.map (<anonymous>)\n    at W1n (c:\\Users\\agust\\.vscode\\extensions\\uqbar.wollok-lsp-ide-0.5.3\\out\\server\\src\\server.js:2348:12950)\n    at U2.buildEnvironmentFrom (c:\\Users\\agust\\.vscode\\extensions\\uqbar.wollok-lsp-ide-0.5.3\\out\\server\\src\\server.js:2393:5254)\n    at U2.updateEnvironmentWith (c:\\Users\\agust\\.vscode\\extensions\\uqbar.wollok-lsp-ide-0.5.3\\out\\server\\src\\server.js:2393:4989)\n    at JF (c:\\Users\\agust\\.vscode\\extensions\\uqbar.wollok-lsp-ide-0.5.3\\out\\server\\src\\server.js:2393:7383)\n    at F3.invoke (c:\\Users\\agust\\.vscode\\extensions\\uqbar.wollok-lsp-ide-0.5.3\\out\\server\\src\\server.js:3:157334)\n    at o.fire (c:\\Users\\agust\\.vscode\\extensions\\uqbar.wollok-lsp-ide-0.5.3\\out\\server\\src\\server.js:3:158104)\n    at c:\\Users\\agust\\.vscode\\extensions\\uqbar.wollok-lsp-ide-0.5.3\\out\\server\\src\\server.js:37:57871\n    at Zr (c:\\Users\\agust\\.vscode\\extensions\\uqbar.wollok-lsp-ide-0.5.3\\out\\server\\src\\server.js:8:1561)","timestamp":"2025-09-13T14:40:54.254Z"}
{"level":"error","message":"✘ Failed to rebuild document Failed to parse pgmProgram.wpgm: \n-- PARSING FAILED --------------------------------------------------\n\n  45 |     game.say(personaje, \"Me quedan vidas :\" + personaje.vidas())\n  46 |     if (p)\n> 47 |   })\n     |   ^\n  48 | \n  49 | \t\n\nExpected one of the following: \n\nexpression, sentence\n","stack":"Error: Failed to parse pgmProgram.wpgm: \n-- PARSING FAILED --------------------------------------------------\n\n  45 |     game.say(personaje, \"Me quedan vidas :\" + personaje.vidas())\n  46 |     if (p)\n> 47 |   })\n     |   ^\n  48 | \n  49 | \t\n\nExpected one of the following: \n\nexpression, sentence\n\n    at c:\\Users\\agust\\.vscode\\extensions\\uqbar.wollok-lsp-ide-0.5.3\\out\\server\\src\\server.js:2348:13026\n    at Array.map (<anonymous>)\n    at W1n (c:\\Users\\agust\\.vscode\\extensions\\uqbar.wollok-lsp-ide-0.5.3\\out\\server\\src\\server.js:2348:12950)\n    at U2.buildEnvironmentFrom (c:\\Users\\agust\\.vscode\\extensions\\uqbar.wollok-lsp-ide-0.5.3\\out\\server\\src\\server.js:2393:5254)\n    at U2.updateEnvironmentWith (c:\\Users\\agust\\.vscode\\extensions\\uqbar.wollok-lsp-ide-0.5.3\\out\\server\\src\\server.js:2393:4989)\n    at JF (c:\\Users\\agust\\.vscode\\extensions\\uqbar.wollok-lsp-ide-0.5.3\\out\\server\\src\\server.js:2393:7383)\n    at F3.invoke (c:\\Users\\agust\\.vscode\\extensions\\uqbar.wollok-lsp-ide-0.5.3\\out\\server\\src\\server.js:3:157334)\n    at o.fire (c:\\Users\\agust\\.vscode\\extensions\\uqbar.wollok-lsp-ide-0.5.3\\out\\server\\src\\server.js:3:158104)\n    at c:\\Users\\agust\\.vscode\\extensions\\uqbar.wollok-lsp-ide-0.5.3\\out\\server\\src\\server.js:37:57871\n    at Zr (c:\\Users\\agust\\.vscode\\extensions\\uqbar.wollok-lsp-ide-0.5.3\\out\\server\\src\\server.js:8:1561)","timestamp":"2025-09-13T14:40:54.272Z"}
{"level":"error","message":"✘ Failed to rebuild document Failed to parse pgmProgram.wpgm: \n-- PARSING FAILED --------------------------------------------------\n\n  45 |     game.say(personaje, \"Me quedan vidas :\" + personaje.vidas())\n  46 |     if (pe)\n> 47 |   })\n     |   ^\n  48 | \n  49 | \t\n\nExpected one of the following: \n\nexpression, sentence\n","stack":"Error: Failed to parse pgmProgram.wpgm: \n-- PARSING FAILED --------------------------------------------------\n\n  45 |     game.say(personaje, \"Me quedan vidas :\" + personaje.vidas())\n  46 |     if (pe)\n> 47 |   })\n     |   ^\n  48 | \n  49 | \t\n\nExpected one of the following: \n\nexpression, sentence\n\n    at c:\\Users\\agust\\.vscode\\extensions\\uqbar.wollok-lsp-ide-0.5.3\\out\\server\\src\\server.js:2348:13026\n    at Array.map (<anonymous>)\n    at W1n (c:\\Users\\agust\\.vscode\\extensions\\uqbar.wollok-lsp-ide-0.5.3\\out\\server\\src\\server.js:2348:12950)\n    at U2.buildEnvironmentFrom (c:\\Users\\agust\\.vscode\\extensions\\uqbar.wollok-lsp-ide-0.5.3\\out\\server\\src\\server.js:2393:5254)\n    at U2.updateEnvironmentWith (c:\\Users\\agust\\.vscode\\extensions\\uqbar.wollok-lsp-ide-0.5.3\\out\\server\\src\\server.js:2393:4989)\n    at JF (c:\\Users\\agust\\.vscode\\extensions\\uqbar.wollok-lsp-ide-0.5.3\\out\\server\\src\\server.js:2393:7383)\n    at F3.invoke (c:\\Users\\agust\\.vscode\\extensions\\uqbar.wollok-lsp-ide-0.5.3\\out\\server\\src\\server.js:3:157334)\n    at o.fire (c:\\Users\\agust\\.vscode\\extensions\\uqbar.wollok-lsp-ide-0.5.3\\out\\server\\src\\server.js:3:158104)\n    at c:\\Users\\agust\\.vscode\\extensions\\uqbar.wollok-lsp-ide-0.5.3\\out\\server\\src\\server.js:37:57871\n    at Zr (c:\\Users\\agust\\.vscode\\extensions\\uqbar.wollok-lsp-ide-0.5.3\\out\\server\\src\\server.js:8:1561)","timestamp":"2025-09-13T14:40:54.362Z"}
{"level":"error","message":"✘ Failed to rebuild document Failed to parse pgmProgram.wpgm: \n-- PARSING FAILED --------------------------------------------------\n\n  45 |     game.say(personaje, \"Me quedan vidas :\" + personaje.vidas())\n  46 |     if (per)\n> 47 |   })\n     |   ^\n  48 | \n  49 | \t\n\nExpected one of the following: \n\nexpression, sentence\n","stack":"Error: Failed to parse pgmProgram.wpgm: \n-- PARSING FAILED --------------------------------------------------\n\n  45 |     game.say(personaje, \"Me quedan vidas :\" + personaje.vidas())\n  46 |     if (per)\n> 47 |   })\n     |   ^\n  48 | \n  49 | \t\n\nExpected one of the following: \n\nexpression, sentence\n\n    at c:\\Users\\agust\\.vscode\\extensions\\uqbar.wollok-lsp-ide-0.5.3\\out\\server\\src\\server.js:2348:13026\n    at Array.map (<anonymous>)\n    at W1n (c:\\Users\\agust\\.vscode\\extensions\\uqbar.wollok-lsp-ide-0.5.3\\out\\server\\src\\server.js:2348:12950)\n    at U2.buildEnvironmentFrom (c:\\Users\\agust\\.vscode\\extensions\\uqbar.wollok-lsp-ide-0.5.3\\out\\server\\src\\server.js:2393:5254)\n    at U2.updateEnvironmentWith (c:\\Users\\agust\\.vscode\\extensions\\uqbar.wollok-lsp-ide-0.5.3\\out\\server\\src\\server.js:2393:4989)\n    at JF (c:\\Users\\agust\\.vscode\\extensions\\uqbar.wollok-lsp-ide-0.5.3\\out\\server\\src\\server.js:2393:7383)\n    at F3.invoke (c:\\Users\\agust\\.vscode\\extensions\\uqbar.wollok-lsp-ide-0.5.3\\out\\server\\src\\server.js:3:157334)\n    at o.fire (c:\\Users\\agust\\.vscode\\extensions\\uqbar.wollok-lsp-ide-0.5.3\\out\\server\\src\\server.js:3:158104)\n    at c:\\Users\\agust\\.vscode\\extensions\\uqbar.wollok-lsp-ide-0.5.3\\out\\server\\src\\server.js:37:57871\n    at Zr (c:\\Users\\agust\\.vscode\\extensions\\uqbar.wollok-lsp-ide-0.5.3\\out\\server\\src\\server.js:8:1561)","timestamp":"2025-09-13T14:40:54.513Z"}
{"level":"error","message":"✘ Failed to rebuild document Failed to parse pgmProgram.wpgm: \n-- PARSING FAILED --------------------------------------------------\n\n  45 |     game.say(personaje, \"Me quedan vidas :\" + personaje.vidas())\n  46 |     if (pers)\n> 47 |   })\n     |   ^\n  48 | \n  49 | \t\n\nExpected one of the following: \n\nexpression, sentence\n","stack":"Error: Failed to parse pgmProgram.wpgm: \n-- PARSING FAILED --------------------------------------------------\n\n  45 |     game.say(personaje, \"Me quedan vidas :\" + personaje.vidas())\n  46 |     if (pers)\n> 47 |   })\n     |   ^\n  48 | \n  49 | \t\n\nExpected one of the following: \n\nexpression, sentence\n\n    at c:\\Users\\agust\\.vscode\\extensions\\uqbar.wollok-lsp-ide-0.5.3\\out\\server\\src\\server.js:2348:13026\n    at Array.map (<anonymous>)\n    at W1n (c:\\Users\\agust\\.vscode\\extensions\\uqbar.wollok-lsp-ide-0.5.3\\out\\server\\src\\server.js:2348:12950)\n    at U2.buildEnvironmentFrom (c:\\Users\\agust\\.vscode\\extensions\\uqbar.wollok-lsp-ide-0.5.3\\out\\server\\src\\server.js:2393:5254)\n    at U2.updateEnvironmentWith (c:\\Users\\agust\\.vscode\\extensions\\uqbar.wollok-lsp-ide-0.5.3\\out\\server\\src\\server.js:2393:4989)\n    at JF (c:\\Users\\agust\\.vscode\\extensions\\uqbar.wollok-lsp-ide-0.5.3\\out\\server\\src\\server.js:2393:7383)\n    at F3.invoke (c:\\Users\\agust\\.vscode\\extensions\\uqbar.wollok-lsp-ide-0.5.3\\out\\server\\src\\server.js:3:157334)\n    at o.fire (c:\\Users\\agust\\.vscode\\extensions\\uqbar.wollok-lsp-ide-0.5.3\\out\\server\\src\\server.js:3:158104)\n    at c:\\Users\\agust\\.vscode\\extensions\\uqbar.wollok-lsp-ide-0.5.3\\out\\server\\src\\server.js:37:57871\n    at Zr (c:\\Users\\agust\\.vscode\\extensions\\uqbar.wollok-lsp-ide-0.5.3\\out\\server\\src\\server.js:8:1561)","timestamp":"2025-09-13T14:40:55.376Z"}
{"level":"error","message":"✘ Failed to rebuild document Failed to parse pgmProgram.wpgm: \n-- PARSING FAILED --------------------------------------------------\n\n  45 |     game.say(personaje, \"Me quedan vidas :\" + personaje.vidas())\n  46 |     if (perso)\n> 47 |   })\n     |   ^\n  48 | \n  49 | \t\n\nExpected one of the following: \n\nexpression, sentence\n","stack":"Error: Failed to parse pgmProgram.wpgm: \n-- PARSING FAILED --------------------------------------------------\n\n  45 |     game.say(personaje, \"Me quedan vidas :\" + personaje.vidas())\n  46 |     if (perso)\n> 47 |   })\n     |   ^\n  48 | \n  49 | \t\n\nExpected one of the following: \n\nexpression, sentence\n\n    at c:\\Users\\agust\\.vscode\\extensions\\uqbar.wollok-lsp-ide-0.5.3\\out\\server\\src\\server.js:2348:13026\n    at Array.map (<anonymous>)\n    at W1n (c:\\Users\\agust\\.vscode\\extensions\\uqbar.wollok-lsp-ide-0.5.3\\out\\server\\src\\server.js:2348:12950)\n    at U2.buildEnvironmentFrom (c:\\Users\\agust\\.vscode\\extensions\\uqbar.wollok-lsp-ide-0.5.3\\out\\server\\src\\server.js:2393:5254)\n    at U2.updateEnvironmentWith (c:\\Users\\agust\\.vscode\\extensions\\uqbar.wollok-lsp-ide-0.5.3\\out\\server\\src\\server.js:2393:4989)\n    at JF (c:\\Users\\agust\\.vscode\\extensions\\uqbar.wollok-lsp-ide-0.5.3\\out\\server\\src\\server.js:2393:7383)\n    at F3.invoke (c:\\Users\\agust\\.vscode\\extensions\\uqbar.wollok-lsp-ide-0.5.3\\out\\server\\src\\server.js:3:157334)\n    at o.fire (c:\\Users\\agust\\.vscode\\extensions\\uqbar.wollok-lsp-ide-0.5.3\\out\\server\\src\\server.js:3:158104)\n    at c:\\Users\\agust\\.vscode\\extensions\\uqbar.wollok-lsp-ide-0.5.3\\out\\server\\src\\server.js:37:57871\n    at Zr (c:\\Users\\agust\\.vscode\\extensions\\uqbar.wollok-lsp-ide-0.5.3\\out\\server\\src\\server.js:8:1561)","timestamp":"2025-09-13T14:40:55.476Z"}
{"level":"error","message":"✘ Failed to rebuild document Failed to parse pgmProgram.wpgm: \n-- PARSING FAILED --------------------------------------------------\n\n  45 |     game.say(personaje, \"Me quedan vidas :\" + personaje.vidas())\n  46 |     if (person)\n> 47 |   })\n     |   ^\n  48 | \n  49 | \t\n\nExpected one of the following: \n\nexpression, sentence\n","stack":"Error: Failed to parse pgmProgram.wpgm: \n-- PARSING FAILED --------------------------------------------------\n\n  45 |     game.say(personaje, \"Me quedan vidas :\" + personaje.vidas())\n  46 |     if (person)\n> 47 |   })\n     |   ^\n  48 | \n  49 | \t\n\nExpected one of the following: \n\nexpression, sentence\n\n    at c:\\Users\\agust\\.vscode\\extensions\\uqbar.wollok-lsp-ide-0.5.3\\out\\server\\src\\server.js:2348:13026\n    at Array.map (<anonymous>)\n    at W1n (c:\\Users\\agust\\.vscode\\extensions\\uqbar.wollok-lsp-ide-0.5.3\\out\\server\\src\\server.js:2348:12950)\n    at U2.buildEnvironmentFrom (c:\\Users\\agust\\.vscode\\extensions\\uqbar.wollok-lsp-ide-0.5.3\\out\\server\\src\\server.js:2393:5254)\n    at U2.updateEnvironmentWith (c:\\Users\\agust\\.vscode\\extensions\\uqbar.wollok-lsp-ide-0.5.3\\out\\server\\src\\server.js:2393:4989)\n    at JF (c:\\Users\\agust\\.vscode\\extensions\\uqbar.wollok-lsp-ide-0.5.3\\out\\server\\src\\server.js:2393:7383)\n    at F3.invoke (c:\\Users\\agust\\.vscode\\extensions\\uqbar.wollok-lsp-ide-0.5.3\\out\\server\\src\\server.js:3:157334)\n    at o.fire (c:\\Users\\agust\\.vscode\\extensions\\uqbar.wollok-lsp-ide-0.5.3\\out\\server\\src\\server.js:3:158104)\n    at c:\\Users\\agust\\.vscode\\extensions\\uqbar.wollok-lsp-ide-0.5.3\\out\\server\\src\\server.js:37:57871\n    at Zr (c:\\Users\\agust\\.vscode\\extensions\\uqbar.wollok-lsp-ide-0.5.3\\out\\server\\src\\server.js:8:1561)","timestamp":"2025-09-13T14:40:55.718Z"}
{"level":"error","message":"✘ Failed to rebuild document Failed to parse pgmProgram.wpgm: \n-- PARSING FAILED --------------------------------------------------\n\n  45 |     game.say(personaje, \"Me quedan vidas :\" + personaje.vidas())\n  46 |     if (persona)\n> 47 |   })\n     |   ^\n  48 | \n  49 | \t\n\nExpected one of the following: \n\nexpression, sentence\n","stack":"Error: Failed to parse pgmProgram.wpgm: \n-- PARSING FAILED --------------------------------------------------\n\n  45 |     game.say(personaje, \"Me quedan vidas :\" + personaje.vidas())\n  46 |     if (persona)\n> 47 |   })\n     |   ^\n  48 | \n  49 | \t\n\nExpected one of the following: \n\nexpression, sentence\n\n    at c:\\Users\\agust\\.vscode\\extensions\\uqbar.wollok-lsp-ide-0.5.3\\out\\server\\src\\server.js:2348:13026\n    at Array.map (<anonymous>)\n    at W1n (c:\\Users\\agust\\.vscode\\extensions\\uqbar.wollok-lsp-ide-0.5.3\\out\\server\\src\\server.js:2348:12950)\n    at U2.buildEnvironmentFrom (c:\\Users\\agust\\.vscode\\extensions\\uqbar.wollok-lsp-ide-0.5.3\\out\\server\\src\\server.js:2393:5254)\n    at U2.updateEnvironmentWith (c:\\Users\\agust\\.vscode\\extensions\\uqbar.wollok-lsp-ide-0.5.3\\out\\server\\src\\server.js:2393:4989)\n    at JF (c:\\Users\\agust\\.vscode\\extensions\\uqbar.wollok-lsp-ide-0.5.3\\out\\server\\src\\server.js:2393:7383)\n    at F3.invoke (c:\\Users\\agust\\.vscode\\extensions\\uqbar.wollok-lsp-ide-0.5.3\\out\\server\\src\\server.js:3:157334)\n    at o.fire (c:\\Users\\agust\\.vscode\\extensions\\uqbar.wollok-lsp-ide-0.5.3\\out\\server\\src\\server.js:3:158104)\n    at c:\\Users\\agust\\.vscode\\extensions\\uqbar.wollok-lsp-ide-0.5.3\\out\\server\\src\\server.js:37:57871\n    at Zr (c:\\Users\\agust\\.vscode\\extensions\\uqbar.wollok-lsp-ide-0.5.3\\out\\server\\src\\server.js:8:1561)","timestamp":"2025-09-13T14:40:55.796Z"}
{"level":"error","message":"✘ Failed to rebuild document Failed to parse pgmProgram.wpgm: \n-- PARSING FAILED --------------------------------------------------\n\n  45 |     game.say(personaje, \"Me quedan vidas :\" + personaje.vidas())\n  46 |     if (personaj)\n> 47 |   })\n     |   ^\n  48 | \n  49 | \t\n\nExpected one of the following: \n\nexpression, sentence\n","stack":"Error: Failed to parse pgmProgram.wpgm: \n-- PARSING FAILED --------------------------------------------------\n\n  45 |     game.say(personaje, \"Me quedan vidas :\" + personaje.vidas())\n  46 |     if (personaj)\n> 47 |   })\n     |   ^\n  48 | \n  49 | \t\n\nExpected one of the following: \n\nexpression, sentence\n\n    at c:\\Users\\agust\\.vscode\\extensions\\uqbar.wollok-lsp-ide-0.5.3\\out\\server\\src\\server.js:2348:13026\n    at Array.map (<anonymous>)\n    at W1n (c:\\Users\\agust\\.vscode\\extensions\\uqbar.wollok-lsp-ide-0.5.3\\out\\server\\src\\server.js:2348:12950)\n    at U2.buildEnvironmentFrom (c:\\Users\\agust\\.vscode\\extensions\\uqbar.wollok-lsp-ide-0.5.3\\out\\server\\src\\server.js:2393:5254)\n    at U2.updateEnvironmentWith (c:\\Users\\agust\\.vscode\\extensions\\uqbar.wollok-lsp-ide-0.5.3\\out\\server\\src\\server.js:2393:4989)\n    at JF (c:\\Users\\agust\\.vscode\\extensions\\uqbar.wollok-lsp-ide-0.5.3\\out\\server\\src\\server.js:2393:7383)\n    at F3.invoke (c:\\Users\\agust\\.vscode\\extensions\\uqbar.wollok-lsp-ide-0.5.3\\out\\server\\src\\server.js:3:157334)\n    at o.fire (c:\\Users\\agust\\.vscode\\extensions\\uqbar.wollok-lsp-ide-0.5.3\\out\\server\\src\\server.js:3:158104)\n    at c:\\Users\\agust\\.vscode\\extensions\\uqbar.wollok-lsp-ide-0.5.3\\out\\server\\src\\server.js:37:57871\n    at Zr (c:\\Users\\agust\\.vscode\\extensions\\uqbar.wollok-lsp-ide-0.5.3\\out\\server\\src\\server.js:8:1561)","timestamp":"2025-09-13T14:40:55.928Z"}
{"level":"error","message":"✘ Failed to rebuild document Failed to parse pgmProgram.wpgm: \n-- PARSING FAILED --------------------------------------------------\n\n  45 |     game.say(personaje, \"Me quedan vidas :\" + personaje.vidas())\n  46 |     if (personaje)\n> 47 |   })\n     |   ^\n  48 | \n  49 | \t\n\nExpected one of the following: \n\nexpression, sentence\n","stack":"Error: Failed to parse pgmProgram.wpgm: \n-- PARSING FAILED --------------------------------------------------\n\n  45 |     game.say(personaje, \"Me quedan vidas :\" + personaje.vidas())\n  46 |     if (personaje)\n> 47 |   })\n     |   ^\n  48 | \n  49 | \t\n\nExpected one of the following: \n\nexpression, sentence\n\n    at c:\\Users\\agust\\.vscode\\extensions\\uqbar.wollok-lsp-ide-0.5.3\\out\\server\\src\\server.js:2348:13026\n    at Array.map (<anonymous>)\n    at W1n (c:\\Users\\agust\\.vscode\\extensions\\uqbar.wollok-lsp-ide-0.5.3\\out\\server\\src\\server.js:2348:12950)\n    at U2.buildEnvironmentFrom (c:\\Users\\agust\\.vscode\\extensions\\uqbar.wollok-lsp-ide-0.5.3\\out\\server\\src\\server.js:2393:5254)\n    at U2.updateEnvironmentWith (c:\\Users\\agust\\.vscode\\extensions\\uqbar.wollok-lsp-ide-0.5.3\\out\\server\\src\\server.js:2393:4989)\n    at JF (c:\\Users\\agust\\.vscode\\extensions\\uqbar.wollok-lsp-ide-0.5.3\\out\\server\\src\\server.js:2393:7383)\n    at F3.invoke (c:\\Users\\agust\\.vscode\\extensions\\uqbar.wollok-lsp-ide-0.5.3\\out\\server\\src\\server.js:3:157334)\n    at o.fire (c:\\Users\\agust\\.vscode\\extensions\\uqbar.wollok-lsp-ide-0.5.3\\out\\server\\src\\server.js:3:158104)\n    at c:\\Users\\agust\\.vscode\\extensions\\uqbar.wollok-lsp-ide-0.5.3\\out\\server\\src\\server.js:37:57871\n    at Zr (c:\\Users\\agust\\.vscode\\extensions\\uqbar.wollok-lsp-ide-0.5.3\\out\\server\\src\\server.js:8:1561)","timestamp":"2025-09-13T14:40:56.032Z"}
{"level":"error","message":"✘ Failed to rebuild document Failed to parse pgmProgram.wpgm: \n-- PARSING FAILED --------------------------------------------------\n\n  44 |     personaje.perderVida()\n  45 |     game.say(personaje, \"Me quedan vidas :\" + personaje.vidas())\n> 46 |     if (personaje.)\n     |                   ^\n  47 |   })\n  48 | \n\nExpected one of the following: \n\nexpression, sentence\n","stack":"Error: Failed to parse pgmProgram.wpgm: \n-- PARSING FAILED --------------------------------------------------\n\n  44 |     personaje.perderVida()\n  45 |     game.say(personaje, \"Me quedan vidas :\" + personaje.vidas())\n> 46 |     if (personaje.)\n     |                   ^\n  47 |   })\n  48 | \n\nExpected one of the following: \n\nexpression, sentence\n\n    at c:\\Users\\agust\\.vscode\\extensions\\uqbar.wollok-lsp-ide-0.5.3\\out\\server\\src\\server.js:2348:13026\n    at Array.map (<anonymous>)\n    at W1n (c:\\Users\\agust\\.vscode\\extensions\\uqbar.wollok-lsp-ide-0.5.3\\out\\server\\src\\server.js:2348:12950)\n    at U2.buildEnvironmentFrom (c:\\Users\\agust\\.vscode\\extensions\\uqbar.wollok-lsp-ide-0.5.3\\out\\server\\src\\server.js:2393:5254)\n    at U2.updateEnvironmentWith (c:\\Users\\agust\\.vscode\\extensions\\uqbar.wollok-lsp-ide-0.5.3\\out\\server\\src\\server.js:2393:4989)\n    at JF (c:\\Users\\agust\\.vscode\\extensions\\uqbar.wollok-lsp-ide-0.5.3\\out\\server\\src\\server.js:2393:7383)\n    at F3.invoke (c:\\Users\\agust\\.vscode\\extensions\\uqbar.wollok-lsp-ide-0.5.3\\out\\server\\src\\server.js:3:157334)\n    at o.fire (c:\\Users\\agust\\.vscode\\extensions\\uqbar.wollok-lsp-ide-0.5.3\\out\\server\\src\\server.js:3:158104)\n    at c:\\Users\\agust\\.vscode\\extensions\\uqbar.wollok-lsp-ide-0.5.3\\out\\server\\src\\server.js:37:57871\n    at Zr (c:\\Users\\agust\\.vscode\\extensions\\uqbar.wollok-lsp-ide-0.5.3\\out\\server\\src\\server.js:8:1561)","timestamp":"2025-09-13T14:40:56.230Z"}
{"level":"error","message":"✘ Failed to rebuild document Failed to parse pgmProgram.wpgm: \n-- PARSING FAILED --------------------------------------------------\n\n  45 |     game.say(personaje, \"Me quedan vidas :\" + personaje.vidas())\n  46 |     if (personaje.juegoTerminado)\n> 47 |   })\n     |   ^\n  48 | \n  49 | \t\n\nExpected one of the following: \n\nexpression, sentence\n","stack":"Error: Failed to parse pgmProgram.wpgm: \n-- PARSING FAILED --------------------------------------------------\n\n  45 |     game.say(personaje, \"Me quedan vidas :\" + personaje.vidas())\n  46 |     if (personaje.juegoTerminado)\n> 47 |   })\n     |   ^\n  48 | \n  49 | \t\n\nExpected one of the following: \n\nexpression, sentence\n\n    at c:\\Users\\agust\\.vscode\\extensions\\uqbar.wollok-lsp-ide-0.5.3\\out\\server\\src\\server.js:2348:13026\n    at Array.map (<anonymous>)\n    at W1n (c:\\Users\\agust\\.vscode\\extensions\\uqbar.wollok-lsp-ide-0.5.3\\out\\server\\src\\server.js:2348:12950)\n    at U2.buildEnvironmentFrom (c:\\Users\\agust\\.vscode\\extensions\\uqbar.wollok-lsp-ide-0.5.3\\out\\server\\src\\server.js:2393:5254)\n    at U2.updateEnvironmentWith (c:\\Users\\agust\\.vscode\\extensions\\uqbar.wollok-lsp-ide-0.5.3\\out\\server\\src\\server.js:2393:4989)\n    at JF (c:\\Users\\agust\\.vscode\\extensions\\uqbar.wollok-lsp-ide-0.5.3\\out\\server\\src\\server.js:2393:7383)\n    at F3.invoke (c:\\Users\\agust\\.vscode\\extensions\\uqbar.wollok-lsp-ide-0.5.3\\out\\server\\src\\server.js:3:157334)\n    at o.fire (c:\\Users\\agust\\.vscode\\extensions\\uqbar.wollok-lsp-ide-0.5.3\\out\\server\\src\\server.js:3:158104)\n    at c:\\Users\\agust\\.vscode\\extensions\\uqbar.wollok-lsp-ide-0.5.3\\out\\server\\src\\server.js:37:57871\n    at Zr (c:\\Users\\agust\\.vscode\\extensions\\uqbar.wollok-lsp-ide-0.5.3\\out\\server\\src\\server.js:8:1561)","timestamp":"2025-09-13T14:40:56.648Z"}
{"level":"error","message":"✘ Failed to rebuild document Failed to parse pgmProgram.wpgm: \n-- PARSING FAILED --------------------------------------------------\n\n  45 |     game.say(personaje, \"Me quedan vidas :\" + personaje.vidas())\n  46 |     if (personaje.juegoTerminado())\n> 47 |   })\n     |   ^\n  48 | \n  49 | \t\n\nExpected one of the following: \n\nexpression, sentence\n","stack":"Error: Failed to parse pgmProgram.wpgm: \n-- PARSING FAILED --------------------------------------------------\n\n  45 |     game.say(personaje, \"Me quedan vidas :\" + personaje.vidas())\n  46 |     if (personaje.juegoTerminado())\n> 47 |   })\n     |   ^\n  48 | \n  49 | \t\n\nExpected one of the following: \n\nexpression, sentence\n\n    at c:\\Users\\agust\\.vscode\\extensions\\uqbar.wollok-lsp-ide-0.5.3\\out\\server\\src\\server.js:2348:13026\n    at Array.map (<anonymous>)\n    at W1n (c:\\Users\\agust\\.vscode\\extensions\\uqbar.wollok-lsp-ide-0.5.3\\out\\server\\src\\server.js:2348:12950)\n    at U2.buildEnvironmentFrom (c:\\Users\\agust\\.vscode\\extensions\\uqbar.wollok-lsp-ide-0.5.3\\out\\server\\src\\server.js:2393:5254)\n    at U2.updateEnvironmentWith (c:\\Users\\agust\\.vscode\\extensions\\uqbar.wollok-lsp-ide-0.5.3\\out\\server\\src\\server.js:2393:4989)\n    at JF (c:\\Users\\agust\\.vscode\\extensions\\uqbar.wollok-lsp-ide-0.5.3\\out\\server\\src\\server.js:2393:7383)\n    at F3.invoke (c:\\Users\\agust\\.vscode\\extensions\\uqbar.wollok-lsp-ide-0.5.3\\out\\server\\src\\server.js:3:157334)\n    at o.fire (c:\\Users\\agust\\.vscode\\extensions\\uqbar.wollok-lsp-ide-0.5.3\\out\\server\\src\\server.js:3:158104)\n    at c:\\Users\\agust\\.vscode\\extensions\\uqbar.wollok-lsp-ide-0.5.3\\out\\server\\src\\server.js:37:57871\n    at Zr (c:\\Users\\agust\\.vscode\\extensions\\uqbar.wollok-lsp-ide-0.5.3\\out\\server\\src\\server.js:8:1561)","timestamp":"2025-09-13T14:40:57.886Z"}
{"level":"error","message":"✘ Failed to rebuild document Failed to parse pgmProgram.wpgm: \n-- PARSING FAILED --------------------------------------------------\n\n  45 |     game.say(personaje, \"Me quedan vidas :\" + personaje.vidas())\n  46 |     if (personaje.juegoTerminado()) \n> 47 |   })\n     |   ^\n  48 | \n  49 | \t\n\nExpected one of the following: \n\nexpression, sentence\n","stack":"Error: Failed to parse pgmProgram.wpgm: \n-- PARSING FAILED --------------------------------------------------\n\n  45 |     game.say(personaje, \"Me quedan vidas :\" + personaje.vidas())\n  46 |     if (personaje.juegoTerminado()) \n> 47 |   })\n     |   ^\n  48 | \n  49 | \t\n\nExpected one of the following: \n\nexpression, sentence\n\n    at c:\\Users\\agust\\.vscode\\extensions\\uqbar.wollok-lsp-ide-0.5.3\\out\\server\\src\\server.js:2348:13026\n    at Array.map (<anonymous>)\n    at W1n (c:\\Users\\agust\\.vscode\\extensions\\uqbar.wollok-lsp-ide-0.5.3\\out\\server\\src\\server.js:2348:12950)\n    at U2.buildEnvironmentFrom (c:\\Users\\agust\\.vscode\\extensions\\uqbar.wollok-lsp-ide-0.5.3\\out\\server\\src\\server.js:2393:5254)\n    at U2.updateEnvironmentWith (c:\\Users\\agust\\.vscode\\extensions\\uqbar.wollok-lsp-ide-0.5.3\\out\\server\\src\\server.js:2393:4989)\n    at JF (c:\\Users\\agust\\.vscode\\extensions\\uqbar.wollok-lsp-ide-0.5.3\\out\\server\\src\\server.js:2393:7383)\n    at F3.invoke (c:\\Users\\agust\\.vscode\\extensions\\uqbar.wollok-lsp-ide-0.5.3\\out\\server\\src\\server.js:3:157334)\n    at o.fire (c:\\Users\\agust\\.vscode\\extensions\\uqbar.wollok-lsp-ide-0.5.3\\out\\server\\src\\server.js:3:158104)\n    at c:\\Users\\agust\\.vscode\\extensions\\uqbar.wollok-lsp-ide-0.5.3\\out\\server\\src\\server.js:37:57871\n    at Zr (c:\\Users\\agust\\.vscode\\extensions\\uqbar.wollok-lsp-ide-0.5.3\\out\\server\\src\\server.js:8:1561)","timestamp":"2025-09-13T14:41:04.676Z"}
{"level":"error","message":"✘ Completions for node If ([46:5, 48:6] - pgmProgram.wpgm) failed: Error: [If]{135c47} at pgmProgram.wpgm:46 exhausted all cases without a match [If]{135c47} at pgmProgram.wpgm:46 exhausted all cases without a match","stack":"Error: [If]{135c47} at pgmProgram.wpgm:46 exhausted all cases without a match\n    at c:\\Users\\agust\\.vscode\\extensions\\uqbar.wollok-lsp-ide-0.5.3\\out\\server\\src\\server.js:38:6142\n    at D2 (c:\\Users\\agust\\.vscode\\extensions\\uqbar.wollok-lsp-ide-0.5.3\\out\\server\\src\\server.js:2384:42)\n    at Qh (c:\\Users\\agust\\.vscode\\extensions\\uqbar.wollok-lsp-ide-0.5.3\\out\\server\\src\\server.js:2384:1092)\n    at v6n (c:\\Users\\agust\\.vscode\\extensions\\uqbar.wollok-lsp-ide-0.5.3\\out\\server\\src\\server.js:2384:818)\n    at c:\\Users\\agust\\.vscode\\extensions\\uqbar.wollok-lsp-ide-0.5.3\\out\\server\\src\\server.js:38:6131\n    at D2 (c:\\Users\\agust\\.vscode\\extensions\\uqbar.wollok-lsp-ide-0.5.3\\out\\server\\src\\server.js:2384:42)\n    at Qh (c:\\Users\\agust\\.vscode\\extensions\\uqbar.wollok-lsp-ide-0.5.3\\out\\server\\src\\server.js:2384:1092)\n    at k6n (c:\\Users\\agust\\.vscode\\extensions\\uqbar.wollok-lsp-ide-0.5.3\\out\\server\\src\\server.js:2384:1248)\n    at c:\\Users\\agust\\.vscode\\extensions\\uqbar.wollok-lsp-ide-0.5.3\\out\\server\\src\\server.js:38:6131\n    at D2 (c:\\Users\\agust\\.vscode\\extensions\\uqbar.wollok-lsp-ide-0.5.3\\out\\server\\src\\server.js:2384:42)","timestamp":"2025-09-13T14:41:12.342Z"}
{"level":"error","message":"✘ Completions for node If ([46:5, 48:6] - pgmProgram.wpgm) failed: Error: [If]{ab0d20} at pgmProgram.wpgm:46 exhausted all cases without a match [If]{ab0d20} at pgmProgram.wpgm:46 exhausted all cases without a match","stack":"Error: [If]{ab0d20} at pgmProgram.wpgm:46 exhausted all cases without a match\n    at c:\\Users\\agust\\.vscode\\extensions\\uqbar.wollok-lsp-ide-0.5.3\\out\\server\\src\\server.js:38:6142\n    at D2 (c:\\Users\\agust\\.vscode\\extensions\\uqbar.wollok-lsp-ide-0.5.3\\out\\server\\src\\server.js:2384:42)\n    at Qh (c:\\Users\\agust\\.vscode\\extensions\\uqbar.wollok-lsp-ide-0.5.3\\out\\server\\src\\server.js:2384:1092)\n    at v6n (c:\\Users\\agust\\.vscode\\extensions\\uqbar.wollok-lsp-ide-0.5.3\\out\\server\\src\\server.js:2384:818)\n    at c:\\Users\\agust\\.vscode\\extensions\\uqbar.wollok-lsp-ide-0.5.3\\out\\server\\src\\server.js:38:6131\n    at D2 (c:\\Users\\agust\\.vscode\\extensions\\uqbar.wollok-lsp-ide-0.5.3\\out\\server\\src\\server.js:2384:42)\n    at Qh (c:\\Users\\agust\\.vscode\\extensions\\uqbar.wollok-lsp-ide-0.5.3\\out\\server\\src\\server.js:2384:1092)\n    at k6n (c:\\Users\\agust\\.vscode\\extensions\\uqbar.wollok-lsp-ide-0.5.3\\out\\server\\src\\server.js:2384:1248)\n    at c:\\Users\\agust\\.vscode\\extensions\\uqbar.wollok-lsp-ide-0.5.3\\out\\server\\src\\server.js:38:6131\n    at D2 (c:\\Users\\agust\\.vscode\\extensions\\uqbar.wollok-lsp-ide-0.5.3\\out\\server\\src\\server.js:2384:42)","timestamp":"2025-09-13T14:41:13.602Z"}
{"level":"error","message":"✘ Completions for node If ([46:5, 48:6] - pgmProgram.wpgm) failed: Error: [If]{6830fa} at pgmProgram.wpgm:46 exhausted all cases without a match [If]{6830fa} at pgmProgram.wpgm:46 exhausted all cases without a match","stack":"Error: [If]{6830fa} at pgmProgram.wpgm:46 exhausted all cases without a match\n    at c:\\Users\\agust\\.vscode\\extensions\\uqbar.wollok-lsp-ide-0.5.3\\out\\server\\src\\server.js:38:6142\n    at D2 (c:\\Users\\agust\\.vscode\\extensions\\uqbar.wollok-lsp-ide-0.5.3\\out\\server\\src\\server.js:2384:42)\n    at Qh (c:\\Users\\agust\\.vscode\\extensions\\uqbar.wollok-lsp-ide-0.5.3\\out\\server\\src\\server.js:2384:1092)\n    at v6n (c:\\Users\\agust\\.vscode\\extensions\\uqbar.wollok-lsp-ide-0.5.3\\out\\server\\src\\server.js:2384:818)\n    at c:\\Users\\agust\\.vscode\\extensions\\uqbar.wollok-lsp-ide-0.5.3\\out\\server\\src\\server.js:38:6131\n    at D2 (c:\\Users\\agust\\.vscode\\extensions\\uqbar.wollok-lsp-ide-0.5.3\\out\\server\\src\\server.js:2384:42)\n    at c:\\Users\\agust\\.vscode\\extensions\\uqbar.wollok-lsp-ide-0.5.3\\out\\server\\src\\server.js:2384:2988\n    at c:\\Users\\agust\\.vscode\\extensions\\uqbar.wollok-lsp-ide-0.5.3\\out\\server\\src\\server.js:2393:8440\n    at c:\\Users\\agust\\.vscode\\extensions\\uqbar.wollok-lsp-ide-0.5.3\\out\\server\\src\\server.js:37:74872\n    at Ye (c:\\Users\\agust\\.vscode\\extensions\\uqbar.wollok-lsp-ide-0.5.3\\out\\server\\src\\server.js:7:8527)","timestamp":"2025-09-13T14:41:17.139Z"}
{"level":"error","message":"✘ Completions for node Send ([48:7, 48:19] - pgmProgram.wpgm) failed: Error: [Send]{81ef06} at pgmProgram.wpgm:48 exhausted all cases without a match [Send]{81ef06} at pgmProgram.wpgm:48 exhausted all cases without a match","stack":"Error: [Send]{81ef06} at pgmProgram.wpgm:48 exhausted all cases without a match\n    at c:\\Users\\agust\\.vscode\\extensions\\uqbar.wollok-lsp-ide-0.5.3\\out\\server\\src\\server.js:38:6142\n    at D2 (c:\\Users\\agust\\.vscode\\extensions\\uqbar.wollok-lsp-ide-0.5.3\\out\\server\\src\\server.js:2384:42)\n    at Qh (c:\\Users\\agust\\.vscode\\extensions\\uqbar.wollok-lsp-ide-0.5.3\\out\\server\\src\\server.js:2384:1092)\n    at k6n (c:\\Users\\agust\\.vscode\\extensions\\uqbar.wollok-lsp-ide-0.5.3\\out\\server\\src\\server.js:2384:1248)\n    at c:\\Users\\agust\\.vscode\\extensions\\uqbar.wollok-lsp-ide-0.5.3\\out\\server\\src\\server.js:38:6131\n    at D2 (c:\\Users\\agust\\.vscode\\extensions\\uqbar.wollok-lsp-ide-0.5.3\\out\\server\\src\\server.js:2384:42)\n    at c:\\Users\\agust\\.vscode\\extensions\\uqbar.wollok-lsp-ide-0.5.3\\out\\server\\src\\server.js:2384:2988\n    at c:\\Users\\agust\\.vscode\\extensions\\uqbar.wollok-lsp-ide-0.5.3\\out\\server\\src\\server.js:2393:8440\n    at c:\\Users\\agust\\.vscode\\extensions\\uqbar.wollok-lsp-ide-0.5.3\\out\\server\\src\\server.js:37:74872\n    at Ye (c:\\Users\\agust\\.vscode\\extensions\\uqbar.wollok-lsp-ide-0.5.3\\out\\server\\src\\server.js:7:8527)","timestamp":"2025-09-13T14:41:26.224Z"}
{"level":"error","message":"✘ Completions for node If ([46:5, 49:6] - pgmProgram.wpgm) failed: Error: [If]{46d634} at pgmProgram.wpgm:46 exhausted all cases without a match [If]{46d634} at pgmProgram.wpgm:46 exhausted all cases without a match","stack":"Error: [If]{46d634} at pgmProgram.wpgm:46 exhausted all cases without a match\n    at c:\\Users\\agust\\.vscode\\extensions\\uqbar.wollok-lsp-ide-0.5.3\\out\\server\\src\\server.js:38:6142\n    at D2 (c:\\Users\\agust\\.vscode\\extensions\\uqbar.wollok-lsp-ide-0.5.3\\out\\server\\src\\server.js:2384:42)\n    at Qh (c:\\Users\\agust\\.vscode\\extensions\\uqbar.wollok-lsp-ide-0.5.3\\out\\server\\src\\server.js:2384:1092)\n    at v6n (c:\\Users\\agust\\.vscode\\extensions\\uqbar.wollok-lsp-ide-0.5.3\\out\\server\\src\\server.js:2384:818)\n    at c:\\Users\\agust\\.vscode\\extensions\\uqbar.wollok-lsp-ide-0.5.3\\out\\server\\src\\server.js:38:6131\n    at D2 (c:\\Users\\agust\\.vscode\\extensions\\uqbar.wollok-lsp-ide-0.5.3\\out\\server\\src\\server.js:2384:42)\n    at Qh (c:\\Users\\agust\\.vscode\\extensions\\uqbar.wollok-lsp-ide-0.5.3\\out\\server\\src\\server.js:2384:1092)\n    at D2 (c:\\Users\\agust\\.vscode\\extensions\\uqbar.wollok-lsp-ide-0.5.3\\out\\server\\src\\server.js:2384:544)\n    at Qh (c:\\Users\\agust\\.vscode\\extensions\\uqbar.wollok-lsp-ide-0.5.3\\out\\server\\src\\server.js:2384:1092)\n    at k6n (c:\\Users\\agust\\.vscode\\extensions\\uqbar.wollok-lsp-ide-0.5.3\\out\\server\\src\\server.js:2384:1248)","timestamp":"2025-09-13T14:41:26.224Z"}
{"level":"error","message":"✘ Completions for node If ([46:5, 49:6] - pgmProgram.wpgm) failed: Error: [If]{bea53b} at pgmProgram.wpgm:46 exhausted all cases without a match [If]{bea53b} at pgmProgram.wpgm:46 exhausted all cases without a match","stack":"Error: [If]{bea53b} at pgmProgram.wpgm:46 exhausted all cases without a match\n    at c:\\Users\\agust\\.vscode\\extensions\\uqbar.wollok-lsp-ide-0.5.3\\out\\server\\src\\server.js:38:6142\n    at D2 (c:\\Users\\agust\\.vscode\\extensions\\uqbar.wollok-lsp-ide-0.5.3\\out\\server\\src\\server.js:2384:42)\n    at Qh (c:\\Users\\agust\\.vscode\\extensions\\uqbar.wollok-lsp-ide-0.5.3\\out\\server\\src\\server.js:2384:1092)\n    at v6n (c:\\Users\\agust\\.vscode\\extensions\\uqbar.wollok-lsp-ide-0.5.3\\out\\server\\src\\server.js:2384:818)\n    at c:\\Users\\agust\\.vscode\\extensions\\uqbar.wollok-lsp-ide-0.5.3\\out\\server\\src\\server.js:38:6131\n    at D2 (c:\\Users\\agust\\.vscode\\extensions\\uqbar.wollok-lsp-ide-0.5.3\\out\\server\\src\\server.js:2384:42)\n    at Qh (c:\\Users\\agust\\.vscode\\extensions\\uqbar.wollok-lsp-ide-0.5.3\\out\\server\\src\\server.js:2384:1092)\n    at k6n (c:\\Users\\agust\\.vscode\\extensions\\uqbar.wollok-lsp-ide-0.5.3\\out\\server\\src\\server.js:2384:1248)\n    at c:\\Users\\agust\\.vscode\\extensions\\uqbar.wollok-lsp-ide-0.5.3\\out\\server\\src\\server.js:38:6131\n    at D2 (c:\\Users\\agust\\.vscode\\extensions\\uqbar.wollok-lsp-ide-0.5.3\\out\\server\\src\\server.js:2384:42)","timestamp":"2025-09-13T14:41:28.012Z"}
{"level":"error","message":"✘ Completions for node Send ([47:7, 47:27] - pgmProgram.wpgm) failed: Error: [Send]{a24a51} at pgmProgram.wpgm:47 exhausted all cases without a match [Send]{a24a51} at pgmProgram.wpgm:47 exhausted all cases without a match","stack":"Error: [Send]{a24a51} at pgmProgram.wpgm:47 exhausted all cases without a match\n    at c:\\Users\\agust\\.vscode\\extensions\\uqbar.wollok-lsp-ide-0.5.3\\out\\server\\src\\server.js:38:6142\n    at D2 (c:\\Users\\agust\\.vscode\\extensions\\uqbar.wollok-lsp-ide-0.5.3\\out\\server\\src\\server.js:2384:42)\n    at Qh (c:\\Users\\agust\\.vscode\\extensions\\uqbar.wollok-lsp-ide-0.5.3\\out\\server\\src\\server.js:2384:1092)\n    at k6n (c:\\Users\\agust\\.vscode\\extensions\\uqbar.wollok-lsp-ide-0.5.3\\out\\server\\src\\server.js:2384:1248)\n    at c:\\Users\\agust\\.vscode\\extensions\\uqbar.wollok-lsp-ide-0.5.3\\out\\server\\src\\server.js:38:6131\n    at D2 (c:\\Users\\agust\\.vscode\\extensions\\uqbar.wollok-lsp-ide-0.5.3\\out\\server\\src\\server.js:2384:42)\n    at c:\\Users\\agust\\.vscode\\extensions\\uqbar.wollok-lsp-ide-0.5.3\\out\\server\\src\\server.js:2384:2988\n    at c:\\Users\\agust\\.vscode\\extensions\\uqbar.wollok-lsp-ide-0.5.3\\out\\server\\src\\server.js:2393:8440\n    at c:\\Users\\agust\\.vscode\\extensions\\uqbar.wollok-lsp-ide-0.5.3\\out\\server\\src\\server.js:37:74872\n    at Ye (c:\\Users\\agust\\.vscode\\extensions\\uqbar.wollok-lsp-ide-0.5.3\\out\\server\\src\\server.js:7:8527)","timestamp":"2025-09-13T14:41:31.383Z"}
{"level":"error","message":"✘ Completions for node If ([46:5, 49:6] - pgmProgram.wpgm) failed: Error: [If]{5a4f05} at pgmProgram.wpgm:46 exhausted all cases without a match [If]{5a4f05} at pgmProgram.wpgm:46 exhausted all cases without a match","stack":"Error: [If]{5a4f05} at pgmProgram.wpgm:46 exhausted all cases without a match\n    at c:\\Users\\agust\\.vscode\\extensions\\uqbar.wollok-lsp-ide-0.5.3\\out\\server\\src\\server.js:38:6142\n    at D2 (c:\\Users\\agust\\.vscode\\extensions\\uqbar.wollok-lsp-ide-0.5.3\\out\\server\\src\\server.js:2384:42)\n    at Qh (c:\\Users\\agust\\.vscode\\extensions\\uqbar.wollok-lsp-ide-0.5.3\\out\\server\\src\\server.js:2384:1092)\n    at v6n (c:\\Users\\agust\\.vscode\\extensions\\uqbar.wollok-lsp-ide-0.5.3\\out\\server\\src\\server.js:2384:818)\n    at c:\\Users\\agust\\.vscode\\extensions\\uqbar.wollok-lsp-ide-0.5.3\\out\\server\\src\\server.js:38:6131\n    at D2 (c:\\Users\\agust\\.vscode\\extensions\\uqbar.wollok-lsp-ide-0.5.3\\out\\server\\src\\server.js:2384:42)\n    at Qh (c:\\Users\\agust\\.vscode\\extensions\\uqbar.wollok-lsp-ide-0.5.3\\out\\server\\src\\server.js:2384:1092)\n    at D2 (c:\\Users\\agust\\.vscode\\extensions\\uqbar.wollok-lsp-ide-0.5.3\\out\\server\\src\\server.js:2384:544)\n    at Qh (c:\\Users\\agust\\.vscode\\extensions\\uqbar.wollok-lsp-ide-0.5.3\\out\\server\\src\\server.js:2384:1092)\n    at k6n (c:\\Users\\agust\\.vscode\\extensions\\uqbar.wollok-lsp-ide-0.5.3\\out\\server\\src\\server.js:2384:1248)","timestamp":"2025-09-13T14:41:31.383Z"}
{"exitCode":"SIGHUP","level":"info","message":"👾 Game executed pgmProgram.pacmanGame on c:\\Users\\agust\\Desktop\\Desarrollo\\Universidad\\Programacion con Objetos 1\\pacmanbasicgame-agusalfonsoun\\pacman-13-09-25","timeElapsed":171739,"timestamp":"2025-09-13T14:41:47.939Z"}
{"level":"info","message":"🚀 Program executed \u001b[3m\u001b[34mpgmProgram.pacmanGame\u001b[39m\u001b[23m on \u001b[3m\u001b[34mc:\\Users\\agust\\Desktop\\Desarrollo\\Universidad\\Programacion con Objetos 1\\pacmanbasicgame-agusalfonsoun\\pacman-13-09-25\u001b[39m\u001b[23m","ok":true,"timeElapsed":233,"timestamp":"2025-09-13T14:41:49.088Z"}
{"exitCode":0,"level":"info","message":"👾 Game executed pgmProgram.pacmanGame on c:\\Users\\agust\\Desktop\\Desarrollo\\Universidad\\Programacion con Objetos 1\\pacmanbasicgame-agusalfonsoun\\pacman-13-09-25","timeElapsed":6352,"timestamp":"2025-09-13T14:41:55.206Z"}
{"level":"error","message":"✘ Completions for node Literal ([43:13, 43:16] - pgmProgram.wpgm) failed: Error: [Literal]{989b35} at pgmProgram.wpgm:43 exhausted all cases without a match [Literal]{989b35} at pgmProgram.wpgm:43 exhausted all cases without a match","stack":"Error: [Literal]{989b35} at pgmProgram.wpgm:43 exhausted all cases without a match\n    at c:\\Users\\agust\\.vscode\\extensions\\uqbar.wollok-lsp-ide-0.5.3\\out\\server\\src\\server.js:38:6142\n    at D2 (c:\\Users\\agust\\.vscode\\extensions\\uqbar.wollok-lsp-ide-0.5.3\\out\\server\\src\\server.js:2384:42)\n    at Qh (c:\\Users\\agust\\.vscode\\extensions\\uqbar.wollok-lsp-ide-0.5.3\\out\\server\\src\\server.js:2384:1092)\n    at k6n (c:\\Users\\agust\\.vscode\\extensions\\uqbar.wollok-lsp-ide-0.5.3\\out\\server\\src\\server.js:2384:1248)\n    at c:\\Users\\agust\\.vscode\\extensions\\uqbar.wollok-lsp-ide-0.5.3\\out\\server\\src\\server.js:38:6131\n    at D2 (c:\\Users\\agust\\.vscode\\extensions\\uqbar.wollok-lsp-ide-0.5.3\\out\\server\\src\\server.js:2384:42)\n    at c:\\Users\\agust\\.vscode\\extensions\\uqbar.wollok-lsp-ide-0.5.3\\out\\server\\src\\server.js:2384:2988\n    at c:\\Users\\agust\\.vscode\\extensions\\uqbar.wollok-lsp-ide-0.5.3\\out\\server\\src\\server.js:2393:8440\n    at c:\\Users\\agust\\.vscode\\extensions\\uqbar.wollok-lsp-ide-0.5.3\\out\\server\\src\\server.js:37:74872\n    at Ye (c:\\Users\\agust\\.vscode\\extensions\\uqbar.wollok-lsp-ide-0.5.3\\out\\server\\src\\server.js:7:8527)","timestamp":"2025-09-13T14:51:02.585Z"}
{"level":"error","message":"✘ Completions for node Assignment ([43:3, 43:16] - pgmProgram.wpgm) failed: Error: [Assignment]{04604f} at pgmProgram.wpgm:43 exhausted all cases without a match [Assignment]{04604f} at pgmProgram.wpgm:43 exhausted all cases without a match","stack":"Error: [Assignment]{04604f} at pgmProgram.wpgm:43 exhausted all cases without a match\n    at c:\\Users\\agust\\.vscode\\extensions\\uqbar.wollok-lsp-ide-0.5.3\\out\\server\\src\\server.js:38:6142\n    at D2 (c:\\Users\\agust\\.vscode\\extensions\\uqbar.wollok-lsp-ide-0.5.3\\out\\server\\src\\server.js:2384:42)\n    at Qh (c:\\Users\\agust\\.vscode\\extensions\\uqbar.wollok-lsp-ide-0.5.3\\out\\server\\src\\server.js:2384:1092)\n    at D2 (c:\\Users\\agust\\.vscode\\extensions\\uqbar.wollok-lsp-ide-0.5.3\\out\\server\\src\\server.js:2384:544)\n    at Qh (c:\\Users\\agust\\.vscode\\extensions\\uqbar.wollok-lsp-ide-0.5.3\\out\\server\\src\\server.js:2384:1092)\n    at k6n (c:\\Users\\agust\\.vscode\\extensions\\uqbar.wollok-lsp-ide-0.5.3\\out\\server\\src\\server.js:2384:1248)\n    at c:\\Users\\agust\\.vscode\\extensions\\uqbar.wollok-lsp-ide-0.5.3\\out\\server\\src\\server.js:38:6131\n    at D2 (c:\\Users\\agust\\.vscode\\extensions\\uqbar.wollok-lsp-ide-0.5.3\\out\\server\\src\\server.js:2384:42)\n    at c:\\Users\\agust\\.vscode\\extensions\\uqbar.wollok-lsp-ide-0.5.3\\out\\server\\src\\server.js:2384:2988\n    at c:\\Users\\agust\\.vscode\\extensions\\uqbar.wollok-lsp-ide-0.5.3\\out\\server\\src\\server.js:2393:8440","timestamp":"2025-09-13T14:51:02.585Z"}
{"level":"error","message":"✘ Completions for node Literal ([43:13, 43:17] - pgmProgram.wpgm) failed: Error: [Literal]{422f8b} at pgmProgram.wpgm:43 exhausted all cases without a match [Literal]{422f8b} at pgmProgram.wpgm:43 exhausted all cases without a match","stack":"Error: [Literal]{422f8b} at pgmProgram.wpgm:43 exhausted all cases without a match\n    at c:\\Users\\agust\\.vscode\\extensions\\uqbar.wollok-lsp-ide-0.5.3\\out\\server\\src\\server.js:38:6142\n    at D2 (c:\\Users\\agust\\.vscode\\extensions\\uqbar.wollok-lsp-ide-0.5.3\\out\\server\\src\\server.js:2384:42)\n    at Qh (c:\\Users\\agust\\.vscode\\extensions\\uqbar.wollok-lsp-ide-0.5.3\\out\\server\\src\\server.js:2384:1092)\n    at k6n (c:\\Users\\agust\\.vscode\\extensions\\uqbar.wollok-lsp-ide-0.5.3\\out\\server\\src\\server.js:2384:1248)\n    at c:\\Users\\agust\\.vscode\\extensions\\uqbar.wollok-lsp-ide-0.5.3\\out\\server\\src\\server.js:38:6131\n    at D2 (c:\\Users\\agust\\.vscode\\extensions\\uqbar.wollok-lsp-ide-0.5.3\\out\\server\\src\\server.js:2384:42)\n    at c:\\Users\\agust\\.vscode\\extensions\\uqbar.wollok-lsp-ide-0.5.3\\out\\server\\src\\server.js:2384:2988\n    at c:\\Users\\agust\\.vscode\\extensions\\uqbar.wollok-lsp-ide-0.5.3\\out\\server\\src\\server.js:2393:8440\n    at c:\\Users\\agust\\.vscode\\extensions\\uqbar.wollok-lsp-ide-0.5.3\\out\\server\\src\\server.js:37:74872\n    at Ye (c:\\Users\\agust\\.vscode\\extensions\\uqbar.wollok-lsp-ide-0.5.3\\out\\server\\src\\server.js:7:8527)","timestamp":"2025-09-13T14:51:02.729Z"}
{"level":"error","message":"✘ Completions for node Assignment ([43:3, 43:17] - pgmProgram.wpgm) failed: Error: [Assignment]{0f9f6e} at pgmProgram.wpgm:43 exhausted all cases without a match [Assignment]{0f9f6e} at pgmProgram.wpgm:43 exhausted all cases without a match","stack":"Error: [Assignment]{0f9f6e} at pgmProgram.wpgm:43 exhausted all cases without a match\n    at c:\\Users\\agust\\.vscode\\extensions\\uqbar.wollok-lsp-ide-0.5.3\\out\\server\\src\\server.js:38:6142\n    at D2 (c:\\Users\\agust\\.vscode\\extensions\\uqbar.wollok-lsp-ide-0.5.3\\out\\server\\src\\server.js:2384:42)\n    at Qh (c:\\Users\\agust\\.vscode\\extensions\\uqbar.wollok-lsp-ide-0.5.3\\out\\server\\src\\server.js:2384:1092)\n    at D2 (c:\\Users\\agust\\.vscode\\extensions\\uqbar.wollok-lsp-ide-0.5.3\\out\\server\\src\\server.js:2384:544)\n    at Qh (c:\\Users\\agust\\.vscode\\extensions\\uqbar.wollok-lsp-ide-0.5.3\\out\\server\\src\\server.js:2384:1092)\n    at k6n (c:\\Users\\agust\\.vscode\\extensions\\uqbar.wollok-lsp-ide-0.5.3\\out\\server\\src\\server.js:2384:1248)\n    at c:\\Users\\agust\\.vscode\\extensions\\uqbar.wollok-lsp-ide-0.5.3\\out\\server\\src\\server.js:38:6131\n    at D2 (c:\\Users\\agust\\.vscode\\extensions\\uqbar.wollok-lsp-ide-0.5.3\\out\\server\\src\\server.js:2384:42)\n    at c:\\Users\\agust\\.vscode\\extensions\\uqbar.wollok-lsp-ide-0.5.3\\out\\server\\src\\server.js:2384:2988\n    at c:\\Users\\agust\\.vscode\\extensions\\uqbar.wollok-lsp-ide-0.5.3\\out\\server\\src\\server.js:2393:8440","timestamp":"2025-09-13T14:51:02.729Z"}
{"level":"error","message":"✘ Completions for node Literal ([43:13, 43:18] - pgmProgram.wpgm) failed: Error: [Literal]{1fae5d} at pgmProgram.wpgm:43 exhausted all cases without a match [Literal]{1fae5d} at pgmProgram.wpgm:43 exhausted all cases without a match","stack":"Error: [Literal]{1fae5d} at pgmProgram.wpgm:43 exhausted all cases without a match\n    at c:\\Users\\agust\\.vscode\\extensions\\uqbar.wollok-lsp-ide-0.5.3\\out\\server\\src\\server.js:38:6142\n    at D2 (c:\\Users\\agust\\.vscode\\extensions\\uqbar.wollok-lsp-ide-0.5.3\\out\\server\\src\\server.js:2384:42)\n    at Qh (c:\\Users\\agust\\.vscode\\extensions\\uqbar.wollok-lsp-ide-0.5.3\\out\\server\\src\\server.js:2384:1092)\n    at k6n (c:\\Users\\agust\\.vscode\\extensions\\uqbar.wollok-lsp-ide-0.5.3\\out\\server\\src\\server.js:2384:1248)\n    at c:\\Users\\agust\\.vscode\\extensions\\uqbar.wollok-lsp-ide-0.5.3\\out\\server\\src\\server.js:38:6131\n    at D2 (c:\\Users\\agust\\.vscode\\extensions\\uqbar.wollok-lsp-ide-0.5.3\\out\\server\\src\\server.js:2384:42)\n    at c:\\Users\\agust\\.vscode\\extensions\\uqbar.wollok-lsp-ide-0.5.3\\out\\server\\src\\server.js:2384:2988\n    at c:\\Users\\agust\\.vscode\\extensions\\uqbar.wollok-lsp-ide-0.5.3\\out\\server\\src\\server.js:2393:8440\n    at c:\\Users\\agust\\.vscode\\extensions\\uqbar.wollok-lsp-ide-0.5.3\\out\\server\\src\\server.js:37:74872\n    at Ye (c:\\Users\\agust\\.vscode\\extensions\\uqbar.wollok-lsp-ide-0.5.3\\out\\server\\src\\server.js:7:8527)","timestamp":"2025-09-13T14:51:02.865Z"}
{"level":"error","message":"✘ Completions for node Assignment ([43:3, 43:18] - pgmProgram.wpgm) failed: Error: [Assignment]{7e2b2e} at pgmProgram.wpgm:43 exhausted all cases without a match [Assignment]{7e2b2e} at pgmProgram.wpgm:43 exhausted all cases without a match","stack":"Error: [Assignment]{7e2b2e} at pgmProgram.wpgm:43 exhausted all cases without a match\n    at c:\\Users\\agust\\.vscode\\extensions\\uqbar.wollok-lsp-ide-0.5.3\\out\\server\\src\\server.js:38:6142\n    at D2 (c:\\Users\\agust\\.vscode\\extensions\\uqbar.wollok-lsp-ide-0.5.3\\out\\server\\src\\server.js:2384:42)\n    at Qh (c:\\Users\\agust\\.vscode\\extensions\\uqbar.wollok-lsp-ide-0.5.3\\out\\server\\src\\server.js:2384:1092)\n    at D2 (c:\\Users\\agust\\.vscode\\extensions\\uqbar.wollok-lsp-ide-0.5.3\\out\\server\\src\\server.js:2384:544)\n    at Qh (c:\\Users\\agust\\.vscode\\extensions\\uqbar.wollok-lsp-ide-0.5.3\\out\\server\\src\\server.js:2384:1092)\n    at k6n (c:\\Users\\agust\\.vscode\\extensions\\uqbar.wollok-lsp-ide-0.5.3\\out\\server\\src\\server.js:2384:1248)\n    at c:\\Users\\agust\\.vscode\\extensions\\uqbar.wollok-lsp-ide-0.5.3\\out\\server\\src\\server.js:38:6131\n    at D2 (c:\\Users\\agust\\.vscode\\extensions\\uqbar.wollok-lsp-ide-0.5.3\\out\\server\\src\\server.js:2384:42)\n    at c:\\Users\\agust\\.vscode\\extensions\\uqbar.wollok-lsp-ide-0.5.3\\out\\server\\src\\server.js:2384:2988\n    at c:\\Users\\agust\\.vscode\\extensions\\uqbar.wollok-lsp-ide-0.5.3\\out\\server\\src\\server.js:2393:8440","timestamp":"2025-09-13T14:51:02.865Z"}
{"level":"error","message":"✘ Completions for node Literal ([43:13, 43:20] - pgmProgram.wpgm) failed: Error: [Literal]{27dcdf} at pgmProgram.wpgm:43 exhausted all cases without a match [Literal]{27dcdf} at pgmProgram.wpgm:43 exhausted all cases without a match","stack":"Error: [Literal]{27dcdf} at pgmProgram.wpgm:43 exhausted all cases without a match\n    at c:\\Users\\agust\\.vscode\\extensions\\uqbar.wollok-lsp-ide-0.5.3\\out\\server\\src\\server.js:38:6142\n    at D2 (c:\\Users\\agust\\.vscode\\extensions\\uqbar.wollok-lsp-ide-0.5.3\\out\\server\\src\\server.js:2384:42)\n    at Qh (c:\\Users\\agust\\.vscode\\extensions\\uqbar.wollok-lsp-ide-0.5.3\\out\\server\\src\\server.js:2384:1092)\n    at k6n (c:\\Users\\agust\\.vscode\\extensions\\uqbar.wollok-lsp-ide-0.5.3\\out\\server\\src\\server.js:2384:1248)\n    at c:\\Users\\agust\\.vscode\\extensions\\uqbar.wollok-lsp-ide-0.5.3\\out\\server\\src\\server.js:38:6131\n    at D2 (c:\\Users\\agust\\.vscode\\extensions\\uqbar.wollok-lsp-ide-0.5.3\\out\\server\\src\\server.js:2384:42)\n    at c:\\Users\\agust\\.vscode\\extensions\\uqbar.wollok-lsp-ide-0.5.3\\out\\server\\src\\server.js:2384:2988\n    at c:\\Users\\agust\\.vscode\\extensions\\uqbar.wollok-lsp-ide-0.5.3\\out\\server\\src\\server.js:2393:8440\n    at c:\\Users\\agust\\.vscode\\extensions\\uqbar.wollok-lsp-ide-0.5.3\\out\\server\\src\\server.js:37:74872\n    at Ye (c:\\Users\\agust\\.vscode\\extensions\\uqbar.wollok-lsp-ide-0.5.3\\out\\server\\src\\server.js:7:8527)","timestamp":"2025-09-13T14:51:03.124Z"}
{"level":"error","message":"✘ Completions for node Assignment ([43:3, 43:20] - pgmProgram.wpgm) failed: Error: [Assignment]{4eefa9} at pgmProgram.wpgm:43 exhausted all cases without a match [Assignment]{4eefa9} at pgmProgram.wpgm:43 exhausted all cases without a match","stack":"Error: [Assignment]{4eefa9} at pgmProgram.wpgm:43 exhausted all cases without a match\n    at c:\\Users\\agust\\.vscode\\extensions\\uqbar.wollok-lsp-ide-0.5.3\\out\\server\\src\\server.js:38:6142\n    at D2 (c:\\Users\\agust\\.vscode\\extensions\\uqbar.wollok-lsp-ide-0.5.3\\out\\server\\src\\server.js:2384:42)\n    at Qh (c:\\Users\\agust\\.vscode\\extensions\\uqbar.wollok-lsp-ide-0.5.3\\out\\server\\src\\server.js:2384:1092)\n    at D2 (c:\\Users\\agust\\.vscode\\extensions\\uqbar.wollok-lsp-ide-0.5.3\\out\\server\\src\\server.js:2384:544)\n    at Qh (c:\\Users\\agust\\.vscode\\extensions\\uqbar.wollok-lsp-ide-0.5.3\\out\\server\\src\\server.js:2384:1092)\n    at k6n (c:\\Users\\agust\\.vscode\\extensions\\uqbar.wollok-lsp-ide-0.5.3\\out\\server\\src\\server.js:2384:1248)\n    at c:\\Users\\agust\\.vscode\\extensions\\uqbar.wollok-lsp-ide-0.5.3\\out\\server\\src\\server.js:38:6131\n    at D2 (c:\\Users\\agust\\.vscode\\extensions\\uqbar.wollok-lsp-ide-0.5.3\\out\\server\\src\\server.js:2384:42)\n    at c:\\Users\\agust\\.vscode\\extensions\\uqbar.wollok-lsp-ide-0.5.3\\out\\server\\src\\server.js:2384:2988\n    at c:\\Users\\agust\\.vscode\\extensions\\uqbar.wollok-lsp-ide-0.5.3\\out\\server\\src\\server.js:2393:8440","timestamp":"2025-09-13T14:51:03.124Z"}
{"level":"error","message":"✘ Completions for node Literal ([43:13, 43:22] - pgmProgram.wpgm) failed: Error: [Literal]{2e910c} at pgmProgram.wpgm:43 exhausted all cases without a match [Literal]{2e910c} at pgmProgram.wpgm:43 exhausted all cases without a match","stack":"Error: [Literal]{2e910c} at pgmProgram.wpgm:43 exhausted all cases without a match\n    at c:\\Users\\agust\\.vscode\\extensions\\uqbar.wollok-lsp-ide-0.5.3\\out\\server\\src\\server.js:38:6142\n    at D2 (c:\\Users\\agust\\.vscode\\extensions\\uqbar.wollok-lsp-ide-0.5.3\\out\\server\\src\\server.js:2384:42)\n    at Qh (c:\\Users\\agust\\.vscode\\extensions\\uqbar.wollok-lsp-ide-0.5.3\\out\\server\\src\\server.js:2384:1092)\n    at k6n (c:\\Users\\agust\\.vscode\\extensions\\uqbar.wollok-lsp-ide-0.5.3\\out\\server\\src\\server.js:2384:1248)\n    at c:\\Users\\agust\\.vscode\\extensions\\uqbar.wollok-lsp-ide-0.5.3\\out\\server\\src\\server.js:38:6131\n    at D2 (c:\\Users\\agust\\.vscode\\extensions\\uqbar.wollok-lsp-ide-0.5.3\\out\\server\\src\\server.js:2384:42)\n    at c:\\Users\\agust\\.vscode\\extensions\\uqbar.wollok-lsp-ide-0.5.3\\out\\server\\src\\server.js:2384:2988\n    at c:\\Users\\agust\\.vscode\\extensions\\uqbar.wollok-lsp-ide-0.5.3\\out\\server\\src\\server.js:2393:8440\n    at c:\\Users\\agust\\.vscode\\extensions\\uqbar.wollok-lsp-ide-0.5.3\\out\\server\\src\\server.js:37:74872\n    at Ye (c:\\Users\\agust\\.vscode\\extensions\\uqbar.wollok-lsp-ide-0.5.3\\out\\server\\src\\server.js:7:8527)","timestamp":"2025-09-13T14:51:03.386Z"}
{"level":"error","message":"✘ Completions for node Assignment ([43:3, 43:22] - pgmProgram.wpgm) failed: Error: [Assignment]{2e4479} at pgmProgram.wpgm:43 exhausted all cases without a match [Assignment]{2e4479} at pgmProgram.wpgm:43 exhausted all cases without a match","stack":"Error: [Assignment]{2e4479} at pgmProgram.wpgm:43 exhausted all cases without a match\n    at c:\\Users\\agust\\.vscode\\extensions\\uqbar.wollok-lsp-ide-0.5.3\\out\\server\\src\\server.js:38:6142\n    at D2 (c:\\Users\\agust\\.vscode\\extensions\\uqbar.wollok-lsp-ide-0.5.3\\out\\server\\src\\server.js:2384:42)\n    at Qh (c:\\Users\\agust\\.vscode\\extensions\\uqbar.wollok-lsp-ide-0.5.3\\out\\server\\src\\server.js:2384:1092)\n    at D2 (c:\\Users\\agust\\.vscode\\extensions\\uqbar.wollok-lsp-ide-0.5.3\\out\\server\\src\\server.js:2384:544)\n    at Qh (c:\\Users\\agust\\.vscode\\extensions\\uqbar.wollok-lsp-ide-0.5.3\\out\\server\\src\\server.js:2384:1092)\n    at k6n (c:\\Users\\agust\\.vscode\\extensions\\uqbar.wollok-lsp-ide-0.5.3\\out\\server\\src\\server.js:2384:1248)\n    at c:\\Users\\agust\\.vscode\\extensions\\uqbar.wollok-lsp-ide-0.5.3\\out\\server\\src\\server.js:38:6131\n    at D2 (c:\\Users\\agust\\.vscode\\extensions\\uqbar.wollok-lsp-ide-0.5.3\\out\\server\\src\\server.js:2384:42)\n    at c:\\Users\\agust\\.vscode\\extensions\\uqbar.wollok-lsp-ide-0.5.3\\out\\server\\src\\server.js:2384:2988\n    at c:\\Users\\agust\\.vscode\\extensions\\uqbar.wollok-lsp-ide-0.5.3\\out\\server\\src\\server.js:2393:8440","timestamp":"2025-09-13T14:51:03.386Z"}
{"level":"error","message":"✘ Completions for node Literal ([43:13, 43:24] - pgmProgram.wpgm) failed: Error: [Literal]{18b96b} at pgmProgram.wpgm:43 exhausted all cases without a match [Literal]{18b96b} at pgmProgram.wpgm:43 exhausted all cases without a match","stack":"Error: [Literal]{18b96b} at pgmProgram.wpgm:43 exhausted all cases without a match\n    at c:\\Users\\agust\\.vscode\\extensions\\uqbar.wollok-lsp-ide-0.5.3\\out\\server\\src\\server.js:38:6142\n    at D2 (c:\\Users\\agust\\.vscode\\extensions\\uqbar.wollok-lsp-ide-0.5.3\\out\\server\\src\\server.js:2384:42)\n    at Qh (c:\\Users\\agust\\.vscode\\extensions\\uqbar.wollok-lsp-ide-0.5.3\\out\\server\\src\\server.js:2384:1092)\n    at k6n (c:\\Users\\agust\\.vscode\\extensions\\uqbar.wollok-lsp-ide-0.5.3\\out\\server\\src\\server.js:2384:1248)\n    at c:\\Users\\agust\\.vscode\\extensions\\uqbar.wollok-lsp-ide-0.5.3\\out\\server\\src\\server.js:38:6131\n    at D2 (c:\\Users\\agust\\.vscode\\extensions\\uqbar.wollok-lsp-ide-0.5.3\\out\\server\\src\\server.js:2384:42)\n    at c:\\Users\\agust\\.vscode\\extensions\\uqbar.wollok-lsp-ide-0.5.3\\out\\server\\src\\server.js:2384:2988\n    at c:\\Users\\agust\\.vscode\\extensions\\uqbar.wollok-lsp-ide-0.5.3\\out\\server\\src\\server.js:2393:8440\n    at c:\\Users\\agust\\.vscode\\extensions\\uqbar.wollok-lsp-ide-0.5.3\\out\\server\\src\\server.js:37:74872\n    at Ye (c:\\Users\\agust\\.vscode\\extensions\\uqbar.wollok-lsp-ide-0.5.3\\out\\server\\src\\server.js:7:8527)","timestamp":"2025-09-13T14:51:03.769Z"}
{"level":"error","message":"✘ Completions for node Assignment ([43:3, 43:24] - pgmProgram.wpgm) failed: Error: [Assignment]{d15cc5} at pgmProgram.wpgm:43 exhausted all cases without a match [Assignment]{d15cc5} at pgmProgram.wpgm:43 exhausted all cases without a match","stack":"Error: [Assignment]{d15cc5} at pgmProgram.wpgm:43 exhausted all cases without a match\n    at c:\\Users\\agust\\.vscode\\extensions\\uqbar.wollok-lsp-ide-0.5.3\\out\\server\\src\\server.js:38:6142\n    at D2 (c:\\Users\\agust\\.vscode\\extensions\\uqbar.wollok-lsp-ide-0.5.3\\out\\server\\src\\server.js:2384:42)\n    at Qh (c:\\Users\\agust\\.vscode\\extensions\\uqbar.wollok-lsp-ide-0.5.3\\out\\server\\src\\server.js:2384:1092)\n    at D2 (c:\\Users\\agust\\.vscode\\extensions\\uqbar.wollok-lsp-ide-0.5.3\\out\\server\\src\\server.js:2384:544)\n    at Qh (c:\\Users\\agust\\.vscode\\extensions\\uqbar.wollok-lsp-ide-0.5.3\\out\\server\\src\\server.js:2384:1092)\n    at k6n (c:\\Users\\agust\\.vscode\\extensions\\uqbar.wollok-lsp-ide-0.5.3\\out\\server\\src\\server.js:2384:1248)\n    at c:\\Users\\agust\\.vscode\\extensions\\uqbar.wollok-lsp-ide-0.5.3\\out\\server\\src\\server.js:38:6131\n    at D2 (c:\\Users\\agust\\.vscode\\extensions\\uqbar.wollok-lsp-ide-0.5.3\\out\\server\\src\\server.js:2384:42)\n    at c:\\Users\\agust\\.vscode\\extensions\\uqbar.wollok-lsp-ide-0.5.3\\out\\server\\src\\server.js:2384:2988\n    at c:\\Users\\agust\\.vscode\\extensions\\uqbar.wollok-lsp-ide-0.5.3\\out\\server\\src\\server.js:2393:8440","timestamp":"2025-09-13T14:51:03.769Z"}
{"level":"error","message":"✘ Completions for node Literal ([43:13, 43:25] - pgmProgram.wpgm) failed: Error: [Literal]{fc6081} at pgmProgram.wpgm:43 exhausted all cases without a match [Literal]{fc6081} at pgmProgram.wpgm:43 exhausted all cases without a match","stack":"Error: [Literal]{fc6081} at pgmProgram.wpgm:43 exhausted all cases without a match\n    at c:\\Users\\agust\\.vscode\\extensions\\uqbar.wollok-lsp-ide-0.5.3\\out\\server\\src\\server.js:38:6142\n    at D2 (c:\\Users\\agust\\.vscode\\extensions\\uqbar.wollok-lsp-ide-0.5.3\\out\\server\\src\\server.js:2384:42)\n    at Qh (c:\\Users\\agust\\.vscode\\extensions\\uqbar.wollok-lsp-ide-0.5.3\\out\\server\\src\\server.js:2384:1092)\n    at k6n (c:\\Users\\agust\\.vscode\\extensions\\uqbar.wollok-lsp-ide-0.5.3\\out\\server\\src\\server.js:2384:1248)\n    at c:\\Users\\agust\\.vscode\\extensions\\uqbar.wollok-lsp-ide-0.5.3\\out\\server\\src\\server.js:38:6131\n    at D2 (c:\\Users\\agust\\.vscode\\extensions\\uqbar.wollok-lsp-ide-0.5.3\\out\\server\\src\\server.js:2384:42)\n    at c:\\Users\\agust\\.vscode\\extensions\\uqbar.wollok-lsp-ide-0.5.3\\out\\server\\src\\server.js:2384:2988\n    at c:\\Users\\agust\\.vscode\\extensions\\uqbar.wollok-lsp-ide-0.5.3\\out\\server\\src\\server.js:2393:8440\n    at c:\\Users\\agust\\.vscode\\extensions\\uqbar.wollok-lsp-ide-0.5.3\\out\\server\\src\\server.js:37:74872\n    at Ye (c:\\Users\\agust\\.vscode\\extensions\\uqbar.wollok-lsp-ide-0.5.3\\out\\server\\src\\server.js:7:8527)","timestamp":"2025-09-13T14:51:03.898Z"}
{"level":"error","message":"✘ Completions for node Assignment ([43:3, 43:25] - pgmProgram.wpgm) failed: Error: [Assignment]{bc95d7} at pgmProgram.wpgm:43 exhausted all cases without a match [Assignment]{bc95d7} at pgmProgram.wpgm:43 exhausted all cases without a match","stack":"Error: [Assignment]{bc95d7} at pgmProgram.wpgm:43 exhausted all cases without a match\n    at c:\\Users\\agust\\.vscode\\extensions\\uqbar.wollok-lsp-ide-0.5.3\\out\\server\\src\\server.js:38:6142\n    at D2 (c:\\Users\\agust\\.vscode\\extensions\\uqbar.wollok-lsp-ide-0.5.3\\out\\server\\src\\server.js:2384:42)\n    at Qh (c:\\Users\\agust\\.vscode\\extensions\\uqbar.wollok-lsp-ide-0.5.3\\out\\server\\src\\server.js:2384:1092)\n    at D2 (c:\\Users\\agust\\.vscode\\extensions\\uqbar.wollok-lsp-ide-0.5.3\\out\\server\\src\\server.js:2384:544)\n    at Qh (c:\\Users\\agust\\.vscode\\extensions\\uqbar.wollok-lsp-ide-0.5.3\\out\\server\\src\\server.js:2384:1092)\n    at k6n (c:\\Users\\agust\\.vscode\\extensions\\uqbar.wollok-lsp-ide-0.5.3\\out\\server\\src\\server.js:2384:1248)\n    at c:\\Users\\agust\\.vscode\\extensions\\uqbar.wollok-lsp-ide-0.5.3\\out\\server\\src\\server.js:38:6131\n    at D2 (c:\\Users\\agust\\.vscode\\extensions\\uqbar.wollok-lsp-ide-0.5.3\\out\\server\\src\\server.js:2384:42)\n    at c:\\Users\\agust\\.vscode\\extensions\\uqbar.wollok-lsp-ide-0.5.3\\out\\server\\src\\server.js:2384:2988\n    at c:\\Users\\agust\\.vscode\\extensions\\uqbar.wollok-lsp-ide-0.5.3\\out\\server\\src\\server.js:2393:8440","timestamp":"2025-09-13T14:51:03.898Z"}
{"level":"error","message":"✘ Completions for node Literal ([43:13, 43:26] - pgmProgram.wpgm) failed: Error: [Literal]{96d369} at pgmProgram.wpgm:43 exhausted all cases without a match [Literal]{96d369} at pgmProgram.wpgm:43 exhausted all cases without a match","stack":"Error: [Literal]{96d369} at pgmProgram.wpgm:43 exhausted all cases without a match\n    at c:\\Users\\agust\\.vscode\\extensions\\uqbar.wollok-lsp-ide-0.5.3\\out\\server\\src\\server.js:38:6142\n    at D2 (c:\\Users\\agust\\.vscode\\extensions\\uqbar.wollok-lsp-ide-0.5.3\\out\\server\\src\\server.js:2384:42)\n    at Qh (c:\\Users\\agust\\.vscode\\extensions\\uqbar.wollok-lsp-ide-0.5.3\\out\\server\\src\\server.js:2384:1092)\n    at k6n (c:\\Users\\agust\\.vscode\\extensions\\uqbar.wollok-lsp-ide-0.5.3\\out\\server\\src\\server.js:2384:1248)\n    at c:\\Users\\agust\\.vscode\\extensions\\uqbar.wollok-lsp-ide-0.5.3\\out\\server\\src\\server.js:38:6131\n    at D2 (c:\\Users\\agust\\.vscode\\extensions\\uqbar.wollok-lsp-ide-0.5.3\\out\\server\\src\\server.js:2384:42)\n    at c:\\Users\\agust\\.vscode\\extensions\\uqbar.wollok-lsp-ide-0.5.3\\out\\server\\src\\server.js:2384:2988\n    at c:\\Users\\agust\\.vscode\\extensions\\uqbar.wollok-lsp-ide-0.5.3\\out\\server\\src\\server.js:2393:8440\n    at c:\\Users\\agust\\.vscode\\extensions\\uqbar.wollok-lsp-ide-0.5.3\\out\\server\\src\\server.js:37:74872\n    at Ye (c:\\Users\\agust\\.vscode\\extensions\\uqbar.wollok-lsp-ide-0.5.3\\out\\server\\src\\server.js:7:8527)","timestamp":"2025-09-13T14:51:04.074Z"}
{"level":"error","message":"✘ Completions for node Assignment ([43:3, 43:26] - pgmProgram.wpgm) failed: Error: [Assignment]{f9d9d7} at pgmProgram.wpgm:43 exhausted all cases without a match [Assignment]{f9d9d7} at pgmProgram.wpgm:43 exhausted all cases without a match","stack":"Error: [Assignment]{f9d9d7} at pgmProgram.wpgm:43 exhausted all cases without a match\n    at c:\\Users\\agust\\.vscode\\extensions\\uqbar.wollok-lsp-ide-0.5.3\\out\\server\\src\\server.js:38:6142\n    at D2 (c:\\Users\\agust\\.vscode\\extensions\\uqbar.wollok-lsp-ide-0.5.3\\out\\server\\src\\server.js:2384:42)\n    at Qh (c:\\Users\\agust\\.vscode\\extensions\\uqbar.wollok-lsp-ide-0.5.3\\out\\server\\src\\server.js:2384:1092)\n    at D2 (c:\\Users\\agust\\.vscode\\extensions\\uqbar.wollok-lsp-ide-0.5.3\\out\\server\\src\\server.js:2384:544)\n    at Qh (c:\\Users\\agust\\.vscode\\extensions\\uqbar.wollok-lsp-ide-0.5.3\\out\\server\\src\\server.js:2384:1092)\n    at k6n (c:\\Users\\agust\\.vscode\\extensions\\uqbar.wollok-lsp-ide-0.5.3\\out\\server\\src\\server.js:2384:1248)\n    at c:\\Users\\agust\\.vscode\\extensions\\uqbar.wollok-lsp-ide-0.5.3\\out\\server\\src\\server.js:38:6131\n    at D2 (c:\\Users\\agust\\.vscode\\extensions\\uqbar.wollok-lsp-ide-0.5.3\\out\\server\\src\\server.js:2384:42)\n    at c:\\Users\\agust\\.vscode\\extensions\\uqbar.wollok-lsp-ide-0.5.3\\out\\server\\src\\server.js:2384:2988\n    at c:\\Users\\agust\\.vscode\\extensions\\uqbar.wollok-lsp-ide-0.5.3\\out\\server\\src\\server.js:2393:8440","timestamp":"2025-09-13T14:51:04.074Z"}
{"level":"error","message":"✘ Completions for node Literal ([43:13, 43:27] - pgmProgram.wpgm) failed: Error: [Literal]{c9e7be} at pgmProgram.wpgm:43 exhausted all cases without a match [Literal]{c9e7be} at pgmProgram.wpgm:43 exhausted all cases without a match","stack":"Error: [Literal]{c9e7be} at pgmProgram.wpgm:43 exhausted all cases without a match\n    at c:\\Users\\agust\\.vscode\\extensions\\uqbar.wollok-lsp-ide-0.5.3\\out\\server\\src\\server.js:38:6142\n    at D2 (c:\\Users\\agust\\.vscode\\extensions\\uqbar.wollok-lsp-ide-0.5.3\\out\\server\\src\\server.js:2384:42)\n    at Qh (c:\\Users\\agust\\.vscode\\extensions\\uqbar.wollok-lsp-ide-0.5.3\\out\\server\\src\\server.js:2384:1092)\n    at k6n (c:\\Users\\agust\\.vscode\\extensions\\uqbar.wollok-lsp-ide-0.5.3\\out\\server\\src\\server.js:2384:1248)\n    at c:\\Users\\agust\\.vscode\\extensions\\uqbar.wollok-lsp-ide-0.5.3\\out\\server\\src\\server.js:38:6131\n    at D2 (c:\\Users\\agust\\.vscode\\extensions\\uqbar.wollok-lsp-ide-0.5.3\\out\\server\\src\\server.js:2384:42)\n    at c:\\Users\\agust\\.vscode\\extensions\\uqbar.wollok-lsp-ide-0.5.3\\out\\server\\src\\server.js:2384:2988\n    at c:\\Users\\agust\\.vscode\\extensions\\uqbar.wollok-lsp-ide-0.5.3\\out\\server\\src\\server.js:2393:8440\n    at c:\\Users\\agust\\.vscode\\extensions\\uqbar.wollok-lsp-ide-0.5.3\\out\\server\\src\\server.js:37:74872\n    at Ye (c:\\Users\\agust\\.vscode\\extensions\\uqbar.wollok-lsp-ide-0.5.3\\out\\server\\src\\server.js:7:8527)","timestamp":"2025-09-13T14:51:04.219Z"}
{"level":"error","message":"✘ Completions for node Assignment ([43:3, 43:27] - pgmProgram.wpgm) failed: Error: [Assignment]{900732} at pgmProgram.wpgm:43 exhausted all cases without a match [Assignment]{900732} at pgmProgram.wpgm:43 exhausted all cases without a match","stack":"Error: [Assignment]{900732} at pgmProgram.wpgm:43 exhausted all cases without a match\n    at c:\\Users\\agust\\.vscode\\extensions\\uqbar.wollok-lsp-ide-0.5.3\\out\\server\\src\\server.js:38:6142\n    at D2 (c:\\Users\\agust\\.vscode\\extensions\\uqbar.wollok-lsp-ide-0.5.3\\out\\server\\src\\server.js:2384:42)\n    at Qh (c:\\Users\\agust\\.vscode\\extensions\\uqbar.wollok-lsp-ide-0.5.3\\out\\server\\src\\server.js:2384:1092)\n    at D2 (c:\\Users\\agust\\.vscode\\extensions\\uqbar.wollok-lsp-ide-0.5.3\\out\\server\\src\\server.js:2384:544)\n    at Qh (c:\\Users\\agust\\.vscode\\extensions\\uqbar.wollok-lsp-ide-0.5.3\\out\\server\\src\\server.js:2384:1092)\n    at k6n (c:\\Users\\agust\\.vscode\\extensions\\uqbar.wollok-lsp-ide-0.5.3\\out\\server\\src\\server.js:2384:1248)\n    at c:\\Users\\agust\\.vscode\\extensions\\uqbar.wollok-lsp-ide-0.5.3\\out\\server\\src\\server.js:38:6131\n    at D2 (c:\\Users\\agust\\.vscode\\extensions\\uqbar.wollok-lsp-ide-0.5.3\\out\\server\\src\\server.js:2384:42)\n    at c:\\Users\\agust\\.vscode\\extensions\\uqbar.wollok-lsp-ide-0.5.3\\out\\server\\src\\server.js:2384:2988\n    at c:\\Users\\agust\\.vscode\\extensions\\uqbar.wollok-lsp-ide-0.5.3\\out\\server\\src\\server.js:2393:8440","timestamp":"2025-09-13T14:51:04.219Z"}
{"level":"error","message":"✘ Completions for node Literal ([43:13, 43:30] - pgmProgram.wpgm) failed: Error: [Literal]{4daaf1} at pgmProgram.wpgm:43 exhausted all cases without a match [Literal]{4daaf1} at pgmProgram.wpgm:43 exhausted all cases without a match","stack":"Error: [Literal]{4daaf1} at pgmProgram.wpgm:43 exhausted all cases without a match\n    at c:\\Users\\agust\\.vscode\\extensions\\uqbar.wollok-lsp-ide-0.5.3\\out\\server\\src\\server.js:38:6142\n    at D2 (c:\\Users\\agust\\.vscode\\extensions\\uqbar.wollok-lsp-ide-0.5.3\\out\\server\\src\\server.js:2384:42)\n    at Qh (c:\\Users\\agust\\.vscode\\extensions\\uqbar.wollok-lsp-ide-0.5.3\\out\\server\\src\\server.js:2384:1092)\n    at k6n (c:\\Users\\agust\\.vscode\\extensions\\uqbar.wollok-lsp-ide-0.5.3\\out\\server\\src\\server.js:2384:1248)\n    at c:\\Users\\agust\\.vscode\\extensions\\uqbar.wollok-lsp-ide-0.5.3\\out\\server\\src\\server.js:38:6131\n    at D2 (c:\\Users\\agust\\.vscode\\extensions\\uqbar.wollok-lsp-ide-0.5.3\\out\\server\\src\\server.js:2384:42)\n    at c:\\Users\\agust\\.vscode\\extensions\\uqbar.wollok-lsp-ide-0.5.3\\out\\server\\src\\server.js:2384:2988\n    at c:\\Users\\agust\\.vscode\\extensions\\uqbar.wollok-lsp-ide-0.5.3\\out\\server\\src\\server.js:2393:8440\n    at c:\\Users\\agust\\.vscode\\extensions\\uqbar.wollok-lsp-ide-0.5.3\\out\\server\\src\\server.js:37:74872\n    at Ye (c:\\Users\\agust\\.vscode\\extensions\\uqbar.wollok-lsp-ide-0.5.3\\out\\server\\src\\server.js:7:8527)","timestamp":"2025-09-13T14:51:05.227Z"}
{"level":"error","message":"✘ Completions for node Assignment ([43:3, 43:30] - pgmProgram.wpgm) failed: Error: [Assignment]{50b2bc} at pgmProgram.wpgm:43 exhausted all cases without a match [Assignment]{50b2bc} at pgmProgram.wpgm:43 exhausted all cases without a match","stack":"Error: [Assignment]{50b2bc} at pgmProgram.wpgm:43 exhausted all cases without a match\n    at c:\\Users\\agust\\.vscode\\extensions\\uqbar.wollok-lsp-ide-0.5.3\\out\\server\\src\\server.js:38:6142\n    at D2 (c:\\Users\\agust\\.vscode\\extensions\\uqbar.wollok-lsp-ide-0.5.3\\out\\server\\src\\server.js:2384:42)\n    at Qh (c:\\Users\\agust\\.vscode\\extensions\\uqbar.wollok-lsp-ide-0.5.3\\out\\server\\src\\server.js:2384:1092)\n    at D2 (c:\\Users\\agust\\.vscode\\extensions\\uqbar.wollok-lsp-ide-0.5.3\\out\\server\\src\\server.js:2384:544)\n    at Qh (c:\\Users\\agust\\.vscode\\extensions\\uqbar.wollok-lsp-ide-0.5.3\\out\\server\\src\\server.js:2384:1092)\n    at k6n (c:\\Users\\agust\\.vscode\\extensions\\uqbar.wollok-lsp-ide-0.5.3\\out\\server\\src\\server.js:2384:1248)\n    at c:\\Users\\agust\\.vscode\\extensions\\uqbar.wollok-lsp-ide-0.5.3\\out\\server\\src\\server.js:38:6131\n    at D2 (c:\\Users\\agust\\.vscode\\extensions\\uqbar.wollok-lsp-ide-0.5.3\\out\\server\\src\\server.js:2384:42)\n    at c:\\Users\\agust\\.vscode\\extensions\\uqbar.wollok-lsp-ide-0.5.3\\out\\server\\src\\server.js:2384:2988\n    at c:\\Users\\agust\\.vscode\\extensions\\uqbar.wollok-lsp-ide-0.5.3\\out\\server\\src\\server.js:2393:8440","timestamp":"2025-09-13T14:51:05.228Z"}
{"level":"error","message":"✘ Completions for node Literal ([43:13, 43:31] - pgmProgram.wpgm) failed: Error: [Literal]{4a82bb} at pgmProgram.wpgm:43 exhausted all cases without a match [Literal]{4a82bb} at pgmProgram.wpgm:43 exhausted all cases without a match","stack":"Error: [Literal]{4a82bb} at pgmProgram.wpgm:43 exhausted all cases without a match\n    at c:\\Users\\agust\\.vscode\\extensions\\uqbar.wollok-lsp-ide-0.5.3\\out\\server\\src\\server.js:38:6142\n    at D2 (c:\\Users\\agust\\.vscode\\extensions\\uqbar.wollok-lsp-ide-0.5.3\\out\\server\\src\\server.js:2384:42)\n    at Qh (c:\\Users\\agust\\.vscode\\extensions\\uqbar.wollok-lsp-ide-0.5.3\\out\\server\\src\\server.js:2384:1092)\n    at k6n (c:\\Users\\agust\\.vscode\\extensions\\uqbar.wollok-lsp-ide-0.5.3\\out\\server\\src\\server.js:2384:1248)\n    at c:\\Users\\agust\\.vscode\\extensions\\uqbar.wollok-lsp-ide-0.5.3\\out\\server\\src\\server.js:38:6131\n    at D2 (c:\\Users\\agust\\.vscode\\extensions\\uqbar.wollok-lsp-ide-0.5.3\\out\\server\\src\\server.js:2384:42)\n    at c:\\Users\\agust\\.vscode\\extensions\\uqbar.wollok-lsp-ide-0.5.3\\out\\server\\src\\server.js:2384:2988\n    at c:\\Users\\agust\\.vscode\\extensions\\uqbar.wollok-lsp-ide-0.5.3\\out\\server\\src\\server.js:2393:8440\n    at c:\\Users\\agust\\.vscode\\extensions\\uqbar.wollok-lsp-ide-0.5.3\\out\\server\\src\\server.js:37:74872\n    at Ye (c:\\Users\\agust\\.vscode\\extensions\\uqbar.wollok-lsp-ide-0.5.3\\out\\server\\src\\server.js:7:8527)","timestamp":"2025-09-13T14:51:05.356Z"}
{"level":"error","message":"✘ Completions for node Assignment ([43:3, 43:31] - pgmProgram.wpgm) failed: Error: [Assignment]{ec85b8} at pgmProgram.wpgm:43 exhausted all cases without a match [Assignment]{ec85b8} at pgmProgram.wpgm:43 exhausted all cases without a match","stack":"Error: [Assignment]{ec85b8} at pgmProgram.wpgm:43 exhausted all cases without a match\n    at c:\\Users\\agust\\.vscode\\extensions\\uqbar.wollok-lsp-ide-0.5.3\\out\\server\\src\\server.js:38:6142\n    at D2 (c:\\Users\\agust\\.vscode\\extensions\\uqbar.wollok-lsp-ide-0.5.3\\out\\server\\src\\server.js:2384:42)\n    at Qh (c:\\Users\\agust\\.vscode\\extensions\\uqbar.wollok-lsp-ide-0.5.3\\out\\server\\src\\server.js:2384:1092)\n    at D2 (c:\\Users\\agust\\.vscode\\extensions\\uqbar.wollok-lsp-ide-0.5.3\\out\\server\\src\\server.js:2384:544)\n    at Qh (c:\\Users\\agust\\.vscode\\extensions\\uqbar.wollok-lsp-ide-0.5.3\\out\\server\\src\\server.js:2384:1092)\n    at k6n (c:\\Users\\agust\\.vscode\\extensions\\uqbar.wollok-lsp-ide-0.5.3\\out\\server\\src\\server.js:2384:1248)\n    at c:\\Users\\agust\\.vscode\\extensions\\uqbar.wollok-lsp-ide-0.5.3\\out\\server\\src\\server.js:38:6131\n    at D2 (c:\\Users\\agust\\.vscode\\extensions\\uqbar.wollok-lsp-ide-0.5.3\\out\\server\\src\\server.js:2384:42)\n    at c:\\Users\\agust\\.vscode\\extensions\\uqbar.wollok-lsp-ide-0.5.3\\out\\server\\src\\server.js:2384:2988\n    at c:\\Users\\agust\\.vscode\\extensions\\uqbar.wollok-lsp-ide-0.5.3\\out\\server\\src\\server.js:2393:8440","timestamp":"2025-09-13T14:51:05.357Z"}
{"level":"error","message":"✘ Completions for node Literal ([43:13, 43:33] - pgmProgram.wpgm) failed: Error: [Literal]{8293bd} at pgmProgram.wpgm:43 exhausted all cases without a match [Literal]{8293bd} at pgmProgram.wpgm:43 exhausted all cases without a match","stack":"Error: [Literal]{8293bd} at pgmProgram.wpgm:43 exhausted all cases without a match\n    at c:\\Users\\agust\\.vscode\\extensions\\uqbar.wollok-lsp-ide-0.5.3\\out\\server\\src\\server.js:38:6142\n    at D2 (c:\\Users\\agust\\.vscode\\extensions\\uqbar.wollok-lsp-ide-0.5.3\\out\\server\\src\\server.js:2384:42)\n    at Qh (c:\\Users\\agust\\.vscode\\extensions\\uqbar.wollok-lsp-ide-0.5.3\\out\\server\\src\\server.js:2384:1092)\n    at k6n (c:\\Users\\agust\\.vscode\\extensions\\uqbar.wollok-lsp-ide-0.5.3\\out\\server\\src\\server.js:2384:1248)\n    at c:\\Users\\agust\\.vscode\\extensions\\uqbar.wollok-lsp-ide-0.5.3\\out\\server\\src\\server.js:38:6131\n    at D2 (c:\\Users\\agust\\.vscode\\extensions\\uqbar.wollok-lsp-ide-0.5.3\\out\\server\\src\\server.js:2384:42)\n    at c:\\Users\\agust\\.vscode\\extensions\\uqbar.wollok-lsp-ide-0.5.3\\out\\server\\src\\server.js:2384:2988\n    at c:\\Users\\agust\\.vscode\\extensions\\uqbar.wollok-lsp-ide-0.5.3\\out\\server\\src\\server.js:2393:8440\n    at c:\\Users\\agust\\.vscode\\extensions\\uqbar.wollok-lsp-ide-0.5.3\\out\\server\\src\\server.js:37:74872\n    at Ye (c:\\Users\\agust\\.vscode\\extensions\\uqbar.wollok-lsp-ide-0.5.3\\out\\server\\src\\server.js:7:8527)","timestamp":"2025-09-13T14:51:05.558Z"}
{"level":"error","message":"✘ Completions for node Assignment ([43:3, 43:33] - pgmProgram.wpgm) failed: Error: [Assignment]{2a568d} at pgmProgram.wpgm:43 exhausted all cases without a match [Assignment]{2a568d} at pgmProgram.wpgm:43 exhausted all cases without a match","stack":"Error: [Assignment]{2a568d} at pgmProgram.wpgm:43 exhausted all cases without a match\n    at c:\\Users\\agust\\.vscode\\extensions\\uqbar.wollok-lsp-ide-0.5.3\\out\\server\\src\\server.js:38:6142\n    at D2 (c:\\Users\\agust\\.vscode\\extensions\\uqbar.wollok-lsp-ide-0.5.3\\out\\server\\src\\server.js:2384:42)\n    at Qh (c:\\Users\\agust\\.vscode\\extensions\\uqbar.wollok-lsp-ide-0.5.3\\out\\server\\src\\server.js:2384:1092)\n    at D2 (c:\\Users\\agust\\.vscode\\extensions\\uqbar.wollok-lsp-ide-0.5.3\\out\\server\\src\\server.js:2384:544)\n    at Qh (c:\\Users\\agust\\.vscode\\extensions\\uqbar.wollok-lsp-ide-0.5.3\\out\\server\\src\\server.js:2384:1092)\n    at k6n (c:\\Users\\agust\\.vscode\\extensions\\uqbar.wollok-lsp-ide-0.5.3\\out\\server\\src\\server.js:2384:1248)\n    at c:\\Users\\agust\\.vscode\\extensions\\uqbar.wollok-lsp-ide-0.5.3\\out\\server\\src\\server.js:38:6131\n    at D2 (c:\\Users\\agust\\.vscode\\extensions\\uqbar.wollok-lsp-ide-0.5.3\\out\\server\\src\\server.js:2384:42)\n    at c:\\Users\\agust\\.vscode\\extensions\\uqbar.wollok-lsp-ide-0.5.3\\out\\server\\src\\server.js:2384:2988\n    at c:\\Users\\agust\\.vscode\\extensions\\uqbar.wollok-lsp-ide-0.5.3\\out\\server\\src\\server.js:2393:8440","timestamp":"2025-09-13T14:51:05.558Z"}
{"level":"error","message":"✘ Completions for node Literal ([43:13, 43:35] - pgmProgram.wpgm) failed: Error: [Literal]{efc5f3} at pgmProgram.wpgm:43 exhausted all cases without a match [Literal]{efc5f3} at pgmProgram.wpgm:43 exhausted all cases without a match","stack":"Error: [Literal]{efc5f3} at pgmProgram.wpgm:43 exhausted all cases without a match\n    at c:\\Users\\agust\\.vscode\\extensions\\uqbar.wollok-lsp-ide-0.5.3\\out\\server\\src\\server.js:38:6142\n    at D2 (c:\\Users\\agust\\.vscode\\extensions\\uqbar.wollok-lsp-ide-0.5.3\\out\\server\\src\\server.js:2384:42)\n    at Qh (c:\\Users\\agust\\.vscode\\extensions\\uqbar.wollok-lsp-ide-0.5.3\\out\\server\\src\\server.js:2384:1092)\n    at k6n (c:\\Users\\agust\\.vscode\\extensions\\uqbar.wollok-lsp-ide-0.5.3\\out\\server\\src\\server.js:2384:1248)\n    at c:\\Users\\agust\\.vscode\\extensions\\uqbar.wollok-lsp-ide-0.5.3\\out\\server\\src\\server.js:38:6131\n    at D2 (c:\\Users\\agust\\.vscode\\extensions\\uqbar.wollok-lsp-ide-0.5.3\\out\\server\\src\\server.js:2384:42)\n    at c:\\Users\\agust\\.vscode\\extensions\\uqbar.wollok-lsp-ide-0.5.3\\out\\server\\src\\server.js:2384:2988\n    at c:\\Users\\agust\\.vscode\\extensions\\uqbar.wollok-lsp-ide-0.5.3\\out\\server\\src\\server.js:2393:8440\n    at c:\\Users\\agust\\.vscode\\extensions\\uqbar.wollok-lsp-ide-0.5.3\\out\\server\\src\\server.js:37:74872\n    at Ye (c:\\Users\\agust\\.vscode\\extensions\\uqbar.wollok-lsp-ide-0.5.3\\out\\server\\src\\server.js:7:8527)","timestamp":"2025-09-13T14:51:05.907Z"}
{"level":"error","message":"✘ Completions for node Assignment ([43:3, 43:35] - pgmProgram.wpgm) failed: Error: [Assignment]{fee875} at pgmProgram.wpgm:43 exhausted all cases without a match [Assignment]{fee875} at pgmProgram.wpgm:43 exhausted all cases without a match","stack":"Error: [Assignment]{fee875} at pgmProgram.wpgm:43 exhausted all cases without a match\n    at c:\\Users\\agust\\.vscode\\extensions\\uqbar.wollok-lsp-ide-0.5.3\\out\\server\\src\\server.js:38:6142\n    at D2 (c:\\Users\\agust\\.vscode\\extensions\\uqbar.wollok-lsp-ide-0.5.3\\out\\server\\src\\server.js:2384:42)\n    at Qh (c:\\Users\\agust\\.vscode\\extensions\\uqbar.wollok-lsp-ide-0.5.3\\out\\server\\src\\server.js:2384:1092)\n    at D2 (c:\\Users\\agust\\.vscode\\extensions\\uqbar.wollok-lsp-ide-0.5.3\\out\\server\\src\\server.js:2384:544)\n    at Qh (c:\\Users\\agust\\.vscode\\extensions\\uqbar.wollok-lsp-ide-0.5.3\\out\\server\\src\\server.js:2384:1092)\n    at k6n (c:\\Users\\agust\\.vscode\\extensions\\uqbar.wollok-lsp-ide-0.5.3\\out\\server\\src\\server.js:2384:1248)\n    at c:\\Users\\agust\\.vscode\\extensions\\uqbar.wollok-lsp-ide-0.5.3\\out\\server\\src\\server.js:38:6131\n    at D2 (c:\\Users\\agust\\.vscode\\extensions\\uqbar.wollok-lsp-ide-0.5.3\\out\\server\\src\\server.js:2384:42)\n    at c:\\Users\\agust\\.vscode\\extensions\\uqbar.wollok-lsp-ide-0.5.3\\out\\server\\src\\server.js:2384:2988\n    at c:\\Users\\agust\\.vscode\\extensions\\uqbar.wollok-lsp-ide-0.5.3\\out\\server\\src\\server.js:2393:8440","timestamp":"2025-09-13T14:51:05.908Z"}
{"level":"error","message":"✘ Completions for node Literal ([43:13, 43:36] - pgmProgram.wpgm) failed: Error: [Literal]{7e08e4} at pgmProgram.wpgm:43 exhausted all cases without a match [Literal]{7e08e4} at pgmProgram.wpgm:43 exhausted all cases without a match","stack":"Error: [Literal]{7e08e4} at pgmProgram.wpgm:43 exhausted all cases without a match\n    at c:\\Users\\agust\\.vscode\\extensions\\uqbar.wollok-lsp-ide-0.5.3\\out\\server\\src\\server.js:38:6142\n    at D2 (c:\\Users\\agust\\.vscode\\extensions\\uqbar.wollok-lsp-ide-0.5.3\\out\\server\\src\\server.js:2384:42)\n    at Qh (c:\\Users\\agust\\.vscode\\extensions\\uqbar.wollok-lsp-ide-0.5.3\\out\\server\\src\\server.js:2384:1092)\n    at k6n (c:\\Users\\agust\\.vscode\\extensions\\uqbar.wollok-lsp-ide-0.5.3\\out\\server\\src\\server.js:2384:1248)\n    at c:\\Users\\agust\\.vscode\\extensions\\uqbar.wollok-lsp-ide-0.5.3\\out\\server\\src\\server.js:38:6131\n    at D2 (c:\\Users\\agust\\.vscode\\extensions\\uqbar.wollok-lsp-ide-0.5.3\\out\\server\\src\\server.js:2384:42)\n    at c:\\Users\\agust\\.vscode\\extensions\\uqbar.wollok-lsp-ide-0.5.3\\out\\server\\src\\server.js:2384:2988\n    at c:\\Users\\agust\\.vscode\\extensions\\uqbar.wollok-lsp-ide-0.5.3\\out\\server\\src\\server.js:2393:8440\n    at c:\\Users\\agust\\.vscode\\extensions\\uqbar.wollok-lsp-ide-0.5.3\\out\\server\\src\\server.js:37:74872\n    at Ye (c:\\Users\\agust\\.vscode\\extensions\\uqbar.wollok-lsp-ide-0.5.3\\out\\server\\src\\server.js:7:8527)","timestamp":"2025-09-13T14:51:06.054Z"}
{"level":"error","message":"✘ Completions for node Assignment ([43:3, 43:36] - pgmProgram.wpgm) failed: Error: [Assignment]{1d5240} at pgmProgram.wpgm:43 exhausted all cases without a match [Assignment]{1d5240} at pgmProgram.wpgm:43 exhausted all cases without a match","stack":"Error: [Assignment]{1d5240} at pgmProgram.wpgm:43 exhausted all cases without a match\n    at c:\\Users\\agust\\.vscode\\extensions\\uqbar.wollok-lsp-ide-0.5.3\\out\\server\\src\\server.js:38:6142\n    at D2 (c:\\Users\\agust\\.vscode\\extensions\\uqbar.wollok-lsp-ide-0.5.3\\out\\server\\src\\server.js:2384:42)\n    at Qh (c:\\Users\\agust\\.vscode\\extensions\\uqbar.wollok-lsp-ide-0.5.3\\out\\server\\src\\server.js:2384:1092)\n    at D2 (c:\\Users\\agust\\.vscode\\extensions\\uqbar.wollok-lsp-ide-0.5.3\\out\\server\\src\\server.js:2384:544)\n    at Qh (c:\\Users\\agust\\.vscode\\extensions\\uqbar.wollok-lsp-ide-0.5.3\\out\\server\\src\\server.js:2384:1092)\n    at k6n (c:\\Users\\agust\\.vscode\\extensions\\uqbar.wollok-lsp-ide-0.5.3\\out\\server\\src\\server.js:2384:1248)\n    at c:\\Users\\agust\\.vscode\\extensions\\uqbar.wollok-lsp-ide-0.5.3\\out\\server\\src\\server.js:38:6131\n    at D2 (c:\\Users\\agust\\.vscode\\extensions\\uqbar.wollok-lsp-ide-0.5.3\\out\\server\\src\\server.js:2384:42)\n    at c:\\Users\\agust\\.vscode\\extensions\\uqbar.wollok-lsp-ide-0.5.3\\out\\server\\src\\server.js:2384:2988\n    at c:\\Users\\agust\\.vscode\\extensions\\uqbar.wollok-lsp-ide-0.5.3\\out\\server\\src\\server.js:2393:8440","timestamp":"2025-09-13T14:51:06.054Z"}
{"level":"error","message":"✘ Completions for node Literal ([43:13, 43:37] - pgmProgram.wpgm) failed: Error: [Literal]{9a5ffb} at pgmProgram.wpgm:43 exhausted all cases without a match [Literal]{9a5ffb} at pgmProgram.wpgm:43 exhausted all cases without a match","stack":"Error: [Literal]{9a5ffb} at pgmProgram.wpgm:43 exhausted all cases without a match\n    at c:\\Users\\agust\\.vscode\\extensions\\uqbar.wollok-lsp-ide-0.5.3\\out\\server\\src\\server.js:38:6142\n    at D2 (c:\\Users\\agust\\.vscode\\extensions\\uqbar.wollok-lsp-ide-0.5.3\\out\\server\\src\\server.js:2384:42)\n    at Qh (c:\\Users\\agust\\.vscode\\extensions\\uqbar.wollok-lsp-ide-0.5.3\\out\\server\\src\\server.js:2384:1092)\n    at k6n (c:\\Users\\agust\\.vscode\\extensions\\uqbar.wollok-lsp-ide-0.5.3\\out\\server\\src\\server.js:2384:1248)\n    at c:\\Users\\agust\\.vscode\\extensions\\uqbar.wollok-lsp-ide-0.5.3\\out\\server\\src\\server.js:38:6131\n    at D2 (c:\\Users\\agust\\.vscode\\extensions\\uqbar.wollok-lsp-ide-0.5.3\\out\\server\\src\\server.js:2384:42)\n    at c:\\Users\\agust\\.vscode\\extensions\\uqbar.wollok-lsp-ide-0.5.3\\out\\server\\src\\server.js:2384:2988\n    at c:\\Users\\agust\\.vscode\\extensions\\uqbar.wollok-lsp-ide-0.5.3\\out\\server\\src\\server.js:2393:8440\n    at c:\\Users\\agust\\.vscode\\extensions\\uqbar.wollok-lsp-ide-0.5.3\\out\\server\\src\\server.js:37:74872\n    at Ye (c:\\Users\\agust\\.vscode\\extensions\\uqbar.wollok-lsp-ide-0.5.3\\out\\server\\src\\server.js:7:8527)","timestamp":"2025-09-13T14:51:06.200Z"}
{"level":"error","message":"✘ Completions for node Assignment ([43:3, 43:37] - pgmProgram.wpgm) failed: Error: [Assignment]{c56330} at pgmProgram.wpgm:43 exhausted all cases without a match [Assignment]{c56330} at pgmProgram.wpgm:43 exhausted all cases without a match","stack":"Error: [Assignment]{c56330} at pgmProgram.wpgm:43 exhausted all cases without a match\n    at c:\\Users\\agust\\.vscode\\extensions\\uqbar.wollok-lsp-ide-0.5.3\\out\\server\\src\\server.js:38:6142\n    at D2 (c:\\Users\\agust\\.vscode\\extensions\\uqbar.wollok-lsp-ide-0.5.3\\out\\server\\src\\server.js:2384:42)\n    at Qh (c:\\Users\\agust\\.vscode\\extensions\\uqbar.wollok-lsp-ide-0.5.3\\out\\server\\src\\server.js:2384:1092)\n    at D2 (c:\\Users\\agust\\.vscode\\extensions\\uqbar.wollok-lsp-ide-0.5.3\\out\\server\\src\\server.js:2384:544)\n    at Qh (c:\\Users\\agust\\.vscode\\extensions\\uqbar.wollok-lsp-ide-0.5.3\\out\\server\\src\\server.js:2384:1092)\n    at k6n (c:\\Users\\agust\\.vscode\\extensions\\uqbar.wollok-lsp-ide-0.5.3\\out\\server\\src\\server.js:2384:1248)\n    at c:\\Users\\agust\\.vscode\\extensions\\uqbar.wollok-lsp-ide-0.5.3\\out\\server\\src\\server.js:38:6131\n    at D2 (c:\\Users\\agust\\.vscode\\extensions\\uqbar.wollok-lsp-ide-0.5.3\\out\\server\\src\\server.js:2384:42)\n    at c:\\Users\\agust\\.vscode\\extensions\\uqbar.wollok-lsp-ide-0.5.3\\out\\server\\src\\server.js:2384:2988\n    at c:\\Users\\agust\\.vscode\\extensions\\uqbar.wollok-lsp-ide-0.5.3\\out\\server\\src\\server.js:2393:8440","timestamp":"2025-09-13T14:51:06.200Z"}
{"level":"error","message":"✘ Completions for node Literal ([43:13, 43:38] - pgmProgram.wpgm) failed: Error: [Literal]{ef11d0} at pgmProgram.wpgm:43 exhausted all cases without a match [Literal]{ef11d0} at pgmProgram.wpgm:43 exhausted all cases without a match","stack":"Error: [Literal]{ef11d0} at pgmProgram.wpgm:43 exhausted all cases without a match\n    at c:\\Users\\agust\\.vscode\\extensions\\uqbar.wollok-lsp-ide-0.5.3\\out\\server\\src\\server.js:38:6142\n    at D2 (c:\\Users\\agust\\.vscode\\extensions\\uqbar.wollok-lsp-ide-0.5.3\\out\\server\\src\\server.js:2384:42)\n    at Qh (c:\\Users\\agust\\.vscode\\extensions\\uqbar.wollok-lsp-ide-0.5.3\\out\\server\\src\\server.js:2384:1092)\n    at k6n (c:\\Users\\agust\\.vscode\\extensions\\uqbar.wollok-lsp-ide-0.5.3\\out\\server\\src\\server.js:2384:1248)\n    at c:\\Users\\agust\\.vscode\\extensions\\uqbar.wollok-lsp-ide-0.5.3\\out\\server\\src\\server.js:38:6131\n    at D2 (c:\\Users\\agust\\.vscode\\extensions\\uqbar.wollok-lsp-ide-0.5.3\\out\\server\\src\\server.js:2384:42)\n    at c:\\Users\\agust\\.vscode\\extensions\\uqbar.wollok-lsp-ide-0.5.3\\out\\server\\src\\server.js:2384:2988\n    at c:\\Users\\agust\\.vscode\\extensions\\uqbar.wollok-lsp-ide-0.5.3\\out\\server\\src\\server.js:2393:8440\n    at c:\\Users\\agust\\.vscode\\extensions\\uqbar.wollok-lsp-ide-0.5.3\\out\\server\\src\\server.js:37:74872\n    at Ye (c:\\Users\\agust\\.vscode\\extensions\\uqbar.wollok-lsp-ide-0.5.3\\out\\server\\src\\server.js:7:8527)","timestamp":"2025-09-13T14:51:06.717Z"}
{"level":"error","message":"✘ Completions for node Assignment ([43:3, 43:38] - pgmProgram.wpgm) failed: Error: [Assignment]{a53972} at pgmProgram.wpgm:43 exhausted all cases without a match [Assignment]{a53972} at pgmProgram.wpgm:43 exhausted all cases without a match","stack":"Error: [Assignment]{a53972} at pgmProgram.wpgm:43 exhausted all cases without a match\n    at c:\\Users\\agust\\.vscode\\extensions\\uqbar.wollok-lsp-ide-0.5.3\\out\\server\\src\\server.js:38:6142\n    at D2 (c:\\Users\\agust\\.vscode\\extensions\\uqbar.wollok-lsp-ide-0.5.3\\out\\server\\src\\server.js:2384:42)\n    at Qh (c:\\Users\\agust\\.vscode\\extensions\\uqbar.wollok-lsp-ide-0.5.3\\out\\server\\src\\server.js:2384:1092)\n    at D2 (c:\\Users\\agust\\.vscode\\extensions\\uqbar.wollok-lsp-ide-0.5.3\\out\\server\\src\\server.js:2384:544)\n    at Qh (c:\\Users\\agust\\.vscode\\extensions\\uqbar.wollok-lsp-ide-0.5.3\\out\\server\\src\\server.js:2384:1092)\n    at k6n (c:\\Users\\agust\\.vscode\\extensions\\uqbar.wollok-lsp-ide-0.5.3\\out\\server\\src\\server.js:2384:1248)\n    at c:\\Users\\agust\\.vscode\\extensions\\uqbar.wollok-lsp-ide-0.5.3\\out\\server\\src\\server.js:38:6131\n    at D2 (c:\\Users\\agust\\.vscode\\extensions\\uqbar.wollok-lsp-ide-0.5.3\\out\\server\\src\\server.js:2384:42)\n    at c:\\Users\\agust\\.vscode\\extensions\\uqbar.wollok-lsp-ide-0.5.3\\out\\server\\src\\server.js:2384:2988\n    at c:\\Users\\agust\\.vscode\\extensions\\uqbar.wollok-lsp-ide-0.5.3\\out\\server\\src\\server.js:2393:8440","timestamp":"2025-09-13T14:51:06.717Z"}
{"level":"error","message":"✘ Completions for node Literal ([43:13, 43:39] - pgmProgram.wpgm) failed: Error: [Literal]{abead0} at pgmProgram.wpgm:43 exhausted all cases without a match [Literal]{abead0} at pgmProgram.wpgm:43 exhausted all cases without a match","stack":"Error: [Literal]{abead0} at pgmProgram.wpgm:43 exhausted all cases without a match\n    at c:\\Users\\agust\\.vscode\\extensions\\uqbar.wollok-lsp-ide-0.5.3\\out\\server\\src\\server.js:38:6142\n    at D2 (c:\\Users\\agust\\.vscode\\extensions\\uqbar.wollok-lsp-ide-0.5.3\\out\\server\\src\\server.js:2384:42)\n    at Qh (c:\\Users\\agust\\.vscode\\extensions\\uqbar.wollok-lsp-ide-0.5.3\\out\\server\\src\\server.js:2384:1092)\n    at k6n (c:\\Users\\agust\\.vscode\\extensions\\uqbar.wollok-lsp-ide-0.5.3\\out\\server\\src\\server.js:2384:1248)\n    at c:\\Users\\agust\\.vscode\\extensions\\uqbar.wollok-lsp-ide-0.5.3\\out\\server\\src\\server.js:38:6131\n    at D2 (c:\\Users\\agust\\.vscode\\extensions\\uqbar.wollok-lsp-ide-0.5.3\\out\\server\\src\\server.js:2384:42)\n    at c:\\Users\\agust\\.vscode\\extensions\\uqbar.wollok-lsp-ide-0.5.3\\out\\server\\src\\server.js:2384:2988\n    at c:\\Users\\agust\\.vscode\\extensions\\uqbar.wollok-lsp-ide-0.5.3\\out\\server\\src\\server.js:2393:8440\n    at c:\\Users\\agust\\.vscode\\extensions\\uqbar.wollok-lsp-ide-0.5.3\\out\\server\\src\\server.js:37:74872\n    at Ye (c:\\Users\\agust\\.vscode\\extensions\\uqbar.wollok-lsp-ide-0.5.3\\out\\server\\src\\server.js:7:8527)","timestamp":"2025-09-13T14:51:07.174Z"}
{"level":"error","message":"✘ Completions for node Assignment ([43:3, 43:39] - pgmProgram.wpgm) failed: Error: [Assignment]{98848e} at pgmProgram.wpgm:43 exhausted all cases without a match [Assignment]{98848e} at pgmProgram.wpgm:43 exhausted all cases without a match","stack":"Error: [Assignment]{98848e} at pgmProgram.wpgm:43 exhausted all cases without a match\n    at c:\\Users\\agust\\.vscode\\extensions\\uqbar.wollok-lsp-ide-0.5.3\\out\\server\\src\\server.js:38:6142\n    at D2 (c:\\Users\\agust\\.vscode\\extensions\\uqbar.wollok-lsp-ide-0.5.3\\out\\server\\src\\server.js:2384:42)\n    at Qh (c:\\Users\\agust\\.vscode\\extensions\\uqbar.wollok-lsp-ide-0.5.3\\out\\server\\src\\server.js:2384:1092)\n    at D2 (c:\\Users\\agust\\.vscode\\extensions\\uqbar.wollok-lsp-ide-0.5.3\\out\\server\\src\\server.js:2384:544)\n    at Qh (c:\\Users\\agust\\.vscode\\extensions\\uqbar.wollok-lsp-ide-0.5.3\\out\\server\\src\\server.js:2384:1092)\n    at k6n (c:\\Users\\agust\\.vscode\\extensions\\uqbar.wollok-lsp-ide-0.5.3\\out\\server\\src\\server.js:2384:1248)\n    at c:\\Users\\agust\\.vscode\\extensions\\uqbar.wollok-lsp-ide-0.5.3\\out\\server\\src\\server.js:38:6131\n    at D2 (c:\\Users\\agust\\.vscode\\extensions\\uqbar.wollok-lsp-ide-0.5.3\\out\\server\\src\\server.js:2384:42)\n    at c:\\Users\\agust\\.vscode\\extensions\\uqbar.wollok-lsp-ide-0.5.3\\out\\server\\src\\server.js:2384:2988\n    at c:\\Users\\agust\\.vscode\\extensions\\uqbar.wollok-lsp-ide-0.5.3\\out\\server\\src\\server.js:2393:8440","timestamp":"2025-09-13T14:51:07.174Z"}
{"level":"error","message":"✘ Completions for node Literal ([43:13, 43:38] - pgmProgram.wpgm) failed: Error: [Literal]{61f05f} at pgmProgram.wpgm:43 exhausted all cases without a match [Literal]{61f05f} at pgmProgram.wpgm:43 exhausted all cases without a match","stack":"Error: [Literal]{61f05f} at pgmProgram.wpgm:43 exhausted all cases without a match\n    at c:\\Users\\agust\\.vscode\\extensions\\uqbar.wollok-lsp-ide-0.5.3\\out\\server\\src\\server.js:38:6142\n    at D2 (c:\\Users\\agust\\.vscode\\extensions\\uqbar.wollok-lsp-ide-0.5.3\\out\\server\\src\\server.js:2384:42)\n    at Qh (c:\\Users\\agust\\.vscode\\extensions\\uqbar.wollok-lsp-ide-0.5.3\\out\\server\\src\\server.js:2384:1092)\n    at k6n (c:\\Users\\agust\\.vscode\\extensions\\uqbar.wollok-lsp-ide-0.5.3\\out\\server\\src\\server.js:2384:1248)\n    at c:\\Users\\agust\\.vscode\\extensions\\uqbar.wollok-lsp-ide-0.5.3\\out\\server\\src\\server.js:38:6131\n    at D2 (c:\\Users\\agust\\.vscode\\extensions\\uqbar.wollok-lsp-ide-0.5.3\\out\\server\\src\\server.js:2384:42)\n    at c:\\Users\\agust\\.vscode\\extensions\\uqbar.wollok-lsp-ide-0.5.3\\out\\server\\src\\server.js:2384:2988\n    at c:\\Users\\agust\\.vscode\\extensions\\uqbar.wollok-lsp-ide-0.5.3\\out\\server\\src\\server.js:2393:8440\n    at c:\\Users\\agust\\.vscode\\extensions\\uqbar.wollok-lsp-ide-0.5.3\\out\\server\\src\\server.js:37:74872\n    at Ye (c:\\Users\\agust\\.vscode\\extensions\\uqbar.wollok-lsp-ide-0.5.3\\out\\server\\src\\server.js:7:8527)","timestamp":"2025-09-13T14:51:07.618Z"}
{"level":"error","message":"✘ Completions for node Assignment ([43:3, 43:38] - pgmProgram.wpgm) failed: Error: [Assignment]{57f8cd} at pgmProgram.wpgm:43 exhausted all cases without a match [Assignment]{57f8cd} at pgmProgram.wpgm:43 exhausted all cases without a match","stack":"Error: [Assignment]{57f8cd} at pgmProgram.wpgm:43 exhausted all cases without a match\n    at c:\\Users\\agust\\.vscode\\extensions\\uqbar.wollok-lsp-ide-0.5.3\\out\\server\\src\\server.js:38:6142\n    at D2 (c:\\Users\\agust\\.vscode\\extensions\\uqbar.wollok-lsp-ide-0.5.3\\out\\server\\src\\server.js:2384:42)\n    at Qh (c:\\Users\\agust\\.vscode\\extensions\\uqbar.wollok-lsp-ide-0.5.3\\out\\server\\src\\server.js:2384:1092)\n    at D2 (c:\\Users\\agust\\.vscode\\extensions\\uqbar.wollok-lsp-ide-0.5.3\\out\\server\\src\\server.js:2384:544)\n    at Qh (c:\\Users\\agust\\.vscode\\extensions\\uqbar.wollok-lsp-ide-0.5.3\\out\\server\\src\\server.js:2384:1092)\n    at k6n (c:\\Users\\agust\\.vscode\\extensions\\uqbar.wollok-lsp-ide-0.5.3\\out\\server\\src\\server.js:2384:1248)\n    at c:\\Users\\agust\\.vscode\\extensions\\uqbar.wollok-lsp-ide-0.5.3\\out\\server\\src\\server.js:38:6131\n    at D2 (c:\\Users\\agust\\.vscode\\extensions\\uqbar.wollok-lsp-ide-0.5.3\\out\\server\\src\\server.js:2384:42)\n    at c:\\Users\\agust\\.vscode\\extensions\\uqbar.wollok-lsp-ide-0.5.3\\out\\server\\src\\server.js:2384:2988\n    at c:\\Users\\agust\\.vscode\\extensions\\uqbar.wollok-lsp-ide-0.5.3\\out\\server\\src\\server.js:2393:8440","timestamp":"2025-09-13T14:51:07.618Z"}
{"level":"error","message":"✘ Completions for node Literal ([43:13, 43:39] - pgmProgram.wpgm) failed: Error: [Literal]{279b0f} at pgmProgram.wpgm:43 exhausted all cases without a match [Literal]{279b0f} at pgmProgram.wpgm:43 exhausted all cases without a match","stack":"Error: [Literal]{279b0f} at pgmProgram.wpgm:43 exhausted all cases without a match\n    at c:\\Users\\agust\\.vscode\\extensions\\uqbar.wollok-lsp-ide-0.5.3\\out\\server\\src\\server.js:38:6142\n    at D2 (c:\\Users\\agust\\.vscode\\extensions\\uqbar.wollok-lsp-ide-0.5.3\\out\\server\\src\\server.js:2384:42)\n    at Qh (c:\\Users\\agust\\.vscode\\extensions\\uqbar.wollok-lsp-ide-0.5.3\\out\\server\\src\\server.js:2384:1092)\n    at k6n (c:\\Users\\agust\\.vscode\\extensions\\uqbar.wollok-lsp-ide-0.5.3\\out\\server\\src\\server.js:2384:1248)\n    at c:\\Users\\agust\\.vscode\\extensions\\uqbar.wollok-lsp-ide-0.5.3\\out\\server\\src\\server.js:38:6131\n    at D2 (c:\\Users\\agust\\.vscode\\extensions\\uqbar.wollok-lsp-ide-0.5.3\\out\\server\\src\\server.js:2384:42)\n    at c:\\Users\\agust\\.vscode\\extensions\\uqbar.wollok-lsp-ide-0.5.3\\out\\server\\src\\server.js:2384:2988\n    at c:\\Users\\agust\\.vscode\\extensions\\uqbar.wollok-lsp-ide-0.5.3\\out\\server\\src\\server.js:2393:8440\n    at c:\\Users\\agust\\.vscode\\extensions\\uqbar.wollok-lsp-ide-0.5.3\\out\\server\\src\\server.js:37:74872\n    at Ye (c:\\Users\\agust\\.vscode\\extensions\\uqbar.wollok-lsp-ide-0.5.3\\out\\server\\src\\server.js:7:8527)","timestamp":"2025-09-13T14:51:07.856Z"}
{"level":"error","message":"✘ Completions for node Assignment ([43:3, 43:39] - pgmProgram.wpgm) failed: Error: [Assignment]{2ede3b} at pgmProgram.wpgm:43 exhausted all cases without a match [Assignment]{2ede3b} at pgmProgram.wpgm:43 exhausted all cases without a match","stack":"Error: [Assignment]{2ede3b} at pgmProgram.wpgm:43 exhausted all cases without a match\n    at c:\\Users\\agust\\.vscode\\extensions\\uqbar.wollok-lsp-ide-0.5.3\\out\\server\\src\\server.js:38:6142\n    at D2 (c:\\Users\\agust\\.vscode\\extensions\\uqbar.wollok-lsp-ide-0.5.3\\out\\server\\src\\server.js:2384:42)\n    at Qh (c:\\Users\\agust\\.vscode\\extensions\\uqbar.wollok-lsp-ide-0.5.3\\out\\server\\src\\server.js:2384:1092)\n    at D2 (c:\\Users\\agust\\.vscode\\extensions\\uqbar.wollok-lsp-ide-0.5.3\\out\\server\\src\\server.js:2384:544)\n    at Qh (c:\\Users\\agust\\.vscode\\extensions\\uqbar.wollok-lsp-ide-0.5.3\\out\\server\\src\\server.js:2384:1092)\n    at k6n (c:\\Users\\agust\\.vscode\\extensions\\uqbar.wollok-lsp-ide-0.5.3\\out\\server\\src\\server.js:2384:1248)\n    at c:\\Users\\agust\\.vscode\\extensions\\uqbar.wollok-lsp-ide-0.5.3\\out\\server\\src\\server.js:38:6131\n    at D2 (c:\\Users\\agust\\.vscode\\extensions\\uqbar.wollok-lsp-ide-0.5.3\\out\\server\\src\\server.js:2384:42)\n    at c:\\Users\\agust\\.vscode\\extensions\\uqbar.wollok-lsp-ide-0.5.3\\out\\server\\src\\server.js:2384:2988\n    at c:\\Users\\agust\\.vscode\\extensions\\uqbar.wollok-lsp-ide-0.5.3\\out\\server\\src\\server.js:2393:8440","timestamp":"2025-09-13T14:51:07.857Z"}
{"level":"error","message":"✘ Completions for node Literal ([43:13, 43:41] - pgmProgram.wpgm) failed: Error: [Literal]{86a853} at pgmProgram.wpgm:43 exhausted all cases without a match [Literal]{86a853} at pgmProgram.wpgm:43 exhausted all cases without a match","stack":"Error: [Literal]{86a853} at pgmProgram.wpgm:43 exhausted all cases without a match\n    at c:\\Users\\agust\\.vscode\\extensions\\uqbar.wollok-lsp-ide-0.5.3\\out\\server\\src\\server.js:38:6142\n    at D2 (c:\\Users\\agust\\.vscode\\extensions\\uqbar.wollok-lsp-ide-0.5.3\\out\\server\\src\\server.js:2384:42)\n    at Qh (c:\\Users\\agust\\.vscode\\extensions\\uqbar.wollok-lsp-ide-0.5.3\\out\\server\\src\\server.js:2384:1092)\n    at k6n (c:\\Users\\agust\\.vscode\\extensions\\uqbar.wollok-lsp-ide-0.5.3\\out\\server\\src\\server.js:2384:1248)\n    at c:\\Users\\agust\\.vscode\\extensions\\uqbar.wollok-lsp-ide-0.5.3\\out\\server\\src\\server.js:38:6131\n    at D2 (c:\\Users\\agust\\.vscode\\extensions\\uqbar.wollok-lsp-ide-0.5.3\\out\\server\\src\\server.js:2384:42)\n    at c:\\Users\\agust\\.vscode\\extensions\\uqbar.wollok-lsp-ide-0.5.3\\out\\server\\src\\server.js:2384:2988\n    at c:\\Users\\agust\\.vscode\\extensions\\uqbar.wollok-lsp-ide-0.5.3\\out\\server\\src\\server.js:2393:8440\n    at c:\\Users\\agust\\.vscode\\extensions\\uqbar.wollok-lsp-ide-0.5.3\\out\\server\\src\\server.js:37:74872\n    at Ye (c:\\Users\\agust\\.vscode\\extensions\\uqbar.wollok-lsp-ide-0.5.3\\out\\server\\src\\server.js:7:8527)","timestamp":"2025-09-13T14:51:08.131Z"}
{"level":"error","message":"✘ Completions for node Assignment ([43:3, 43:41] - pgmProgram.wpgm) failed: Error: [Assignment]{fdb251} at pgmProgram.wpgm:43 exhausted all cases without a match [Assignment]{fdb251} at pgmProgram.wpgm:43 exhausted all cases without a match","stack":"Error: [Assignment]{fdb251} at pgmProgram.wpgm:43 exhausted all cases without a match\n    at c:\\Users\\agust\\.vscode\\extensions\\uqbar.wollok-lsp-ide-0.5.3\\out\\server\\src\\server.js:38:6142\n    at D2 (c:\\Users\\agust\\.vscode\\extensions\\uqbar.wollok-lsp-ide-0.5.3\\out\\server\\src\\server.js:2384:42)\n    at Qh (c:\\Users\\agust\\.vscode\\extensions\\uqbar.wollok-lsp-ide-0.5.3\\out\\server\\src\\server.js:2384:1092)\n    at D2 (c:\\Users\\agust\\.vscode\\extensions\\uqbar.wollok-lsp-ide-0.5.3\\out\\server\\src\\server.js:2384:544)\n    at Qh (c:\\Users\\agust\\.vscode\\extensions\\uqbar.wollok-lsp-ide-0.5.3\\out\\server\\src\\server.js:2384:1092)\n    at k6n (c:\\Users\\agust\\.vscode\\extensions\\uqbar.wollok-lsp-ide-0.5.3\\out\\server\\src\\server.js:2384:1248)\n    at c:\\Users\\agust\\.vscode\\extensions\\uqbar.wollok-lsp-ide-0.5.3\\out\\server\\src\\server.js:38:6131\n    at D2 (c:\\Users\\agust\\.vscode\\extensions\\uqbar.wollok-lsp-ide-0.5.3\\out\\server\\src\\server.js:2384:42)\n    at c:\\Users\\agust\\.vscode\\extensions\\uqbar.wollok-lsp-ide-0.5.3\\out\\server\\src\\server.js:2384:2988\n    at c:\\Users\\agust\\.vscode\\extensions\\uqbar.wollok-lsp-ide-0.5.3\\out\\server\\src\\server.js:2393:8440","timestamp":"2025-09-13T14:51:08.132Z"}
{"level":"error","message":"✘ Completions for node Literal ([43:13, 43:42] - pgmProgram.wpgm) failed: Error: [Literal]{1741d6} at pgmProgram.wpgm:43 exhausted all cases without a match [Literal]{1741d6} at pgmProgram.wpgm:43 exhausted all cases without a match","stack":"Error: [Literal]{1741d6} at pgmProgram.wpgm:43 exhausted all cases without a match\n    at c:\\Users\\agust\\.vscode\\extensions\\uqbar.wollok-lsp-ide-0.5.3\\out\\server\\src\\server.js:38:6142\n    at D2 (c:\\Users\\agust\\.vscode\\extensions\\uqbar.wollok-lsp-ide-0.5.3\\out\\server\\src\\server.js:2384:42)\n    at Qh (c:\\Users\\agust\\.vscode\\extensions\\uqbar.wollok-lsp-ide-0.5.3\\out\\server\\src\\server.js:2384:1092)\n    at k6n (c:\\Users\\agust\\.vscode\\extensions\\uqbar.wollok-lsp-ide-0.5.3\\out\\server\\src\\server.js:2384:1248)\n    at c:\\Users\\agust\\.vscode\\extensions\\uqbar.wollok-lsp-ide-0.5.3\\out\\server\\src\\server.js:38:6131\n    at D2 (c:\\Users\\agust\\.vscode\\extensions\\uqbar.wollok-lsp-ide-0.5.3\\out\\server\\src\\server.js:2384:42)\n    at c:\\Users\\agust\\.vscode\\extensions\\uqbar.wollok-lsp-ide-0.5.3\\out\\server\\src\\server.js:2384:2988\n    at c:\\Users\\agust\\.vscode\\extensions\\uqbar.wollok-lsp-ide-0.5.3\\out\\server\\src\\server.js:2393:8440\n    at c:\\Users\\agust\\.vscode\\extensions\\uqbar.wollok-lsp-ide-0.5.3\\out\\server\\src\\server.js:37:74872\n    at Ye (c:\\Users\\agust\\.vscode\\extensions\\uqbar.wollok-lsp-ide-0.5.3\\out\\server\\src\\server.js:7:8527)","timestamp":"2025-09-13T14:51:08.256Z"}
{"level":"error","message":"✘ Completions for node Assignment ([43:3, 43:42] - pgmProgram.wpgm) failed: Error: [Assignment]{1fbaf7} at pgmProgram.wpgm:43 exhausted all cases without a match [Assignment]{1fbaf7} at pgmProgram.wpgm:43 exhausted all cases without a match","stack":"Error: [Assignment]{1fbaf7} at pgmProgram.wpgm:43 exhausted all cases without a match\n    at c:\\Users\\agust\\.vscode\\extensions\\uqbar.wollok-lsp-ide-0.5.3\\out\\server\\src\\server.js:38:6142\n    at D2 (c:\\Users\\agust\\.vscode\\extensions\\uqbar.wollok-lsp-ide-0.5.3\\out\\server\\src\\server.js:2384:42)\n    at Qh (c:\\Users\\agust\\.vscode\\extensions\\uqbar.wollok-lsp-ide-0.5.3\\out\\server\\src\\server.js:2384:1092)\n    at D2 (c:\\Users\\agust\\.vscode\\extensions\\uqbar.wollok-lsp-ide-0.5.3\\out\\server\\src\\server.js:2384:544)\n    at Qh (c:\\Users\\agust\\.vscode\\extensions\\uqbar.wollok-lsp-ide-0.5.3\\out\\server\\src\\server.js:2384:1092)\n    at k6n (c:\\Users\\agust\\.vscode\\extensions\\uqbar.wollok-lsp-ide-0.5.3\\out\\server\\src\\server.js:2384:1248)\n    at c:\\Users\\agust\\.vscode\\extensions\\uqbar.wollok-lsp-ide-0.5.3\\out\\server\\src\\server.js:38:6131\n    at D2 (c:\\Users\\agust\\.vscode\\extensions\\uqbar.wollok-lsp-ide-0.5.3\\out\\server\\src\\server.js:2384:42)\n    at c:\\Users\\agust\\.vscode\\extensions\\uqbar.wollok-lsp-ide-0.5.3\\out\\server\\src\\server.js:2384:2988\n    at c:\\Users\\agust\\.vscode\\extensions\\uqbar.wollok-lsp-ide-0.5.3\\out\\server\\src\\server.js:2393:8440","timestamp":"2025-09-13T14:51:08.256Z"}
{"level":"error","message":"✘ Completions for node Literal ([43:13, 43:40] - pgmProgram.wpgm) failed: Error: [Literal]{9bbb10} at pgmProgram.wpgm:43 exhausted all cases without a match [Literal]{9bbb10} at pgmProgram.wpgm:43 exhausted all cases without a match","stack":"Error: [Literal]{9bbb10} at pgmProgram.wpgm:43 exhausted all cases without a match\n    at c:\\Users\\agust\\.vscode\\extensions\\uqbar.wollok-lsp-ide-0.5.3\\out\\server\\src\\server.js:38:6142\n    at D2 (c:\\Users\\agust\\.vscode\\extensions\\uqbar.wollok-lsp-ide-0.5.3\\out\\server\\src\\server.js:2384:42)\n    at Qh (c:\\Users\\agust\\.vscode\\extensions\\uqbar.wollok-lsp-ide-0.5.3\\out\\server\\src\\server.js:2384:1092)\n    at k6n (c:\\Users\\agust\\.vscode\\extensions\\uqbar.wollok-lsp-ide-0.5.3\\out\\server\\src\\server.js:2384:1248)\n    at c:\\Users\\agust\\.vscode\\extensions\\uqbar.wollok-lsp-ide-0.5.3\\out\\server\\src\\server.js:38:6131\n    at D2 (c:\\Users\\agust\\.vscode\\extensions\\uqbar.wollok-lsp-ide-0.5.3\\out\\server\\src\\server.js:2384:42)\n    at c:\\Users\\agust\\.vscode\\extensions\\uqbar.wollok-lsp-ide-0.5.3\\out\\server\\src\\server.js:2384:2988\n    at c:\\Users\\agust\\.vscode\\extensions\\uqbar.wollok-lsp-ide-0.5.3\\out\\server\\src\\server.js:2393:8440\n    at c:\\Users\\agust\\.vscode\\extensions\\uqbar.wollok-lsp-ide-0.5.3\\out\\server\\src\\server.js:37:74872\n    at Ye (c:\\Users\\agust\\.vscode\\extensions\\uqbar.wollok-lsp-ide-0.5.3\\out\\server\\src\\server.js:7:8527)","timestamp":"2025-09-13T14:51:08.887Z"}
{"level":"error","message":"✘ Completions for node Assignment ([43:3, 43:40] - pgmProgram.wpgm) failed: Error: [Assignment]{572889} at pgmProgram.wpgm:43 exhausted all cases without a match [Assignment]{572889} at pgmProgram.wpgm:43 exhausted all cases without a match","stack":"Error: [Assignment]{572889} at pgmProgram.wpgm:43 exhausted all cases without a match\n    at c:\\Users\\agust\\.vscode\\extensions\\uqbar.wollok-lsp-ide-0.5.3\\out\\server\\src\\server.js:38:6142\n    at D2 (c:\\Users\\agust\\.vscode\\extensions\\uqbar.wollok-lsp-ide-0.5.3\\out\\server\\src\\server.js:2384:42)\n    at Qh (c:\\Users\\agust\\.vscode\\extensions\\uqbar.wollok-lsp-ide-0.5.3\\out\\server\\src\\server.js:2384:1092)\n    at D2 (c:\\Users\\agust\\.vscode\\extensions\\uqbar.wollok-lsp-ide-0.5.3\\out\\server\\src\\server.js:2384:544)\n    at Qh (c:\\Users\\agust\\.vscode\\extensions\\uqbar.wollok-lsp-ide-0.5.3\\out\\server\\src\\server.js:2384:1092)\n    at k6n (c:\\Users\\agust\\.vscode\\extensions\\uqbar.wollok-lsp-ide-0.5.3\\out\\server\\src\\server.js:2384:1248)\n    at c:\\Users\\agust\\.vscode\\extensions\\uqbar.wollok-lsp-ide-0.5.3\\out\\server\\src\\server.js:38:6131\n    at D2 (c:\\Users\\agust\\.vscode\\extensions\\uqbar.wollok-lsp-ide-0.5.3\\out\\server\\src\\server.js:2384:42)\n    at c:\\Users\\agust\\.vscode\\extensions\\uqbar.wollok-lsp-ide-0.5.3\\out\\server\\src\\server.js:2384:2988\n    at c:\\Users\\agust\\.vscode\\extensions\\uqbar.wollok-lsp-ide-0.5.3\\out\\server\\src\\server.js:2393:8440","timestamp":"2025-09-13T14:51:08.888Z"}
{"level":"error","message":"✘ Completions for node Literal ([43:13, 43:41] - pgmProgram.wpgm) failed: Error: [Literal]{8308d3} at pgmProgram.wpgm:43 exhausted all cases without a match [Literal]{8308d3} at pgmProgram.wpgm:43 exhausted all cases without a match","stack":"Error: [Literal]{8308d3} at pgmProgram.wpgm:43 exhausted all cases without a match\n    at c:\\Users\\agust\\.vscode\\extensions\\uqbar.wollok-lsp-ide-0.5.3\\out\\server\\src\\server.js:38:6142\n    at D2 (c:\\Users\\agust\\.vscode\\extensions\\uqbar.wollok-lsp-ide-0.5.3\\out\\server\\src\\server.js:2384:42)\n    at Qh (c:\\Users\\agust\\.vscode\\extensions\\uqbar.wollok-lsp-ide-0.5.3\\out\\server\\src\\server.js:2384:1092)\n    at k6n (c:\\Users\\agust\\.vscode\\extensions\\uqbar.wollok-lsp-ide-0.5.3\\out\\server\\src\\server.js:2384:1248)\n    at c:\\Users\\agust\\.vscode\\extensions\\uqbar.wollok-lsp-ide-0.5.3\\out\\server\\src\\server.js:38:6131\n    at D2 (c:\\Users\\agust\\.vscode\\extensions\\uqbar.wollok-lsp-ide-0.5.3\\out\\server\\src\\server.js:2384:42)\n    at c:\\Users\\agust\\.vscode\\extensions\\uqbar.wollok-lsp-ide-0.5.3\\out\\server\\src\\server.js:2384:2988\n    at c:\\Users\\agust\\.vscode\\extensions\\uqbar.wollok-lsp-ide-0.5.3\\out\\server\\src\\server.js:2393:8440\n    at c:\\Users\\agust\\.vscode\\extensions\\uqbar.wollok-lsp-ide-0.5.3\\out\\server\\src\\server.js:37:74872\n    at Ye (c:\\Users\\agust\\.vscode\\extensions\\uqbar.wollok-lsp-ide-0.5.3\\out\\server\\src\\server.js:7:8527)","timestamp":"2025-09-13T14:51:09.036Z"}
{"level":"error","message":"✘ Completions for node Assignment ([43:3, 43:41] - pgmProgram.wpgm) failed: Error: [Assignment]{b1e405} at pgmProgram.wpgm:43 exhausted all cases without a match [Assignment]{b1e405} at pgmProgram.wpgm:43 exhausted all cases without a match","stack":"Error: [Assignment]{b1e405} at pgmProgram.wpgm:43 exhausted all cases without a match\n    at c:\\Users\\agust\\.vscode\\extensions\\uqbar.wollok-lsp-ide-0.5.3\\out\\server\\src\\server.js:38:6142\n    at D2 (c:\\Users\\agust\\.vscode\\extensions\\uqbar.wollok-lsp-ide-0.5.3\\out\\server\\src\\server.js:2384:42)\n    at Qh (c:\\Users\\agust\\.vscode\\extensions\\uqbar.wollok-lsp-ide-0.5.3\\out\\server\\src\\server.js:2384:1092)\n    at D2 (c:\\Users\\agust\\.vscode\\extensions\\uqbar.wollok-lsp-ide-0.5.3\\out\\server\\src\\server.js:2384:544)\n    at Qh (c:\\Users\\agust\\.vscode\\extensions\\uqbar.wollok-lsp-ide-0.5.3\\out\\server\\src\\server.js:2384:1092)\n    at k6n (c:\\Users\\agust\\.vscode\\extensions\\uqbar.wollok-lsp-ide-0.5.3\\out\\server\\src\\server.js:2384:1248)\n    at c:\\Users\\agust\\.vscode\\extensions\\uqbar.wollok-lsp-ide-0.5.3\\out\\server\\src\\server.js:38:6131\n    at D2 (c:\\Users\\agust\\.vscode\\extensions\\uqbar.wollok-lsp-ide-0.5.3\\out\\server\\src\\server.js:2384:42)\n    at c:\\Users\\agust\\.vscode\\extensions\\uqbar.wollok-lsp-ide-0.5.3\\out\\server\\src\\server.js:2384:2988\n    at c:\\Users\\agust\\.vscode\\extensions\\uqbar.wollok-lsp-ide-0.5.3\\out\\server\\src\\server.js:2393:8440","timestamp":"2025-09-13T14:51:09.037Z"}
{"level":"error","message":"✘ Completions for node Literal ([43:13, 43:40] - pgmProgram.wpgm) failed: Error: [Literal]{ec5a26} at pgmProgram.wpgm:43 exhausted all cases without a match [Literal]{ec5a26} at pgmProgram.wpgm:43 exhausted all cases without a match","stack":"Error: [Literal]{ec5a26} at pgmProgram.wpgm:43 exhausted all cases without a match\n    at c:\\Users\\agust\\.vscode\\extensions\\uqbar.wollok-lsp-ide-0.5.3\\out\\server\\src\\server.js:38:6142\n    at D2 (c:\\Users\\agust\\.vscode\\extensions\\uqbar.wollok-lsp-ide-0.5.3\\out\\server\\src\\server.js:2384:42)\n    at Qh (c:\\Users\\agust\\.vscode\\extensions\\uqbar.wollok-lsp-ide-0.5.3\\out\\server\\src\\server.js:2384:1092)\n    at k6n (c:\\Users\\agust\\.vscode\\extensions\\uqbar.wollok-lsp-ide-0.5.3\\out\\server\\src\\server.js:2384:1248)\n    at c:\\Users\\agust\\.vscode\\extensions\\uqbar.wollok-lsp-ide-0.5.3\\out\\server\\src\\server.js:38:6131\n    at D2 (c:\\Users\\agust\\.vscode\\extensions\\uqbar.wollok-lsp-ide-0.5.3\\out\\server\\src\\server.js:2384:42)\n    at c:\\Users\\agust\\.vscode\\extensions\\uqbar.wollok-lsp-ide-0.5.3\\out\\server\\src\\server.js:2384:2988\n    at c:\\Users\\agust\\.vscode\\extensions\\uqbar.wollok-lsp-ide-0.5.3\\out\\server\\src\\server.js:2393:8440\n    at c:\\Users\\agust\\.vscode\\extensions\\uqbar.wollok-lsp-ide-0.5.3\\out\\server\\src\\server.js:37:74872\n    at Ye (c:\\Users\\agust\\.vscode\\extensions\\uqbar.wollok-lsp-ide-0.5.3\\out\\server\\src\\server.js:7:8527)","timestamp":"2025-09-13T14:51:09.581Z"}
{"level":"error","message":"✘ Completions for node Assignment ([43:3, 43:40] - pgmProgram.wpgm) failed: Error: [Assignment]{b25384} at pgmProgram.wpgm:43 exhausted all cases without a match [Assignment]{b25384} at pgmProgram.wpgm:43 exhausted all cases without a match","stack":"Error: [Assignment]{b25384} at pgmProgram.wpgm:43 exhausted all cases without a match\n    at c:\\Users\\agust\\.vscode\\extensions\\uqbar.wollok-lsp-ide-0.5.3\\out\\server\\src\\server.js:38:6142\n    at D2 (c:\\Users\\agust\\.vscode\\extensions\\uqbar.wollok-lsp-ide-0.5.3\\out\\server\\src\\server.js:2384:42)\n    at Qh (c:\\Users\\agust\\.vscode\\extensions\\uqbar.wollok-lsp-ide-0.5.3\\out\\server\\src\\server.js:2384:1092)\n    at D2 (c:\\Users\\agust\\.vscode\\extensions\\uqbar.wollok-lsp-ide-0.5.3\\out\\server\\src\\server.js:2384:544)\n    at Qh (c:\\Users\\agust\\.vscode\\extensions\\uqbar.wollok-lsp-ide-0.5.3\\out\\server\\src\\server.js:2384:1092)\n    at k6n (c:\\Users\\agust\\.vscode\\extensions\\uqbar.wollok-lsp-ide-0.5.3\\out\\server\\src\\server.js:2384:1248)\n    at c:\\Users\\agust\\.vscode\\extensions\\uqbar.wollok-lsp-ide-0.5.3\\out\\server\\src\\server.js:38:6131\n    at D2 (c:\\Users\\agust\\.vscode\\extensions\\uqbar.wollok-lsp-ide-0.5.3\\out\\server\\src\\server.js:2384:42)\n    at c:\\Users\\agust\\.vscode\\extensions\\uqbar.wollok-lsp-ide-0.5.3\\out\\server\\src\\server.js:2384:2988\n    at c:\\Users\\agust\\.vscode\\extensions\\uqbar.wollok-lsp-ide-0.5.3\\out\\server\\src\\server.js:2393:8440","timestamp":"2025-09-13T14:51:09.581Z"}
{"level":"error","message":"✘ Completions for node Literal ([43:13, 43:41] - pgmProgram.wpgm) failed: Error: [Literal]{70ed9b} at pgmProgram.wpgm:43 exhausted all cases without a match [Literal]{70ed9b} at pgmProgram.wpgm:43 exhausted all cases without a match","stack":"Error: [Literal]{70ed9b} at pgmProgram.wpgm:43 exhausted all cases without a match\n    at c:\\Users\\agust\\.vscode\\extensions\\uqbar.wollok-lsp-ide-0.5.3\\out\\server\\src\\server.js:38:6142\n    at D2 (c:\\Users\\agust\\.vscode\\extensions\\uqbar.wollok-lsp-ide-0.5.3\\out\\server\\src\\server.js:2384:42)\n    at Qh (c:\\Users\\agust\\.vscode\\extensions\\uqbar.wollok-lsp-ide-0.5.3\\out\\server\\src\\server.js:2384:1092)\n    at k6n (c:\\Users\\agust\\.vscode\\extensions\\uqbar.wollok-lsp-ide-0.5.3\\out\\server\\src\\server.js:2384:1248)\n    at c:\\Users\\agust\\.vscode\\extensions\\uqbar.wollok-lsp-ide-0.5.3\\out\\server\\src\\server.js:38:6131\n    at D2 (c:\\Users\\agust\\.vscode\\extensions\\uqbar.wollok-lsp-ide-0.5.3\\out\\server\\src\\server.js:2384:42)\n    at c:\\Users\\agust\\.vscode\\extensions\\uqbar.wollok-lsp-ide-0.5.3\\out\\server\\src\\server.js:2384:2988\n    at c:\\Users\\agust\\.vscode\\extensions\\uqbar.wollok-lsp-ide-0.5.3\\out\\server\\src\\server.js:2393:8440\n    at c:\\Users\\agust\\.vscode\\extensions\\uqbar.wollok-lsp-ide-0.5.3\\out\\server\\src\\server.js:37:74872\n    at Ye (c:\\Users\\agust\\.vscode\\extensions\\uqbar.wollok-lsp-ide-0.5.3\\out\\server\\src\\server.js:7:8527)","timestamp":"2025-09-13T14:51:09.795Z"}
{"level":"error","message":"✘ Completions for node Assignment ([43:3, 43:41] - pgmProgram.wpgm) failed: Error: [Assignment]{11d8ec} at pgmProgram.wpgm:43 exhausted all cases without a match [Assignment]{11d8ec} at pgmProgram.wpgm:43 exhausted all cases without a match","stack":"Error: [Assignment]{11d8ec} at pgmProgram.wpgm:43 exhausted all cases without a match\n    at c:\\Users\\agust\\.vscode\\extensions\\uqbar.wollok-lsp-ide-0.5.3\\out\\server\\src\\server.js:38:6142\n    at D2 (c:\\Users\\agust\\.vscode\\extensions\\uqbar.wollok-lsp-ide-0.5.3\\out\\server\\src\\server.js:2384:42)\n    at Qh (c:\\Users\\agust\\.vscode\\extensions\\uqbar.wollok-lsp-ide-0.5.3\\out\\server\\src\\server.js:2384:1092)\n    at D2 (c:\\Users\\agust\\.vscode\\extensions\\uqbar.wollok-lsp-ide-0.5.3\\out\\server\\src\\server.js:2384:544)\n    at Qh (c:\\Users\\agust\\.vscode\\extensions\\uqbar.wollok-lsp-ide-0.5.3\\out\\server\\src\\server.js:2384:1092)\n    at k6n (c:\\Users\\agust\\.vscode\\extensions\\uqbar.wollok-lsp-ide-0.5.3\\out\\server\\src\\server.js:2384:1248)\n    at c:\\Users\\agust\\.vscode\\extensions\\uqbar.wollok-lsp-ide-0.5.3\\out\\server\\src\\server.js:38:6131\n    at D2 (c:\\Users\\agust\\.vscode\\extensions\\uqbar.wollok-lsp-ide-0.5.3\\out\\server\\src\\server.js:2384:42)\n    at c:\\Users\\agust\\.vscode\\extensions\\uqbar.wollok-lsp-ide-0.5.3\\out\\server\\src\\server.js:2384:2988\n    at c:\\Users\\agust\\.vscode\\extensions\\uqbar.wollok-lsp-ide-0.5.3\\out\\server\\src\\server.js:2393:8440","timestamp":"2025-09-13T14:51:09.795Z"}
{"level":"error","message":"✘ Completions for node Assignment ([43:3, 43:42] - pgmProgram.wpgm) failed: Error: [Assignment]{e3bc1c} at pgmProgram.wpgm:43 exhausted all cases without a match [Assignment]{e3bc1c} at pgmProgram.wpgm:43 exhausted all cases without a match","stack":"Error: [Assignment]{e3bc1c} at pgmProgram.wpgm:43 exhausted all cases without a match\n    at c:\\Users\\agust\\.vscode\\extensions\\uqbar.wollok-lsp-ide-0.5.3\\out\\server\\src\\server.js:38:6142\n    at D2 (c:\\Users\\agust\\.vscode\\extensions\\uqbar.wollok-lsp-ide-0.5.3\\out\\server\\src\\server.js:2384:42)\n    at Qh (c:\\Users\\agust\\.vscode\\extensions\\uqbar.wollok-lsp-ide-0.5.3\\out\\server\\src\\server.js:2384:1092)\n    at k6n (c:\\Users\\agust\\.vscode\\extensions\\uqbar.wollok-lsp-ide-0.5.3\\out\\server\\src\\server.js:2384:1248)\n    at c:\\Users\\agust\\.vscode\\extensions\\uqbar.wollok-lsp-ide-0.5.3\\out\\server\\src\\server.js:38:6131\n    at D2 (c:\\Users\\agust\\.vscode\\extensions\\uqbar.wollok-lsp-ide-0.5.3\\out\\server\\src\\server.js:2384:42)\n    at c:\\Users\\agust\\.vscode\\extensions\\uqbar.wollok-lsp-ide-0.5.3\\out\\server\\src\\server.js:2384:2988\n    at c:\\Users\\agust\\.vscode\\extensions\\uqbar.wollok-lsp-ide-0.5.3\\out\\server\\src\\server.js:2393:8440\n    at c:\\Users\\agust\\.vscode\\extensions\\uqbar.wollok-lsp-ide-0.5.3\\out\\server\\src\\server.js:37:74872\n    at Ye (c:\\Users\\agust\\.vscode\\extensions\\uqbar.wollok-lsp-ide-0.5.3\\out\\server\\src\\server.js:7:8527)","timestamp":"2025-09-13T14:51:18.181Z"}
{"errors":{"errors":[null,["/*\r","rivales.forEach { rival => \r","game.addVisual(rival)\r","game.whenCollideDo(rival, { personaje =>\r","personaje.perderVida()\r","game.say(pacman, \"Ups! Perdí una vida\")\r","if (personaje.juegoTerminado()) {\r","game.say(pacman, \"Se me terminaron las vidas!!!\")\r","game.onTick(5000, \"gameEnd\", { game.stop() })\r","}\r","})\r"]]},"level":"error","message":"✘ Failed to get type description: Error: {\n  \"errors\": [\n    null,\n    [\n      \"/*\\r\",\n      \"rivales.forEach { rival => \\r\",\n      \"game.addVisual(rival)\\r\",\n      \"game.whenCollideDo(rival, { personaje =>\\r\",\n      \"personaje.perderVida()\\r\",\n      \"game.say(pacman, \\\"Ups! Perdí una vida\\\")\\r\",\n      \"if (personaje.juegoTerminado()) {\\r\",\n      \"game.say(pacman, \\\"Se me terminaron las vidas!!!\\\")\\r\",\n      \"game.onTick(5000, \\\"gameEnd\\\", { game.stop() })\\r\",\n      \"}\\r\",\n      \"})\\r\"\n    ]\n  ]\n} {\n  \"errors\": [\n    null,\n    [\n      \"/*\\r\",\n      \"rivales.forEach { rival => \\r\",\n      \"game.addVisual(rival)\\r\",\n      \"game.whenCollideDo(rival, { personaje =>\\r\",\n      \"personaje.perderVida()\\r\",\n      \"game.say(pacman, \\\"Ups! Perdí una vida\\\")\\r\",\n      \"if (personaje.juegoTerminado()) {\\r\",\n      \"game.say(pacman, \\\"Se me terminaron las vidas!!!\\\")\\r\",\n      \"game.onTick(5000, \\\"gameEnd\\\", { game.stop() })\\r\",\n      \"}\\r\",\n      \"})\\r\"\n    ]\n  ]\n}","stack":"Error: {\n  \"errors\": [\n    null,\n    [\n      \"/*\\r\",\n      \"rivales.forEach { rival => \\r\",\n      \"game.addVisual(rival)\\r\",\n      \"game.whenCollideDo(rival, { personaje =>\\r\",\n      \"personaje.perderVida()\\r\",\n      \"game.say(pacman, \\\"Ups! Perdí una vida\\\")\\r\",\n      \"if (personaje.juegoTerminado()) {\\r\",\n      \"game.say(pacman, \\\"Se me terminaron las vidas!!!\\\")\\r\",\n      \"game.onTick(5000, \\\"gameEnd\\\", { game.stop() })\\r\",\n      \"}\\r\",\n      \"})\\r\"\n    ]\n  ]\n}\n    at aS (c:\\Users\\agust\\.vscode\\extensions\\uqbar.wollok-lsp-ide-0.5.3\\out\\server\\src\\server.js:64:34609)\n    at K1 (c:\\Users\\agust\\.vscode\\extensions\\uqbar.wollok-lsp-ide-0.5.3\\out\\server\\src\\server.js:64:34682)\n    at c:\\Users\\agust\\.vscode\\extensions\\uqbar.wollok-lsp-ide-0.5.3\\out\\server\\src\\server.js:64:37949\n    at o.g1 (c:\\Users\\agust\\.vscode\\extensions\\uqbar.wollok-lsp-ide-0.5.3\\out\\server\\src\\server.js:57:58803)\n    at c:\\Users\\agust\\.vscode\\extensions\\uqbar.wollok-lsp-ide-0.5.3\\out\\server\\src\\server.js:64:37918\n    at c:\\Users\\agust\\.vscode\\extensions\\uqbar.wollok-lsp-ide-0.5.3\\out\\server\\src\\server.js:57:56843\n    at Dfn (c:\\Users\\agust\\.vscode\\extensions\\uqbar.wollok-lsp-ide-0.5.3\\out\\server\\src\\server.js:68:11324)\n    at c:\\Users\\agust\\.vscode\\extensions\\uqbar.wollok-lsp-ide-0.5.3\\out\\server\\src\\server.js:68:3629\n    at r4 (c:\\Users\\agust\\.vscode\\extensions\\uqbar.wollok-lsp-ide-0.5.3\\out\\server\\src\\server.js:68:9866)\n    at c:\\Users\\agust\\.vscode\\extensions\\uqbar.wollok-lsp-ide-0.5.3\\out\\server\\src\\server.js:68:9628","timestamp":"2025-09-13T14:51:36.080Z"}
{"errors":{"errors":[null,["/*\r","rivales.forEach { rival => \r","game.addVisual(rival)\r","game.whenCollideDo(rival, { personaje =>\r","personaje.perderVida()\r","game.say(pacman, \"Ups! Perdí una vida\")\r","if (personaje.juegoTerminado()) {\r","game.say(pacman, \"Se me terminaron las vidas!!!\")\r","game.onTick(5000, \"gameEnd\", { game.stop() })\r","}\r","})\r"]]},"level":"error","message":"✘ Failed to get type description: Error: {\n  \"errors\": [\n    null,\n    [\n      \"/*\\r\",\n      \"rivales.forEach { rival => \\r\",\n      \"game.addVisual(rival)\\r\",\n      \"game.whenCollideDo(rival, { personaje =>\\r\",\n      \"personaje.perderVida()\\r\",\n      \"game.say(pacman, \\\"Ups! Perdí una vida\\\")\\r\",\n      \"if (personaje.juegoTerminado()) {\\r\",\n      \"game.say(pacman, \\\"Se me terminaron las vidas!!!\\\")\\r\",\n      \"game.onTick(5000, \\\"gameEnd\\\", { game.stop() })\\r\",\n      \"}\\r\",\n      \"})\\r\"\n    ]\n  ]\n} {\n  \"errors\": [\n    null,\n    [\n      \"/*\\r\",\n      \"rivales.forEach { rival => \\r\",\n      \"game.addVisual(rival)\\r\",\n      \"game.whenCollideDo(rival, { personaje =>\\r\",\n      \"personaje.perderVida()\\r\",\n      \"game.say(pacman, \\\"Ups! Perdí una vida\\\")\\r\",\n      \"if (personaje.juegoTerminado()) {\\r\",\n      \"game.say(pacman, \\\"Se me terminaron las vidas!!!\\\")\\r\",\n      \"game.onTick(5000, \\\"gameEnd\\\", { game.stop() })\\r\",\n      \"}\\r\",\n      \"})\\r\"\n    ]\n  ]\n}","stack":"Error: {\n  \"errors\": [\n    null,\n    [\n      \"/*\\r\",\n      \"rivales.forEach { rival => \\r\",\n      \"game.addVisual(rival)\\r\",\n      \"game.whenCollideDo(rival, { personaje =>\\r\",\n      \"personaje.perderVida()\\r\",\n      \"game.say(pacman, \\\"Ups! Perdí una vida\\\")\\r\",\n      \"if (personaje.juegoTerminado()) {\\r\",\n      \"game.say(pacman, \\\"Se me terminaron las vidas!!!\\\")\\r\",\n      \"game.onTick(5000, \\\"gameEnd\\\", { game.stop() })\\r\",\n      \"}\\r\",\n      \"})\\r\"\n    ]\n  ]\n}\n    at aS (c:\\Users\\agust\\.vscode\\extensions\\uqbar.wollok-lsp-ide-0.5.3\\out\\server\\src\\server.js:64:34609)\n    at K1 (c:\\Users\\agust\\.vscode\\extensions\\uqbar.wollok-lsp-ide-0.5.3\\out\\server\\src\\server.js:64:34682)\n    at c:\\Users\\agust\\.vscode\\extensions\\uqbar.wollok-lsp-ide-0.5.3\\out\\server\\src\\server.js:64:37949\n    at o.g1 (c:\\Users\\agust\\.vscode\\extensions\\uqbar.wollok-lsp-ide-0.5.3\\out\\server\\src\\server.js:57:58803)\n    at c:\\Users\\agust\\.vscode\\extensions\\uqbar.wollok-lsp-ide-0.5.3\\out\\server\\src\\server.js:64:37918\n    at c:\\Users\\agust\\.vscode\\extensions\\uqbar.wollok-lsp-ide-0.5.3\\out\\server\\src\\server.js:57:56843\n    at Dfn (c:\\Users\\agust\\.vscode\\extensions\\uqbar.wollok-lsp-ide-0.5.3\\out\\server\\src\\server.js:68:11324)\n    at c:\\Users\\agust\\.vscode\\extensions\\uqbar.wollok-lsp-ide-0.5.3\\out\\server\\src\\server.js:68:3629\n    at r4 (c:\\Users\\agust\\.vscode\\extensions\\uqbar.wollok-lsp-ide-0.5.3\\out\\server\\src\\server.js:68:9866)\n    at c:\\Users\\agust\\.vscode\\extensions\\uqbar.wollok-lsp-ide-0.5.3\\out\\server\\src\\server.js:68:9628","timestamp":"2025-09-13T14:51:37.034Z"}
{"level":"error","message":"✘ Completions for node Return (undefined - pgmProgram.wpgm) failed: Error: [Return]{cd5c15} at pgmProgram.wpgm:-- exhausted all cases without a match [Return]{cd5c15} at pgmProgram.wpgm:-- exhausted all cases without a match","stack":"Error: [Return]{cd5c15} at pgmProgram.wpgm:-- exhausted all cases without a match\n    at c:\\Users\\agust\\.vscode\\extensions\\uqbar.wollok-lsp-ide-0.5.3\\out\\server\\src\\server.js:38:6142\n    at D2 (c:\\Users\\agust\\.vscode\\extensions\\uqbar.wollok-lsp-ide-0.5.3\\out\\server\\src\\server.js:2384:42)\n    at Qh (c:\\Users\\agust\\.vscode\\extensions\\uqbar.wollok-lsp-ide-0.5.3\\out\\server\\src\\server.js:2384:1092)\n    at k6n (c:\\Users\\agust\\.vscode\\extensions\\uqbar.wollok-lsp-ide-0.5.3\\out\\server\\src\\server.js:2384:1248)\n    at c:\\Users\\agust\\.vscode\\extensions\\uqbar.wollok-lsp-ide-0.5.3\\out\\server\\src\\server.js:38:6131\n    at D2 (c:\\Users\\agust\\.vscode\\extensions\\uqbar.wollok-lsp-ide-0.5.3\\out\\server\\src\\server.js:2384:42)\n    at c:\\Users\\agust\\.vscode\\extensions\\uqbar.wollok-lsp-ide-0.5.3\\out\\server\\src\\server.js:2384:2988\n    at c:\\Users\\agust\\.vscode\\extensions\\uqbar.wollok-lsp-ide-0.5.3\\out\\server\\src\\server.js:2393:8440\n    at c:\\Users\\agust\\.vscode\\extensions\\uqbar.wollok-lsp-ide-0.5.3\\out\\server\\src\\server.js:37:74872\n    at Ye (c:\\Users\\agust\\.vscode\\extensions\\uqbar.wollok-lsp-ide-0.5.3\\out\\server\\src\\server.js:7:8527)","timestamp":"2025-09-13T14:51:48.312Z"}
{"level":"error","message":"✘ Completions for node Return (undefined - pgmProgram.wpgm) failed: Error: [Return]{5772c8} at pgmProgram.wpgm:-- exhausted all cases without a match [Return]{5772c8} at pgmProgram.wpgm:-- exhausted all cases without a match","stack":"Error: [Return]{5772c8} at pgmProgram.wpgm:-- exhausted all cases without a match\n    at c:\\Users\\agust\\.vscode\\extensions\\uqbar.wollok-lsp-ide-0.5.3\\out\\server\\src\\server.js:38:6142\n    at D2 (c:\\Users\\agust\\.vscode\\extensions\\uqbar.wollok-lsp-ide-0.5.3\\out\\server\\src\\server.js:2384:42)\n    at Qh (c:\\Users\\agust\\.vscode\\extensions\\uqbar.wollok-lsp-ide-0.5.3\\out\\server\\src\\server.js:2384:1092)\n    at k6n (c:\\Users\\agust\\.vscode\\extensions\\uqbar.wollok-lsp-ide-0.5.3\\out\\server\\src\\server.js:2384:1248)\n    at c:\\Users\\agust\\.vscode\\extensions\\uqbar.wollok-lsp-ide-0.5.3\\out\\server\\src\\server.js:38:6131\n    at D2 (c:\\Users\\agust\\.vscode\\extensions\\uqbar.wollok-lsp-ide-0.5.3\\out\\server\\src\\server.js:2384:42)\n    at c:\\Users\\agust\\.vscode\\extensions\\uqbar.wollok-lsp-ide-0.5.3\\out\\server\\src\\server.js:2384:2988\n    at c:\\Users\\agust\\.vscode\\extensions\\uqbar.wollok-lsp-ide-0.5.3\\out\\server\\src\\server.js:2393:8440\n    at c:\\Users\\agust\\.vscode\\extensions\\uqbar.wollok-lsp-ide-0.5.3\\out\\server\\src\\server.js:37:74872\n    at Ye (c:\\Users\\agust\\.vscode\\extensions\\uqbar.wollok-lsp-ide-0.5.3\\out\\server\\src\\server.js:7:8527)","timestamp":"2025-09-13T14:51:50.447Z"}
{"level":"error","message":"✘ Completions for node Return (undefined - pgmProgram.wpgm) failed: Error: [Return]{dcbdf7} at pgmProgram.wpgm:-- exhausted all cases without a match [Return]{dcbdf7} at pgmProgram.wpgm:-- exhausted all cases without a match","stack":"Error: [Return]{dcbdf7} at pgmProgram.wpgm:-- exhausted all cases without a match\n    at c:\\Users\\agust\\.vscode\\extensions\\uqbar.wollok-lsp-ide-0.5.3\\out\\server\\src\\server.js:38:6142\n    at D2 (c:\\Users\\agust\\.vscode\\extensions\\uqbar.wollok-lsp-ide-0.5.3\\out\\server\\src\\server.js:2384:42)\n    at Qh (c:\\Users\\agust\\.vscode\\extensions\\uqbar.wollok-lsp-ide-0.5.3\\out\\server\\src\\server.js:2384:1092)\n    at k6n (c:\\Users\\agust\\.vscode\\extensions\\uqbar.wollok-lsp-ide-0.5.3\\out\\server\\src\\server.js:2384:1248)\n    at c:\\Users\\agust\\.vscode\\extensions\\uqbar.wollok-lsp-ide-0.5.3\\out\\server\\src\\server.js:38:6131\n    at D2 (c:\\Users\\agust\\.vscode\\extensions\\uqbar.wollok-lsp-ide-0.5.3\\out\\server\\src\\server.js:2384:42)\n    at c:\\Users\\agust\\.vscode\\extensions\\uqbar.wollok-lsp-ide-0.5.3\\out\\server\\src\\server.js:2384:2988\n    at c:\\Users\\agust\\.vscode\\extensions\\uqbar.wollok-lsp-ide-0.5.3\\out\\server\\src\\server.js:2393:8440\n    at c:\\Users\\agust\\.vscode\\extensions\\uqbar.wollok-lsp-ide-0.5.3\\out\\server\\src\\server.js:37:74872\n    at Ye (c:\\Users\\agust\\.vscode\\extensions\\uqbar.wollok-lsp-ide-0.5.3\\out\\server\\src\\server.js:7:8527)","timestamp":"2025-09-13T14:51:54.491Z"}
{"level":"error","message":"✘ Completions for node Send ([54:14, 54:43] - pgmProgram.wpgm) failed: Error: [Send]{9a4956} at pgmProgram.wpgm:54 exhausted all cases without a match [Send]{9a4956} at pgmProgram.wpgm:54 exhausted all cases without a match","stack":"Error: [Send]{9a4956} at pgmProgram.wpgm:54 exhausted all cases without a match\n    at c:\\Users\\agust\\.vscode\\extensions\\uqbar.wollok-lsp-ide-0.5.3\\out\\server\\src\\server.js:38:6142\n    at D2 (c:\\Users\\agust\\.vscode\\extensions\\uqbar.wollok-lsp-ide-0.5.3\\out\\server\\src\\server.js:2384:42)\n    at Qh (c:\\Users\\agust\\.vscode\\extensions\\uqbar.wollok-lsp-ide-0.5.3\\out\\server\\src\\server.js:2384:1092)\n    at k6n (c:\\Users\\agust\\.vscode\\extensions\\uqbar.wollok-lsp-ide-0.5.3\\out\\server\\src\\server.js:2384:1248)\n    at c:\\Users\\agust\\.vscode\\extensions\\uqbar.wollok-lsp-ide-0.5.3\\out\\server\\src\\server.js:38:6131\n    at D2 (c:\\Users\\agust\\.vscode\\extensions\\uqbar.wollok-lsp-ide-0.5.3\\out\\server\\src\\server.js:2384:42)\n    at c:\\Users\\agust\\.vscode\\extensions\\uqbar.wollok-lsp-ide-0.5.3\\out\\server\\src\\server.js:2384:2988\n    at c:\\Users\\agust\\.vscode\\extensions\\uqbar.wollok-lsp-ide-0.5.3\\out\\server\\src\\server.js:2393:8440\n    at c:\\Users\\agust\\.vscode\\extensions\\uqbar.wollok-lsp-ide-0.5.3\\out\\server\\src\\server.js:37:74872\n    at Ye (c:\\Users\\agust\\.vscode\\extensions\\uqbar.wollok-lsp-ide-0.5.3\\out\\server\\src\\server.js:7:8527)","timestamp":"2025-09-13T14:52:01.816Z"}
{"level":"error","message":"✘ Completions for node Return (undefined - pgmProgram.wpgm) failed: Error: [Return]{dfc4b2} at pgmProgram.wpgm:-- exhausted all cases without a match [Return]{dfc4b2} at pgmProgram.wpgm:-- exhausted all cases without a match","stack":"Error: [Return]{dfc4b2} at pgmProgram.wpgm:-- exhausted all cases without a match\n    at c:\\Users\\agust\\.vscode\\extensions\\uqbar.wollok-lsp-ide-0.5.3\\out\\server\\src\\server.js:38:6142\n    at D2 (c:\\Users\\agust\\.vscode\\extensions\\uqbar.wollok-lsp-ide-0.5.3\\out\\server\\src\\server.js:2384:42)\n    at Qh (c:\\Users\\agust\\.vscode\\extensions\\uqbar.wollok-lsp-ide-0.5.3\\out\\server\\src\\server.js:2384:1092)\n    at D2 (c:\\Users\\agust\\.vscode\\extensions\\uqbar.wollok-lsp-ide-0.5.3\\out\\server\\src\\server.js:2384:544)\n    at Qh (c:\\Users\\agust\\.vscode\\extensions\\uqbar.wollok-lsp-ide-0.5.3\\out\\server\\src\\server.js:2384:1092)\n    at k6n (c:\\Users\\agust\\.vscode\\extensions\\uqbar.wollok-lsp-ide-0.5.3\\out\\server\\src\\server.js:2384:1248)\n    at c:\\Users\\agust\\.vscode\\extensions\\uqbar.wollok-lsp-ide-0.5.3\\out\\server\\src\\server.js:38:6131\n    at D2 (c:\\Users\\agust\\.vscode\\extensions\\uqbar.wollok-lsp-ide-0.5.3\\out\\server\\src\\server.js:2384:42)\n    at c:\\Users\\agust\\.vscode\\extensions\\uqbar.wollok-lsp-ide-0.5.3\\out\\server\\src\\server.js:2384:2988\n    at c:\\Users\\agust\\.vscode\\extensions\\uqbar.wollok-lsp-ide-0.5.3\\out\\server\\src\\server.js:2393:8440","timestamp":"2025-09-13T14:52:01.816Z"}
{"level":"error","message":"✘ Failed to rebuild document Failed to parse pgmProgram.wpgm: \n-- PARSING FAILED --------------------------------------------------\n\n  52 |       }\n  53 |     })\n> 54 |   })\n     |   ^\n  55 | \n  56 | \t\n\nExpected one of the following: \n\n'@', 'class', 'const', 'describe', 'mixin', 'object', 'only', 'package', 'program', 'test', 'var', '{', EOF, comment, not \"}\", whitespace\n","stack":"Error: Failed to parse pgmProgram.wpgm: \n-- PARSING FAILED --------------------------------------------------\n\n  52 |       }\n  53 |     })\n> 54 |   })\n     |   ^\n  55 | \n  56 | \t\n\nExpected one of the following: \n\n'@', 'class', 'const', 'describe', 'mixin', 'object', 'only', 'package', 'program', 'test', 'var', '{', EOF, comment, not \"}\", whitespace\n\n    at c:\\Users\\agust\\.vscode\\extensions\\uqbar.wollok-lsp-ide-0.5.3\\out\\server\\src\\server.js:2348:13026\n    at Array.map (<anonymous>)\n    at W1n (c:\\Users\\agust\\.vscode\\extensions\\uqbar.wollok-lsp-ide-0.5.3\\out\\server\\src\\server.js:2348:12950)\n    at U2.buildEnvironmentFrom (c:\\Users\\agust\\.vscode\\extensions\\uqbar.wollok-lsp-ide-0.5.3\\out\\server\\src\\server.js:2393:5254)\n    at U2.updateEnvironmentWith (c:\\Users\\agust\\.vscode\\extensions\\uqbar.wollok-lsp-ide-0.5.3\\out\\server\\src\\server.js:2393:4989)\n    at JF (c:\\Users\\agust\\.vscode\\extensions\\uqbar.wollok-lsp-ide-0.5.3\\out\\server\\src\\server.js:2393:7383)\n    at F3.invoke (c:\\Users\\agust\\.vscode\\extensions\\uqbar.wollok-lsp-ide-0.5.3\\out\\server\\src\\server.js:3:157334)\n    at o.fire (c:\\Users\\agust\\.vscode\\extensions\\uqbar.wollok-lsp-ide-0.5.3\\out\\server\\src\\server.js:3:158104)\n    at c:\\Users\\agust\\.vscode\\extensions\\uqbar.wollok-lsp-ide-0.5.3\\out\\server\\src\\server.js:37:57871\n    at Zr (c:\\Users\\agust\\.vscode\\extensions\\uqbar.wollok-lsp-ide-0.5.3\\out\\server\\src\\server.js:8:1561)","timestamp":"2025-09-13T14:53:54.991Z"}
{"level":"info","message":"🚀 Program executed \u001b[3m\u001b[34mpgmProgram.pacmanGame\u001b[39m\u001b[23m on \u001b[3m\u001b[34mc:\\Users\\agust\\Desktop\\Desarrollo\\Universidad\\Programacion con Objetos 1\\pacmanbasicgame-agusalfonsoun\\pacman-13-09-25\u001b[39m\u001b[23m","ok":true,"timeElapsed":244,"timestamp":"2025-09-13T14:54:10.950Z"}
{"exitCode":0,"level":"info","message":"👾 Game executed pgmProgram.pacmanGame on c:\\Users\\agust\\Desktop\\Desarrollo\\Universidad\\Programacion con Objetos 1\\pacmanbasicgame-agusalfonsoun\\pacman-13-09-25","timeElapsed":4780,"timestamp":"2025-09-13T14:54:15.485Z"}
